instrument,row_id,rank,decision_time,trading_day,position_prev,position_now,abs_position_change,rel_dOI_5m,abs_rel_dOI_5m,oi_window_crosses_gap
AG,28648,1,2026-01-29 23:20:00,2026-01-30,281967.0,268320.0,-13647.0,-0.048399280766898256,0.048399280766898256,False
AG,26354,2,2025-12-29 14:55:00,2025-12-29,236862.0,229980.0,-6882.0,-0.029054892722344655,0.029054892722344655,False
AG,27190,3,2026-01-12 22:05:00,2026-01-13,325164.0,318069.0,-7095.0,-0.021819758644868435,0.021819758644868435,False
AG,26577,4,2026-01-05 09:00:00,2025-12-31,227627.0,222892.0,-4735.0,-0.020801574505660576,0.020801574505660576,False
AG,20627,5,2025-10-17 00:40:00,2025-10-17,501835.0,492808.0,-9027.0,-0.01798798409835902,0.01798798409835902,False
AG,26355,6,2025-12-29 21:00:00,2025-12-29,229980.0,225916.0,-4064.0,-0.01767110183494217,0.01767110183494217,False
AG,17002,7,2025-08-22 22:20:00,2025-08-25,312290.0,317776.0,5486.0,0.0175670050273784,0.0175670050273784,False
AG,26283,8,2025-12-27 00:15:00,2025-12-29,272362.0,267607.0,-4755.0,-0.0174583825937539,0.0174583825937539,False
AG,13656,9,2025-07-11 21:00:00,2025-07-11,410044.0,402953.0,-7091.0,-0.01729326608851733,0.01729326608851733,False
AG,43894,10,2026-08-28 14:50:00,2026-08-28,253357.0,257674.0,4317.0,0.017039197653903385,0.017039197653903385,False
AG,14790,11,2025-07-25 23:00:00,2025-07-28,437744.0,430847.0,-6897.0,-0.015755784202638984,0.015755784202638984,False
AG,26576,12,2025-12-31 14:55:00,2025-12-31,231238.0,227627.0,-3611.0,-0.01561594547608957,0.01561594547608957,False
AG,17001,13,2025-08-22 22:15:00,2025-08-25,307675.0,312290.0,4615.0,0.014999593727147152,0.014999593727147152,False
AG,31995,14,2026-03-23 21:00:00,2026-03-23,226013.0,222721.0,-3292.0,-0.01456553384097375,0.01456553384097375,False
AG,26635,15,2026-01-05 22:05:00,2026-01-06,246137.0,249722.0,3585.0,0.014565059296245587,0.014565059296245587,False
AG,26637,16,2026-01-05 22:15:00,2026-01-06,253054.0,256612.0,3558.0,0.014060240106854664,0.014060240106854664,False
AG,43910,17,2026-08-28 22:10:00,2026-08-31,263368.0,259676.0,-3692.0,-0.014018407703289694,0.014018407703289694,False
AG,43895,18,2026-08-28 14:55:00,2026-08-28,257674.0,261236.0,3562.0,0.013823668666609747,0.013823668666609747,False
AG,23380,19,2025-11-20 22:50:00,2025-11-21,360288.0,365238.0,4950.0,0.013739008792965628,0.013739008792965628,False
AG,24820,20,2025-12-09 22:35:00,2025-12-10,440472.0,446377.0,5905.0,0.013406073484807208,0.013406073484807208,False
AU,28648,1,2026-01-29 23:20:00,2026-01-30,206955.0,201496.0,-5459.0,-0.02637771496218985,0.02637771496218985,False
AU,36414,2,2026-05-25 21:00:00,2026-05-25,74545.0,75592.0,1047.0,0.014045207592729224,0.014045207592729224,False
AU,31786,3,2026-03-19 22:05:00,2026-03-20,77635.0,76748.0,-887.0,-0.011425259225864622,0.011425259225864622,False
AU,25628,4,2025-12-19 01:10:00,2025-12-19,198962.0,196890.0,-2072.0,-0.01041404891386295,0.01041404891386295,False
AU,30689,5,2026-03-05 23:10:00,2026-03-06,117611.0,118676.0,1065.0,0.00905527544192295,0.00905527544192295,False
AU,25800,6,2025-12-22 21:00:00,2025-12-22,200498.0,202290.0,1792.0,0.008937745014912866,0.008937745014912866,False
AU,31773,7,2026-03-19 21:00:00,2026-03-19,79196.0,78537.0,-659.0,-0.008321127329663114,0.008321127329663114,False
AU,14025,8,2025-07-17 00:00:00,2025-07-17,206206.0,204491.0,-1715.0,-0.008316925792653949,0.008316925792653949,False
AU,17556,9,2025-08-29 22:15:00,2025-09-01,141429.0,142557.0,1128.0,0.007975733406868465,0.007975733406868465,False
AU,31995,10,2026-03-23 21:00:00,2026-03-23,63242.0,62764.0,-478.0,-0.0075582682394611175,0.0075582682394611175,False
AU,25930,11,2025-12-23 22:35:00,2025-12-24,196972.0,195520.0,-1452.0,-0.007371606116605406,0.007371606116605406,False
AU,28797,12,2026-02-02 09:00:00,2026-02-02,190829.0,189432.0,-1397.0,-0.0073206902514816935,0.0073206902514816935,False
AU,29769,13,2026-02-13 00:15:00,2026-02-13,154904.0,156026.0,1122.0,0.007243195785776997,0.007243195785776997,False
AU,25617,14,2025-12-19 00:15:00,2025-12-19,195986.0,197402.0,1416.0,0.007225005867766065,0.007225005867766065,False
AU,18981,15,2025-09-17 14:45:00,2025-09-17,97235.0,96540.0,-695.0,-0.00714763202550522,0.00714763202550522,False
AU,40476,16,2026-07-16 22:45:00,2026-07-17,109006.0,109777.0,771.0,0.007073005155679504,0.007073005155679504,False
AU,28285,17,2026-01-26 14:50:00,2026-01-26,215173.0,216685.0,1512.0,0.007026903933114285,0.007026903933114285,False
AU,31992,18,2026-03-23 14:45:00,2026-03-23,63938.0,63490.0,-448.0,-0.007006787825706153,0.007006787825706153,False
AU,40138,19,2026-07-13 22:20:00,2026-07-14,120174.0,121014.0,840.0,0.006989864696190524,0.006989864696190524,False
AU,27856,20,2026-01-20 22:05:00,2026-01-21,195798.0,197151.0,1353.0,0.0069101829436460024,0.0069101829436460024,False
CU,24058,1,2026-01-29 23:20:00,2026-01-30,243024.0,238326.0,-4698.0,-0.019331424056883272,0.019331424056883272,False
CU,16421,2,2025-09-24 22:10:00,2025-09-25,200787.0,203478.0,2691.0,0.013402262098641845,0.013402262098641845,False
CU,16420,3,2025-09-24 22:05:00,2025-09-25,198138.0,200787.0,2649.0,0.013369469763498168,0.013369469763498168,False
CU,22122,4,2025-12-29 14:45:00,2025-12-29,242829.0,239596.0,-3233.0,-0.013313895786747052,0.013313895786747052,False
CU,22928,5,2026-01-13 22:10:00,2026-01-14,225317.0,228185.0,2868.0,0.012728733295756646,0.012728733295756646,False
CU,21841,6,2025-12-24 14:35:00,2025-12-24,253204.0,256397.0,3193.0,0.012610385301969953,0.012610385301969953,False
CU,28786,7,2026-04-22 22:20:00,2026-04-23,208215.0,210388.0,2173.0,0.010436327834209832,0.010436327834209832,False
CU,17752,8,2025-10-23 14:50:00,2025-10-23,243011.0,245531.0,2520.0,0.010369900950985758,0.010369900950985758,False
CU,22124,9,2025-12-29 14:55:00,2025-12-29,238448.0,236036.0,-2412.0,-0.010115413004093136,0.010115413004093136,False
CU,28785,10,2026-04-22 22:15:00,2026-04-23,206164.0,208215.0,2051.0,0.009948390601656934,0.009948390601656934,False
CU,16423,11,2025-09-24 22:20:00,2025-09-25,204454.0,206427.0,1973.0,0.009650092441331547,0.009650092441331547,False
CU,17753,12,2025-10-23 14:55:00,2025-10-23,245531.0,247896.0,2365.0,0.00963218493795081,0.00963218493795081,False
CU,28795,13,2026-04-22 23:05:00,2026-04-23,215641.0,217614.0,1973.0,0.009149466010638051,0.009149466010638051,False
CU,16425,14,2025-09-24 22:30:00,2025-09-25,207059.0,208929.0,1870.0,0.009031242302918492,0.009031242302918492,False
CU,28787,15,2026-04-22 22:25:00,2026-04-23,210388.0,212264.0,1876.0,0.008916858375953001,0.008916858375953001,False
CU,17445,16,2025-10-20 10:30:00,2025-10-20,222855.0,224810.0,1955.0,0.008772520248592134,0.008772520248592134,False
CU,16432,17,2025-09-24 23:05:00,2025-09-25,214546.0,216415.0,1869.0,0.008711418530291871,0.008711418530291871,False
CU,22139,18,2025-12-29 22:10:00,2025-12-30,230203.0,228212.0,-1991.0,-0.0086488881552369,0.0086488881552369,False
CU,21132,19,2025-12-12 23:30:00,2025-12-15,181544.0,180030.0,-1514.0,-0.00833957608072974,0.00833957608072974,False
CU,21842,20,2025-12-24 14:40:00,2025-12-24,256397.0,258481.0,2084.0,0.008128020218645305,0.008128020218645305,False
AL,24058,1,2026-01-29 23:20:00,2026-01-30,343989.0,329889.0,-14100.0,-0.04098968280962473,0.04098968280962473,False
AL,22834,2,2026-01-12 22:05:00,2026-01-13,406018.0,395404.0,-10614.0,-0.026141698151313487,0.026141698151313487,False
AL,28325,3,2026-04-15 22:40:00,2026-04-16,296314.0,303931.0,7617.0,0.025705839076115202,0.025705839076115202,False
AL,14467,4,2025-08-26 22:05:00,2025-08-27,261331.0,266603.0,5272.0,0.020173649509625725,0.020173649509625725,False
AL,25749,5,2026-03-05 21:00:00,2026-03-05,256529.0,251448.0,-5081.0,-0.01980672750449267,0.01980672750449267,False
AL,28322,6,2026-04-15 22:25:00,2026-04-16,281815.0,287070.0,5255.0,0.018646984724021078,0.018646984724021078,False
AL,28324,7,2026-04-15 22:35:00,2026-04-16,291192.0,296314.0,5122.0,0.01758976894969642,0.01758976894969642,False
AL,22122,8,2025-12-29 14:45:00,2025-12-29,299837.0,295043.0,-4794.0,-0.015988687186704775,0.015988687186704775,False
AL,22838,9,2026-01-12 22:25:00,2026-01-13,390560.0,384341.0,-6219.0,-0.01592328963539533,0.01592328963539533,False
AL,23857,10,2026-01-27 22:05:00,2026-01-28,317775.0,322652.0,4877.0,0.015347336952246085,0.015347336952246085,False
AL,22031,11,2025-12-26 14:55:00,2025-12-26,308638.0,304039.0,-4599.0,-0.014900951924260785,0.014900951924260785,False
AL,22032,12,2025-12-26 21:00:00,2025-12-26,304039.0,299641.0,-4398.0,-0.014465249523909762,0.014465249523909762,False
AL,28323,13,2026-04-15 22:30:00,2026-04-16,287070.0,291192.0,4122.0,0.014358867175253422,0.014358867175253422,False
AL,22928,14,2026-01-13 22:10:00,2026-01-14,383059.0,388163.0,5104.0,0.013324318185971351,0.013324318185971351,False
AL,16794,15,2025-10-09 10:30:00,2025-10-09,197743.0,200370.0,2627.0,0.013284920325877528,0.013284920325877528,False
AL,23859,16,2026-01-27 22:15:00,2026-01-28,322159.0,317884.0,-4275.0,-0.013269845014418346,0.013269845014418346,False
AL,32854,17,2026-06-30 14:35:00,2026-06-30,300329.0,296411.0,-3918.0,-0.013045693223098669,0.013045693223098669,False
AL,22728,18,2026-01-09 21:00:00,2026-01-09,191463.0,188993.0,-2470.0,-0.01290066488042076,0.01290066488042076,False
AL,16793,19,2025-10-09 10:10:00,2025-10-09,195327.0,197743.0,2416.0,0.012369001725311912,0.012369001725311912,False
AL,24028,20,2026-01-29 14:50:00,2026-01-29,351352.0,347014.0,-4338.0,-0.012346592590905986,0.012346592590905986,False
SN,25053,1,2026-02-24 09:00:00,2026-02-13,24890.0,23697.0,-1193.0,-0.04793089594214544,0.04793089594214544,False
SN,12408,2,2025-07-25 21:00:00,2025-07-25,11895.0,11350.0,-545.0,-0.045817570407734334,0.045817570407734334,False
SN,24058,3,2026-01-29 23:20:00,2026-01-30,51940.0,49852.0,-2088.0,-0.04020023103581055,0.04020023103581055,False
SN,34918,4,2026-07-30 22:05:00,2026-07-31,53182.0,54875.0,1693.0,0.031834079199729234,0.031834079199729234,False
SN,22071,5,2025-12-27 00:15:00,2025-12-29,58544.0,56697.0,-1847.0,-0.031548920470073794,0.031548920470073794,False
SN,22144,6,2025-12-29 22:35:00,2025-12-30,54590.0,52879.0,-1711.0,-0.031342736764975274,0.031342736764975274,False
SN,14516,7,2025-08-27 10:10:00,2025-08-27,31515.0,32445.0,930.0,0.029509757258448358,0.029509757258448358,False
SN,16700,8,2025-09-29 22:10:00,2025-09-30,32870.0,33805.0,935.0,0.028445390933982354,0.028445390933982354,False
SN,34254,9,2026-07-21 21:00:00,2026-07-21,31464.0,30588.0,-876.0,-0.02784134248665141,0.02784134248665141,False
SN,20006,10,2025-11-26 22:40:00,2025-11-27,48328.0,49639.0,1311.0,0.02712713126965734,0.02712713126965734,False
SN,21396,11,2025-12-17 22:15:00,2025-12-18,35988.0,35017.0,-971.0,-0.026981215960875847,0.026981215960875847,False
SN,23751,12,2026-01-26 21:00:00,2026-01-26,56729.0,55233.0,-1496.0,-0.02637099190890021,0.02637099190890021,False
SN,22143,13,2025-12-29 22:30:00,2025-12-30,53190.0,54590.0,1400.0,0.02632073698063546,0.02632073698063546,False
SN,22065,14,2025-12-26 23:45:00,2025-12-29,55686.0,57139.0,1453.0,0.02609273425995762,0.02609273425995762,False
SN,24055,15,2026-01-29 23:05:00,2026-01-30,54773.0,53348.0,-1425.0,-0.02601646796779435,0.02601646796779435,False
SN,32256,16,2026-06-22 09:00:00,2026-06-18,27739.0,27025.0,-714.0,-0.025739932946393165,0.025739932946393165,False
SN,16699,17,2025-09-29 22:05:00,2025-09-30,32074.0,32870.0,796.0,0.02481760927854337,0.02481760927854337,False
SN,21102,18,2025-12-12 21:00:00,2025-12-12,49527.0,48298.0,-1229.0,-0.024814747511458398,0.024814747511458398,False
SN,28143,19,2026-04-13 23:00:00,2026-04-14,34102.0,34940.0,838.0,0.02457333880710809,0.02457333880710809,False
SN,23859,20,2026-01-27 22:15:00,2026-01-28,58980.0,57535.0,-1445.0,-0.024499830451000338,0.024499830451000338,False
NI,24801,1,2026-02-10 23:15:00,2026-02-11,83039.0,86152.0,3113.0,0.03748840906080275,0.03748840906080275,False
NI,18123,2,2025-10-29 14:45:00,2025-10-29,116099.0,112517.0,-3582.0,-0.030852978923160405,0.030852978923160405,False
NI,23751,3,2026-01-26 21:00:00,2026-01-26,57762.0,56018.0,-1744.0,-0.030192860358020844,0.030192860358020844,False
NI,24058,4,2026-01-29 23:20:00,2026-01-30,139712.0,135533.0,-4179.0,-0.02991153229500687,0.02991153229500687,False
NI,23193,5,2026-01-16 21:00:00,2026-01-16,100644.0,97725.0,-2919.0,-0.029003219267914628,0.029003219267914628,False
NI,23241,6,2026-01-19 09:00:00,2026-01-19,92602.0,89925.0,-2677.0,-0.02890866287985141,0.02890866287985141,False
NI,23706,7,2026-01-26 09:00:00,2026-01-26,66161.0,64302.0,-1859.0,-0.02809812427260773,0.02809812427260773,False
NI,30625,8,2026-05-26 00:35:00,2026-05-26,73340.0,71305.0,-2035.0,-0.02774747750204527,0.02774747750204527,False
NI,22311,9,2026-01-05 09:00:00,2025-12-31,136022.0,132795.0,-3227.0,-0.023724103453853052,0.023724103453853052,False
NI,18031,10,2025-10-28 14:50:00,2025-10-28,113958.0,116641.0,2683.0,0.023543761736780217,0.023543761736780217,False
NI,23613,11,2026-01-23 09:00:00,2026-01-23,71160.0,69545.0,-1615.0,-0.022695334457560428,0.022695334457560428,False
NI,23799,12,2026-01-27 09:00:00,2026-01-27,52120.0,50940.0,-1180.0,-0.02264006139677667,0.02264006139677667,False
NI,23658,13,2026-01-23 21:00:00,2026-01-23,70133.0,68596.0,-1537.0,-0.021915503400681564,0.021915503400681564,False
NI,25053,14,2026-02-24 09:00:00,2026-02-13,58151.0,56904.0,-1247.0,-0.0214441712094375,0.0214441712094375,False
NI,23937,15,2026-01-28 21:00:00,2026-01-28,28476.0,27881.0,-595.0,-0.02089478859390364,0.02089478859390364,False
NI,23582,16,2026-01-22 22:25:00,2026-01-23,71337.0,72814.0,1477.0,0.0207045432244137,0.0207045432244137,False
NI,23379,17,2026-01-20 21:00:00,2026-01-20,80655.0,79005.0,-1650.0,-0.02045750418448949,0.02045750418448949,False
NI,21779,18,2025-12-23 23:10:00,2025-12-24,159589.0,156328.0,-3261.0,-0.020433739167486482,0.020433739167486482,False
NI,23055,19,2026-01-15 09:00:00,2026-01-15,122845.0,120357.0,-2488.0,-0.020253164556962026,0.020253164556962026,False
NI,27051,20,2026-03-25 21:00:00,2026-03-25,192666.0,188819.0,-3847.0,-0.01996719711832913,0.01996719711832913,False
RB,25194,1,2026-07-14 14:45:00,2026-07-14,2121916.0,2090321.0,-31595.0,-0.014889844838344213,0.014889844838344213,False
RB,25195,2,2026-07-14 14:50:00,2026-07-14,2090321.0,2060540.0,-29781.0,-0.014247094106598938,0.014247094106598938,False
RB,14760,3,2025-11-24 21:00:00,2025-11-24,1451504.0,1432705.0,-18799.0,-0.012951393864570818,0.012951393864570818,False
RB,9288,4,2025-07-28 09:00:00,2025-07-28,1948687.0,1926388.0,-22299.0,-0.011443089629068188,0.011443089629068188,False
RB,16801,5,2026-01-07 14:35:00,2026-01-07,1684843.0,1703813.0,18970.0,0.011259209315051907,0.011259209315051907,False
RB,9193,6,2025-07-24 14:50:00,2025-07-24,1944876.0,1924845.0,-20031.0,-0.010299371270970489,0.010299371270970489,False
RB,9746,7,2025-08-05 14:55:00,2025-08-05,1742175.0,1724616.0,-17559.0,-0.01007878083430195,0.01007878083430195,False
RB,11787,8,2025-09-16 10:30:00,2025-09-16,1997012.0,2016337.0,19325.0,0.00967695737431723,0.00967695737431723,False
RB,21310,9,2026-04-20 14:50:00,2026-04-20,1541329.0,1555610.0,14281.0,0.009265380720144758,0.009265380720144758,False
RB,9747,10,2025-08-05 21:00:00,2025-08-05,1724616.0,1708832.0,-15784.0,-0.009152182282896599,0.009152182282896599,False
RB,15519,11,2025-12-09 21:00:00,2025-12-09,1608086.0,1593746.0,-14340.0,-0.00891743352034655,0.00891743352034655,False
RB,9280,12,2025-07-25 22:20:00,2025-07-28,2004351.0,1986504.0,-17847.0,-0.008904129067214276,0.008904129067214276,False
RB,9540,13,2025-07-31 21:00:00,2025-07-31,1831296.0,1816026.0,-15270.0,-0.008338357097924094,0.008338357097924094,False
RB,21307,14,2026-04-20 14:35:00,2026-04-20,1517398.0,1529808.0,12410.0,0.008178473940258259,0.008178473940258259,False
RB,9057,15,2025-07-22 21:00:00,2025-07-22,2040682.0,2024488.0,-16194.0,-0.007935582320028304,0.007935582320028304,False
RB,10989,16,2025-08-29 21:00:00,2025-08-29,1063923.0,1055710.0,-8213.0,-0.007719543613588577,0.007719543613588577,False
RB,9287,17,2025-07-25 22:55:00,2025-07-28,1963814.0,1948687.0,-15127.0,-0.007702867990553077,0.007702867990553077,False
RB,26922,18,2026-08-18 21:00:00,2026-08-18,2009183.0,1994363.0,-14820.0,-0.007376132487682804,0.007376132487682804,False
RB,16803,19,2026-01-07 14:45:00,2026-01-07,1709627.0,1722067.0,12440.0,0.007276441001458213,0.007276441001458213,False
RB,10987,20,2025-08-29 14:50:00,2025-08-29,1077606.0,1069818.0,-7788.0,-0.0072271312520531625,0.0072271312520531625,False
I,16732,1,2026-01-06 14:35:00,2026-01-06,626067.0,635382.0,9315.0,0.014878599255351264,0.014878599255351264,False
I,11263,2,2025-09-04 14:50:00,2025-09-04,501083.0,507040.0,5957.0,0.011888250050390854,0.011888250050390854,False
I,21859,3,2026-04-30 14:35:00,2026-04-30,607817.0,614822.0,7005.0,0.01152485040727719,0.01152485040727719,False
I,26367,4,2026-08-06 14:45:00,2026-08-06,391783.0,387433.0,-4350.0,-0.011103085126205068,0.011103085126205068,False
I,23630,5,2026-06-10 14:40:00,2026-06-10,585517.0,579035.0,-6482.0,-0.011070558156296059,0.011070558156296059,False
I,12507,6,2025-10-09 09:00:00,2025-09-30,452274.0,447365.0,-4909.0,-0.010854039807727174,0.010854039807727174,False
I,26644,7,2026-08-12 14:50:00,2026-08-12,264538.0,261670.0,-2868.0,-0.01084154261391558,0.01084154261391558,False
I,26868,8,2026-08-17 22:15:00,2026-08-18,516495.0,511021.0,-5474.0,-0.010598360100291387,0.010598360100291387,False
I,26368,9,2026-08-06 14:50:00,2026-08-06,387433.0,383432.0,-4001.0,-0.010326946852746152,0.010326946852746152,False
I,25197,10,2026-07-14 21:00:00,2026-07-14,550900.0,545267.0,-5633.0,-0.010225086222544926,0.010225086222544926,False
I,20646,11,2026-04-07 09:00:00,2026-04-03,303455.0,300491.0,-2964.0,-0.009767510833566756,0.009767510833566756,False
I,20760,12,2026-04-08 21:00:00,2026-04-08,269134.0,266544.0,-2590.0,-0.009623458946101199,0.009623458946101199,False
I,24589,13,2026-07-01 22:05:00,2026-07-02,617662.0,611757.0,-5905.0,-0.009560244923598991,0.009560244923598991,False
I,15405,14,2025-12-08 09:00:00,2025-12-08,243118.0,240844.0,-2274.0,-0.009353482670966362,0.009353482670966362,False
I,15381,15,2025-12-05 21:00:00,2025-12-05,254198.0,251897.0,-2301.0,-0.009051998835553387,0.009051998835553387,False
I,22668,16,2026-05-21 21:00:00,2026-05-21,631618.0,625910.0,-5708.0,-0.009037107872163238,0.009037107872163238,False
I,9539,17,2025-07-31 14:55:00,2025-07-31,426150.0,422438.0,-3712.0,-0.008710547929132935,0.008710547929132935,False
I,14760,18,2025-11-24 21:00:00,2025-11-24,453664.0,449760.0,-3904.0,-0.008605487761867814,0.008605487761867814,False
I,9535,19,2025-07-31 14:35:00,2025-07-31,433718.0,429991.0,-3727.0,-0.00859314116545774,0.00859314116545774,False
I,26508,20,2026-08-10 21:00:00,2026-08-10,332273.0,329492.0,-2781.0,-0.008369623773222621,0.008369623773222621,False
SC,30660,1,2026-03-05 14:55:00,2026-03-05,39639.0,36978.0,-2661.0,-0.06713085597517596,0.06713085597517596,False
SC,28648,2,2026-01-29 23:20:00,2026-01-30,51616.0,48542.0,-3074.0,-0.05955517668939864,0.05955517668939864,False
SC,40342,3,2026-07-15 21:00:00,2026-07-15,21969.0,23172.0,1203.0,0.05475897856069917,0.05475897856069917,False
SC,28953,4,2026-02-03 21:00:00,2026-02-03,31765.0,32924.0,1159.0,0.036486699197229654,0.036486699197229654,False
SC,42673,5,2026-08-13 21:00:00,2026-08-13,25583.0,24719.0,-864.0,-0.03377242700230622,0.03377242700230622,False
SC,20472,6,2025-10-15 21:00:00,2025-10-15,22492.0,23219.0,727.0,0.03232260359238841,0.03232260359238841,False
SC,30661,7,2026-03-05 21:00:00,2026-03-05,36978.0,35820.0,-1158.0,-0.03131591757261074,0.03131591757261074,False
SC,30577,8,2026-03-04 23:15:00,2026-03-05,41920.0,40621.0,-1299.0,-0.030987595419847327,0.030987595419847327,False
SC,44157,9,2026-09-02 00:25:00,2026-09-02,42817.0,44100.0,1283.0,0.02996473363383703,0.02996473363383703,False
SC,15690,10,2025-08-07 00:00:00,2025-08-07,33008.0,33956.0,948.0,0.028720310227823558,0.028720310227823558,False
SC,15337,11,2025-08-01 22:20:00,2025-08-04,32711.0,31806.0,-905.0,-0.0276665341933906,0.0276665341933906,False
SC,42895,12,2026-08-17 21:00:00,2026-08-17,15277.0,14887.0,-390.0,-0.025528572363683968,0.025528572363683968,False
SC,13722,13,2025-07-14 09:00:00,2025-07-14,22945.0,22373.0,-572.0,-0.024929178470254956,0.024929178470254956,False
SC,14211,14,2025-07-18 21:00:00,2025-07-18,9947.0,9707.0,-240.0,-0.024127877752086052,0.024127877752086052,False
SC,13833,15,2025-07-15 09:00:00,2025-07-15,20420.0,19935.0,-485.0,-0.023751224289911853,0.023751224289911853,False
SC,14208,16,2025-07-18 14:45:00,2025-07-18,10402.0,10159.0,-243.0,-0.023360892136127662,0.023360892136127662,False
SC,13878,17,2025-07-15 21:00:00,2025-07-15,18094.0,18513.0,419.0,0.023156847573781364,0.023156847573781364,False
SC,30838,18,2026-03-09 09:00:00,2026-03-09,38292.0,37416.0,-876.0,-0.02287684111563773,0.02287684111563773,False
SC,33592,19,2026-04-14 21:00:00,2026-04-14,31052.0,31735.0,683.0,0.021995362617544763,0.021995362617544763,False
SC,15001,20,2025-07-29 22:05:00,2025-07-30,38907.0,39735.0,828.0,0.021281517464723572,0.021281517464723572,False
RU,8874,1,2025-07-18 09:00:00,2025-07-18,152318.0,148261.0,-4057.0,-0.02663506611168739,0.02663506611168739,False
RU,24921,2,2026-07-08 21:00:00,2026-07-08,132766.0,129571.0,-3195.0,-0.02406489613304611,0.02406489613304611,False
RU,20644,3,2026-04-03 14:50:00,2026-04-03,58446.0,57273.0,-1173.0,-0.02006980802792321,0.02006980802792321,False
RU,20646,4,2026-04-07 09:00:00,2026-04-03,56647.0,55553.0,-1094.0,-0.0193125849559553,0.0193125849559553,False
RU,11279,5,2025-09-04 22:10:00,2025-09-05,143510.0,146247.0,2737.0,0.019071841683506376,0.019071841683506376,False
RU,20760,6,2026-04-08 21:00:00,2026-04-08,48617.0,47746.0,-871.0,-0.017915543945533456,0.017915543945533456,False
RU,16276,7,2025-12-24 14:50:00,2025-12-24,162772.0,165597.0,2825.0,0.017355564839161525,0.017355564839161525,False
RU,14991,8,2025-11-28 09:00:00,2025-11-28,92281.0,90760.0,-1521.0,-0.0164822661219536,0.0164822661219536,False
RU,15256,9,2025-12-03 22:05:00,2025-12-04,114435.0,116312.0,1877.0,0.01640232446366933,0.01640232446366933,False
RU,20829,10,2026-04-09 21:00:00,2026-04-09,156907.0,154416.0,-2491.0,-0.015875646083348734,0.015875646083348734,False
RU,8457,11,2025-07-09 22:45:00,2025-07-10,153323.0,155726.0,2403.0,0.01567279534055556,0.01567279534055556,False
RU,25910,12,2026-07-28 22:55:00,2026-07-29,113495.0,111727.0,-1768.0,-0.015577778756773426,0.015577778756773426,False
RU,11288,13,2025-09-04 22:55:00,2025-09-05,149188.0,151504.0,2316.0,0.015524036785800466,0.015524036785800466,False
RU,15903,14,2025-12-17 10:30:00,2025-12-17,135278.0,137308.0,2030.0,0.015006135513535091,0.015006135513535091,False
RU,9193,15,2025-07-24 14:50:00,2025-07-24,133855.0,131891.0,-1964.0,-0.014672593478017257,0.014672593478017257,False
RU,18684,16,2026-02-24 10:30:00,2026-02-24,150725.0,152748.0,2023.0,0.013421794659147454,0.013421794659147454,False
RU,8460,17,2025-07-10 09:00:00,2025-07-10,156834.0,154753.0,-2081.0,-0.013268806508792736,0.013268806508792736,False
RU,10668,18,2025-08-25 09:00:00,2025-08-25,131221.0,129544.0,-1677.0,-0.012779966621196303,0.012779966621196303,False
RU,15036,19,2025-11-28 21:00:00,2025-11-28,80625.0,79595.0,-1030.0,-0.012775193798449613,0.012775193798449613,False
RU,22042,20,2026-05-08 14:35:00,2026-05-08,212885.0,210230.0,-2655.0,-0.012471522183338421,0.012471522183338421,False
MA,19081,1,2026-03-03 22:50:00,2026-03-04,977564.0,950686.0,-26878.0,-0.02749487501585574,0.02749487501585574,False
MA,20760,2,2026-04-08 21:00:00,2026-04-08,495838.0,482989.0,-12849.0,-0.02591370568613136,0.02591370568613136,False
MA,19196,3,2026-03-05 14:55:00,2026-03-05,735782.0,717321.0,-18461.0,-0.025090312076131244,0.025090312076131244,False
MA,20967,4,2026-04-13 21:00:00,2026-04-13,370561.0,361418.0,-9143.0,-0.024673400600710813,0.024673400600710813,False
MA,20784,5,2026-04-09 09:00:00,2026-04-09,464802.0,453400.0,-11402.0,-0.024530875512583854,0.024530875512583854,False
MA,19833,6,2026-03-18 22:15:00,2026-03-19,669678.0,686019.0,16341.0,0.024401279420855994,0.024401279420855994,False
MA,20898,7,2026-04-10 21:00:00,2026-04-10,427924.0,417879.0,-10045.0,-0.023473794412091867,0.023473794412091867,False
MA,20922,8,2026-04-13 09:00:00,2026-04-13,415558.0,406000.0,-9558.0,-0.02300039946289086,0.02300039946289086,False
MA,20601,9,2026-04-03 09:00:00,2026-04-03,564595.0,552085.0,-12510.0,-0.022157475712679,0.022157475712679,False
MA,20325,10,2026-03-30 09:00:00,2026-03-30,691913.0,677155.0,-14758.0,-0.021329271165594518,0.021329271165594518,False
MA,27774,11,2026-09-04 09:00:00,2026-09-04,651548.0,637743.0,-13805.0,-0.021188001497970985,0.021188001497970985,False
MA,26715,12,2026-08-13 21:00:00,2026-08-13,289921.0,283835.0,-6086.0,-0.020991925386570826,0.020991925386570826,False
MA,19773,13,2026-03-18 09:00:00,2026-03-18,647286.0,633734.0,-13552.0,-0.020936649332752445,0.020936649332752445,False
MA,20853,14,2026-04-10 09:00:00,2026-04-10,443483.0,434273.0,-9210.0,-0.0207674251324177,0.0207674251324177,False
MA,25428,15,2026-07-20 09:00:00,2026-07-20,671989.0,658094.0,-13895.0,-0.020677421803035466,0.020677421803035466,False
MA,20991,16,2026-04-14 09:00:00,2026-04-14,342239.0,335243.0,-6996.0,-0.020441854961006783,0.020441854961006783,False
MA,19197,17,2026-03-05 21:00:00,2026-03-05,717321.0,702756.0,-14565.0,-0.020304717135006502,0.020304717135006502,False
MA,19842,18,2026-03-19 09:00:00,2026-03-19,680786.0,667328.0,-13458.0,-0.019768326610711737,0.019768326610711737,False
MA,26325,19,2026-08-06 09:00:00,2026-08-06,531891.0,521769.0,-10122.0,-0.019030214837250488,0.019030214837250488,False
MA,20508,20,2026-04-01 21:00:00,2026-04-01,566555.0,555903.0,-10652.0,-0.018801352031135546,0.018801352031135546,False
TA,16026,1,2025-12-19 09:00:00,2025-12-19,950160.0,970828.0,20668.0,0.021752125957733435,0.021752125957733435,False
TA,19197,2,2026-03-05 21:00:00,2026-03-05,1408292.0,1385506.0,-22786.0,-0.016179883149233257,0.016179883149233257,False
TA,20116,3,2026-03-24 22:50:00,2026-03-25,986319.0,970667.0,-15652.0,-0.015869105228632926,0.015869105228632926,False
TA,15349,4,2025-12-05 10:05:00,2025-12-05,803833.0,791095.0,-12738.0,-0.015846575097066183,0.015846575097066183,False
TA,9288,5,2025-07-28 09:00:00,2025-07-28,1034311.0,1019275.0,-15036.0,-0.014537213662041687,0.014537213662041687,False
TA,15726,6,2025-12-12 21:00:00,2025-12-12,461556.0,455444.0,-6112.0,-0.013242163464455017,0.013242163464455017,False
TA,17240,7,2026-01-15 22:40:00,2026-01-16,1374343.0,1356766.0,-17577.0,-0.012789383727351906,0.012789383727351906,False
TA,10752,8,2025-08-26 10:30:00,2025-08-26,1013588.0,1025314.0,11726.0,0.011568803103430586,0.011568803103430586,False
TA,18048,9,2026-02-02 21:00:00,2026-02-02,1402143.0,1386481.0,-15662.0,-0.01117004471013299,0.01117004471013299,False
TA,16416,10,2025-12-26 21:00:00,2025-12-26,1494753.0,1478489.0,-16264.0,-0.010880727451291284,0.010880727451291284,False
TA,20967,11,2026-04-13 21:00:00,2026-04-13,606598.0,600055.0,-6543.0,-0.010786385711789356,0.010786385711789356,False
TA,19492,12,2026-03-11 22:35:00,2026-03-12,1257615.0,1270517.0,12902.0,0.01025910155333707,0.01025910155333707,False
TA,9027,13,2025-07-22 10:30:00,2025-07-22,1060179.0,1049846.0,-10333.0,-0.00974646734183567,0.00974646734183567,False
TA,20508,14,2026-04-01 21:00:00,2026-04-01,848884.0,840810.0,-8074.0,-0.00951131132168824,0.00951131132168824,False
TA,16415,15,2025-12-26 14:55:00,2025-12-26,1508866.0,1494753.0,-14113.0,-0.0093533819437909,0.0093533819437909,False
TA,18990,16,2026-03-02 21:00:00,2026-03-02,1481110.0,1467483.0,-13627.0,-0.009200532033407377,0.009200532033407377,False
TA,21725,17,2026-04-28 14:55:00,2026-04-28,1031814.0,1041292.0,9478.0,0.009185764100894153,0.009185764100894153,False
TA,20980,18,2026-04-13 22:05:00,2026-04-14,580154.0,574863.0,-5291.0,-0.009119992277912416,0.009119992277912416,False
TA,27235,19,2026-08-25 10:05:00,2026-08-25,895440.0,903600.0,8160.0,0.009112838381131064,0.009112838381131064,False
TA,19497,20,2026-03-12 09:00:00,2026-03-12,1263400.0,1251945.0,-11455.0,-0.009066803862593002,0.009066803862593002,False
M,19608,1,2026-03-13 14:45:00,2026-03-13,2008839.0,1988118.0,-20721.0,-0.010314913240931702,0.010314913240931702,False
M,20646,2,2026-04-07 09:00:00,2026-04-03,1103009.0,1092005.0,-11004.0,-0.009976346521197924,0.009976346521197924,False
M,26439,3,2026-08-07 21:00:00,2026-08-07,1056964.0,1047001.0,-9963.0,-0.009426054245934583,0.009426054245934583,False
M,20301,4,2026-03-27 21:00:00,2026-03-27,1535803.0,1521363.0,-14440.0,-0.009402247553885492,0.009402247553885492,False
M,19420,5,2026-03-10 22:20:00,2026-03-11,1986693.0,2004777.0,18084.0,0.00910256390896832,0.00910256390896832,False
M,19423,6,2026-03-10 22:35:00,2026-03-11,2015891.0,1998459.0,-17432.0,-0.008647292933992958,0.008647292933992958,False
M,19956,7,2026-03-20 21:00:00,2026-03-20,1865605.0,1849898.0,-15707.0,-0.008419252735707719,0.008419252735707719,False
M,19558,8,2026-03-12 22:20:00,2026-03-13,2002147.0,2018690.0,16543.0,0.00826263006662348,0.00826263006662348,False
M,8436,9,2025-07-09 21:00:00,2025-07-09,2136774.0,2120335.0,-16439.0,-0.007693373281404584,0.007693373281404584,False
M,8505,10,2025-07-10 21:00:00,2025-07-10,2090923.0,2075754.0,-15169.0,-0.007254690870969424,0.007254690870969424,False
M,27580,11,2026-09-01 10:05:00,2026-09-01,2791135.0,2811099.0,19964.0,0.007152645787466389,0.007152645787466389,False
M,14898,12,2025-11-26 21:00:00,2025-11-26,1413487.0,1403579.0,-9908.0,-0.007009615228155618,0.007009615228155618,False
M,19055,13,2026-03-03 14:40:00,2026-03-03,1965666.0,1952066.0,-13600.0,-0.006918774603620351,0.006918774603620351,False
M,9426,14,2025-07-30 09:00:00,2025-07-30,1462510.0,1452674.0,-9836.0,-0.006725424099664276,0.006725424099664276,False
M,25883,15,2026-07-28 14:40:00,2026-07-28,1842291.0,1829992.0,-12299.0,-0.006675926875830148,0.006675926875830148,False
M,19335,16,2026-03-09 21:00:00,2026-03-09,1948003.0,1935418.0,-12585.0,-0.006460462329883476,0.006460462329883476,False
M,20760,17,2026-04-08 21:00:00,2026-04-08,948906.0,942801.0,-6105.0,-0.00643372473142756,0.00643372473142756,False
M,19054,18,2026-03-03 14:35:00,2026-03-03,1978361.0,1965666.0,-12695.0,-0.0064169279519764085,0.0064169279519764085,False
M,9950,19,2025-08-08 14:40:00,2025-08-08,1084465.0,1077682.0,-6783.0,-0.006254697016501224,0.006254697016501224,False
M,12162,20,2025-09-23 21:00:00,2025-09-23,2019670.0,2007056.0,-12614.0,-0.006245574772116237,0.006245574772116237,False
P,20368,1,2026-03-30 14:50:00,2026-03-30,267539.0,274566.0,7027.0,0.026265329540739856,0.026265329540739856,False
P,20369,2,2026-03-30 14:55:00,2026-03-30,274566.0,278661.0,4095.0,0.01491444679967658,0.01491444679967658,False
P,27267,3,2026-08-25 21:00:00,2026-08-25,570883.0,562823.0,-8060.0,-0.014118479618415683,0.014118479618415683,False
P,9623,4,2025-08-01 22:10:00,2025-08-04,382078.0,376972.0,-5106.0,-0.013363763420034652,0.013363763420034652,False
P,15239,5,2025-12-03 14:40:00,2025-12-03,276783.0,273176.0,-3607.0,-0.013031869731883822,0.013031869731883822,False
P,8542,6,2025-07-11 10:05:00,2025-07-11,517634.0,524300.0,6666.0,0.01287782487240019,0.01287782487240019,False
P,19626,7,2026-03-13 22:15:00,2026-03-16,353090.0,357599.0,4509.0,0.012770115268061967,0.012770115268061967,False
P,10023,8,2025-08-11 21:00:00,2025-08-11,303774.0,299985.0,-3789.0,-0.012473088546090185,0.012473088546090185,False
P,9622,9,2025-08-01 22:05:00,2025-08-04,386752.0,382078.0,-4674.0,-0.012085263941750786,0.012085263941750786,False
P,24738,10,2026-07-06 09:00:00,2026-07-06,537268.0,530838.0,-6430.0,-0.01196795640164685,0.01196795640164685,False
P,14508,11,2025-11-19 09:00:00,2025-11-19,418484.0,413601.0,-4883.0,-0.011668307509964539,0.011668307509964539,False
P,22599,12,2026-05-20 21:00:00,2026-05-20,483008.0,477401.0,-5607.0,-0.011608503378826024,0.011608503378826024,False
P,21395,13,2026-04-21 22:10:00,2026-04-22,471416.0,476869.0,5453.0,0.01156727815772057,0.01156727815772057,False
P,11565,14,2025-09-11 09:00:00,2025-09-11,452783.0,447563.0,-5220.0,-0.011528701386757012,0.011528701386757012,False
P,15588,15,2025-12-10 21:00:00,2025-12-10,167290.0,165371.0,-1919.0,-0.011471098093131687,0.011471098093131687,False
P,19628,16,2026-03-13 22:25:00,2026-03-16,358191.0,354093.0,-4098.0,-0.011440823471276498,0.011440823471276498,False
P,20576,17,2026-04-02 14:55:00,2026-04-02,209588.0,207210.0,-2378.0,-0.011346069431456,0.011346069431456,False
P,20508,18,2026-04-01 21:00:00,2026-04-01,220599.0,218125.0,-2474.0,-0.011214919378600991,0.011214919378600991,False
P,13680,19,2025-11-03 09:00:00,2025-11-03,400504.0,396096.0,-4408.0,-0.011006132273335597,0.011006132273335597,False
P,11910,20,2025-09-18 09:00:00,2025-09-18,435889.0,431117.0,-4772.0,-0.010947741282757766,0.010947741282757766,False
CF,15794,1,2025-12-15 14:55:00,2025-12-15,354604.0,348741.0,-5863.0,-0.0165339364474174,0.0165339364474174,False
CF,26988,2,2026-08-19 14:45:00,2026-08-19,510621.0,517531.0,6910.0,0.013532541748185052,0.013532541748185052,False
CF,26990,3,2026-08-19 14:55:00,2026-08-19,523122.0,529138.0,6016.0,0.01150018542519718,0.01150018542519718,False
CF,27443,4,2026-08-28 10:10:00,2026-08-28,597018.0,603469.0,6451.0,0.010805369352347835,0.010805369352347835,False
CF,26989,5,2026-08-19 14:50:00,2026-08-19,517531.0,523122.0,5591.0,0.010803217585033553,0.010803217585033553,False
CF,20898,6,2026-04-10 21:00:00,2026-04-10,669215.0,662041.0,-7174.0,-0.010720022713178875,0.010720022713178875,False
CF,16888,7,2026-01-08 22:05:00,2026-01-09,865905.0,857092.0,-8813.0,-0.010177790866203568,0.010177790866203568,False
CF,19606,8,2026-03-13 14:35:00,2026-03-13,742496.0,735306.0,-7190.0,-0.009683553850795156,0.009683553850795156,False
CF,17373,9,2026-01-19 22:15:00,2026-01-20,793027.0,785630.0,-7397.0,-0.00932755126874621,0.00932755126874621,False
CF,21695,10,2026-04-28 10:10:00,2026-04-28,854253.0,846427.0,-7826.0,-0.00916122038787104,0.00916122038787104,False
CF,10661,11,2025-08-22 22:25:00,2025-08-25,493641.0,498068.0,4427.0,0.008968055732809876,0.008968055732809876,False
CF,24959,12,2026-07-09 10:10:00,2026-07-09,570546.0,566031.0,-4515.0,-0.00791347235805702,0.00791347235805702,False
CF,15726,13,2025-12-12 21:00:00,2025-12-12,400614.0,397499.0,-3115.0,-0.007775564508479484,0.007775564508479484,False
CF,8800,14,2025-07-16 22:35:00,2025-07-17,580308.0,584665.0,4357.0,0.007508081915120935,0.007508081915120935,False
CF,13120,15,2025-10-21 22:20:00,2025-10-22,600517.0,604969.0,4452.0,0.00741361193771367,0.00741361193771367,False
CF,27681,16,2026-09-02 21:00:00,2026-09-02,566855.0,562698.0,-4157.0,-0.007333445060906228,0.007333445060906228,False
CF,18822,17,2026-02-26 10:30:00,2026-02-26,862638.0,856419.0,-6219.0,-0.00720928129760108,0.00720928129760108,False
CF,24438,18,2026-06-29 21:00:00,2026-06-29,560800.0,556865.0,-3935.0,-0.007016761768901569,0.007016761768901569,False
CF,21601,19,2026-04-24 22:05:00,2026-04-27,819902.0,825609.0,5707.0,0.006960587972708933,0.006960587972708933,False
CF,15657,20,2025-12-11 21:00:00,2025-12-11,446756.0,443647.0,-3109.0,-0.006959055950004029,0.006959055950004029,False
LC,6074,1,2025-07-24 14:55:00,2025-07-24,456329.0,440454.0,-15875.0,-0.03478849689587995,0.03478849689587995,False
LC,6570,2,2025-08-11 09:00:00,2025-08-08,331856.0,320706.0,-11150.0,-0.03359891037076322,0.03359891037076322,False
LC,8190,3,2025-09-30 09:00:00,2025-09-29,259800.0,251749.0,-8051.0,-0.03098922247882987,0.03098922247882987,False
LC,6660,4,2025-08-13 09:00:00,2025-08-12,367861.0,356994.0,-10867.0,-0.02954104947249097,0.02954104947249097,False
LC,9405,5,2025-11-14 09:00:00,2025-11-13,552823.0,536514.0,-16309.0,-0.029501305119360083,0.029501305119360083,False
LC,7020,6,2025-08-25 09:00:00,2025-08-22,372077.0,362254.0,-9823.0,-0.02640044936935097,0.02640044936935097,False
LC,10842,7,2025-12-29 14:45:00,2025-12-29,538829.0,524746.0,-14083.0,-0.026136306694702773,0.026136306694702773,False
LC,5985,8,2025-07-23 09:00:00,2025-07-22,422392.0,411638.0,-10754.0,-0.02545976249550181,0.02545976249550181,False
LC,9585,9,2025-11-20 09:00:00,2025-11-19,516188.0,503132.0,-13056.0,-0.02529311026215255,0.02529311026215255,False
LC,9630,10,2025-11-21 09:00:00,2025-11-20,491946.0,479602.0,-12344.0,-0.025092184914604448,0.025092184914604448,False
LC,6705,11,2025-08-14 09:00:00,2025-08-13,402608.0,392675.0,-9933.0,-0.02467164090132337,0.02467164090132337,False
LC,6300,12,2025-08-01 09:00:00,2025-07-31,235029.0,229368.0,-5661.0,-0.02408638933918793,0.02408638933918793,False
LC,8550,13,2025-10-20 09:00:00,2025-10-17,162909.0,159000.0,-3909.0,-0.023994991068633408,0.023994991068633408,False
LC,9540,14,2025-11-19 09:00:00,2025-11-18,496195.0,484357.0,-11838.0,-0.023857556001168897,0.023857556001168897,False
LC,6073,15,2025-07-24 14:50:00,2025-07-24,467194.0,456329.0,-10865.0,-0.023255863731126685,0.023255863731126685,False
LC,7605,16,2025-09-11 09:00:00,2025-09-10,348772.0,340814.0,-7958.0,-0.022817198628330256,0.022817198628330256,False
LC,5760,17,2025-07-16 09:00:00,2025-07-15,349977.0,342146.0,-7831.0,-0.02237575612111653,0.02237575612111653,False
LC,7875,18,2025-09-19 09:00:00,2025-09-18,287759.0,281411.0,-6348.0,-0.022060126703248206,0.022060126703248206,False
LC,8010,19,2025-09-24 09:00:00,2025-09-23,261672.0,255907.0,-5765.0,-0.022031398086153658,0.022031398086153658,False
LC,7740,20,2025-09-16 09:00:00,2025-09-15,316308.0,309446.0,-6862.0,-0.021694045044703264,0.021694045044703264,False
