offset,n_trades,mean_gross_return,mean_gross_bps,median_gross_return,win_rate,break_even_roundtrip_cost_bps,break_even_oneway_cost_bps,instrument,horizon,fold,model
0,1104,1.0820645096421483e-05,0.10820645096421483,0.0,0.4519927536231884,0.10820645096421483,0.054103225482107414,AG,1,0,LASSO
0,1104,1.197944414405258e-05,0.11979444144052581,0.0,0.4375,0.11979444144052581,0.059897220720262906,AG,1,0,RF
0,1008,1.7631633275789597e-05,0.17631633275789596,0.0,0.43452380952380953,0.17631633275789596,0.08815816637894798,AG,1,1,LASSO
0,1008,3.869660990962291e-06,0.03869660990962291,0.0,0.42658730158730157,0.03869660990962291,0.019348304954811456,AG,1,1,RF
0,989,5.523080547849626e-05,0.5523080547849626,0.0,0.4974721941354904,0.5523080547849626,0.2761540273924813,AG,1,2,LASSO
0,989,4.454559174513388e-06,0.04454559174513388,0.0,0.46814964610717896,0.04454559174513388,0.02227279587256694,AG,1,2,RF
0,816,4.731812579651091e-06,0.04731812579651091,0.0,0.48284313725490197,0.04731812579651091,0.023659062898255454,AG,1,3,LASSO
0,816,4.085360265007473e-05,0.40853602650074733,0.0,0.48651960784313725,0.40853602650074733,0.20426801325037366,AG,1,3,RF
0,979,9.985670008007498e-05,0.9985670008007498,8.765009329514406e-05,0.5291113381001021,0.9985670008007498,0.4992835004003749,AG,1,4,LASSO
0,979,3.5591002123017295e-06,0.035591002123017294,0.0,0.48314606741573035,0.035591002123017294,0.017795501061508647,AG,1,4,RF
0,1037,6.493767534285299e-05,0.6493767534285299,0.00014532770368247405,0.5351976856316297,0.6493767534285299,0.3246883767142649,AG,1,5,LASSO
0,1037,4.796783407330682e-05,0.47967834073306814,0.0001111605157848583,0.5226615236258437,0.47967834073306814,0.23983917036653407,AG,1,5,RF
0,960,0.0001234960211939885,1.234960211939885,0.00016229553501134752,0.5270833333333333,1.234960211939885,0.6174801059699425,AG,1,6,LASSO
0,960,0.00015481133117980586,1.5481133117980586,4.3178269321875185e-05,0.5020833333333333,1.5481133117980586,0.7740566558990293,AG,1,6,RF
0,624,-0.00022025153503110864,-2.2025153503110864,0.0,0.4375,-2.2025153503110864,-1.1012576751555432,AG,1,7,LASSO
0,624,-3.881978130676851e-05,-0.38819781306768514,0.0,0.44871794871794873,-0.38819781306768514,-0.19409890653384257,AG,1,7,RF
0,1075,5.106621124562205e-05,0.5106621124562205,4.376942268136119e-05,0.5004651162790698,0.5106621124562205,0.25533105622811025,AG,1,8,LASSO
0,1075,6.241550315051201e-05,0.6241550315051201,-5.539552404165704e-05,0.4790697674418605,0.6241550315051201,0.31207751575256004,AG,1,8,RF
0,893,2.881262894484637e-06,0.028812628944846368,0.0,0.48600223964165734,0.028812628944846368,0.014406314472423184,AG,1,9,LASSO
0,893,-6.520869153637656e-05,-0.6520869153637656,-5.617661929102624e-05,0.4658454647256439,-0.6520869153637656,-0.3260434576818828,AG,1,9,RF
0,883,9.417213936957744e-05,0.9417213936957743,0.0001018070755918199,0.5175537938844847,0.9417213936957743,0.4708606968478872,AG,1,10,LASSO
0,883,8.983502745185655e-05,0.8983502745185655,5.219751539820017e-05,0.5028312570781427,0.8983502745185655,0.44917513725928276,AG,1,10,RF
0,960,-5.7967055800972845e-06,-0.05796705580097285,7.085711313170595e-05,0.515625,-0.05796705580097285,-0.028983527900486424,AG,1,11,LASSO
0,960,-5.874255786762865e-05,-0.5874255786762865,0.0,0.490625,-0.5874255786762865,-0.29371278933814327,AG,1,11,RF
0,1085,6.109689558079474e-06,0.061096895580794744,-6.766815089442879e-05,0.47096774193548385,0.061096895580794744,0.030548447790397372,AG,1,12,LASSO
0,1085,1.5814655036801006e-05,0.15814655036801006,-6.848376476653595e-05,0.46543778801843316,0.15814655036801006,0.07907327518400503,AG,1,12,RF
0,1027,-1.709633503976458e-05,-0.1709633503976458,0.0,0.48685491723466406,-0.1709633503976458,-0.0854816751988229,AG,1,13,LASSO
0,1027,7.166965146412456e-06,0.07166965146412456,0.0,0.48490749756572543,0.07166965146412456,0.03583482573206228,AG,1,13,RF
0,345,4.580325894209673e-05,0.4580325894209673,0.00010876657535163758,0.5130434782608696,0.4580325894209673,0.22901629471048365,AG,3,0,LASSO
1,345,3.5252742161714484e-05,0.35252742161714484,0.00010613456764518858,0.5043478260869565,0.35252742161714484,0.17626371080857242,AG,3,0,LASSO
2,368,2.6755680656878974e-05,0.2675568065687897,0.00010854277722704975,0.5163043478260869,0.2675568065687897,0.13377840328439486,AG,3,0,LASSO
0,345,5.286499736353167e-05,0.5286499736353167,0.0,0.4956521739130435,0.5286499736353167,0.26432498681765837,AG,3,0,RF
1,345,4.9934383163613346e-05,0.49934383163613344,0.0,0.4956521739130435,0.49934383163613344,0.24967191581806672,AG,3,0,RF
2,368,-3.930277206544732e-05,-0.39302772065447317,0.0,0.4592391304347826,-0.39302772065447317,-0.19651386032723658,AG,3,0,RF
0,315,9.820307309646755e-06,0.09820307309646756,0.0,0.4253968253968254,0.09820307309646756,0.04910153654823378,AG,3,1,LASSO
1,315,2.031635717760172e-05,0.2031635717760172,0.0,0.4507936507936508,0.2031635717760172,0.1015817858880086,AG,3,1,LASSO
2,336,4.913793898588609e-05,0.49137938985886087,0.0,0.4791666666666667,0.49137938985886087,0.24568969492943044,AG,3,1,LASSO
0,315,-5.0041595165957924e-05,-0.5004159516595792,-0.00010692898797870498,0.4031746031746032,-0.5004159516595792,-0.2502079758297896,AG,3,1,RF
1,315,-1.5250880805904036e-05,-0.15250880805904035,0.0,0.43174603174603177,-0.15250880805904035,-0.07625440402952018,AG,3,1,RF
2,336,-4.4713699287456774e-05,-0.44713699287456776,0.0,0.45535714285714285,-0.44713699287456776,-0.22356849643728388,AG,3,1,RF
0,309,0.00015092141643870537,1.5092141643870536,9.170104635014553e-05,0.5016181229773463,1.5092141643870536,0.7546070821935268,AG,3,2,LASSO
1,309,0.0001761517335763442,1.761517335763442,9.949257813546275e-05,0.517799352750809,1.761517335763442,0.880758667881721,AG,3,2,LASSO
2,329,0.00016036866096812022,1.6036866096812021,0.00020082335614857172,0.541033434650456,1.6036866096812021,0.8018433048406011,AG,3,2,LASSO
0,309,0.00017270134251611994,1.7270134251611995,9.174311104653832e-05,0.5016181229773463,1.7270134251611995,0.8635067125805997,AG,3,2,RF
1,309,6.988204536797644e-05,0.6988204536797644,9.493970447982392e-05,0.5080906148867314,0.6988204536797644,0.3494102268398822,AG,3,2,RF
2,329,5.11819045421522e-06,0.0511819045421522,0.0,0.47720364741641336,0.0511819045421522,0.0255909522710761,AG,3,2,RF
0,255,1.8017660542453217e-05,0.18017660542453218,0.0,0.48627450980392156,0.18017660542453218,0.09008830271226609,AG,3,3,LASSO
1,255,3.249226483182954e-05,0.3249226483182954,0.00017406438903533328,0.5294117647058824,0.3249226483182954,0.1624613241591477,AG,3,3,LASSO
2,272,5.395796984640407e-06,0.05395796984640407,0.0,0.47794117647058826,0.05395796984640407,0.026978984923202037,AG,3,3,LASSO
0,255,-7.540343676131777e-06,-0.07540343676131778,-0.00017410984852184175,0.43529411764705883,-0.07540343676131778,-0.03770171838065889,AG,3,3,RF
1,255,5.350510994231504e-06,0.05350510994231504,0.0001743071143260888,0.5333333333333333,0.05350510994231504,0.02675255497115752,AG,3,3,RF
2,272,0.0001715166898500217,1.715166898500217,0.0,0.4852941176470588,1.715166898500217,0.8575834492501085,AG,3,3,RF
0,306,0.00029315077228841095,2.9315077228841093,0.0003459741485815071,0.5555555555555556,2.9315077228841093,1.4657538614420547,AG,3,4,LASSO
1,306,0.00032187881212487445,3.2187881212487444,0.00034386802340879985,0.5686274509803921,3.2187881212487444,1.6093940606243722,AG,3,4,LASSO
2,327,0.0003309967216983163,3.309967216983163,0.0003339455396460522,0.5351681957186545,3.309967216983163,1.6549836084915814,AG,3,4,LASSO
0,306,0.00010959768676559078,1.0959768676559078,0.0001609597430063392,0.5098039215686274,1.0959768676559078,0.5479884338279539,AG,3,4,RF
1,306,0.00012308136419270088,1.2308136419270088,3.8411305407437535e-05,0.5,1.2308136419270088,0.6154068209635044,AG,3,4,RF
2,327,0.0001222458627917077,1.222458627917077,0.0,0.4923547400611621,1.222458627917077,0.6112293139585385,AG,3,4,RF
0,324,0.000241409105507356,2.41409105507356,0.000591873010155286,0.5833333333333334,2.41409105507356,1.20704552753678,AG,3,5,LASSO
1,324,0.0002645072557832645,2.645072557832645,0.0004153906208369529,0.558641975308642,2.645072557832645,1.3225362789163224,AG,3,5,LASSO
2,345,0.0001772943647910415,1.7729436479104148,0.00044779935790018044,0.5623188405797102,1.7729436479104148,0.8864718239552074,AG,3,5,LASSO
0,324,0.00032957987366292107,3.2957987366292105,0.0005774278103215513,0.5833333333333334,3.2957987366292105,1.6478993683146053,AG,3,5,RF
1,324,0.0002729242290587098,2.729242290587098,0.0001795808927735898,0.5339506172839507,2.729242290587098,1.364621145293549,AG,3,5,RF
2,345,-4.7544208848310313e-05,-0.47544208848310315,7.344839722911445e-05,0.5043478260869565,-0.47544208848310315,-0.23772104424155158,AG,3,5,RF
0,300,0.00034044918429781154,3.4044918429781155,0.0005577849103255428,0.5633333333333334,3.4044918429781155,1.7022459214890577,AG,3,6,LASSO
1,300,0.00015164858086427017,1.5164858086427018,0.0003620337981047328,0.5466666666666666,1.5164858086427018,0.7582429043213509,AG,3,6,LASSO
2,320,0.000390421840337549,3.90421840337549,0.0006082187293768859,0.55625,3.90421840337549,1.952109201687745,AG,3,6,LASSO
0,300,0.0007891908857479768,7.891908857479767,0.000604377200814743,0.56,7.891908857479767,3.9459544287398836,AG,3,6,RF
1,300,0.0006346999495492337,6.346999495492337,0.00021161908669831142,0.52,6.346999495492337,3.1734997477461686,AG,3,6,RF
2,320,0.0008433076026359131,8.433076026359132,0.0005172217435345239,0.546875,8.433076026359132,4.216538013179566,AG,3,6,RF
0,195,-3.2426017884250136e-05,-0.32426017884250136,0.0,0.441025641025641,-0.32426017884250136,-0.16213008942125068,AG,3,7,LASSO
1,195,0.0001918267478406422,1.918267478406422,0.0,0.49230769230769234,1.918267478406422,0.959133739203211,AG,3,7,LASSO
2,208,-0.00031762411759041795,-3.1762411759041793,-0.00037322225161573463,0.3894230769230769,-3.1762411759041793,-1.5881205879520897,AG,3,7,LASSO
0,195,0.0006188380370683329,6.188380370683329,0.0001926596666987912,0.517948717948718,6.188380370683329,3.0941901853416645,AG,3,7,RF
1,195,0.0006230855531887434,6.230855531887434,0.0,0.49743589743589745,6.230855531887434,3.115427765943717,AG,3,7,RF
2,208,0.0007938395610623095,7.938395610623095,0.00030260487399913494,0.5288461538461539,7.938395610623095,3.9691978053115475,AG,3,7,RF
0,336,0.00018026671373732556,1.8026671373732557,-0.00012887054893018224,0.4851190476190476,1.8026671373732557,0.9013335686866278,AG,3,8,LASSO
1,336,4.337396911847098e-05,0.4337396911847098,-0.0003451982683027599,0.4732142857142857,0.4337396911847098,0.2168698455923549,AG,3,8,LASSO
2,359,1.756313130726628e-05,0.1756313130726628,5.75407100522618e-05,0.5041782729805014,0.1756313130726628,0.0878156565363314,AG,3,8,LASSO
0,336,9.69392226049354e-05,0.9693922260493539,5.6891509958134634e-05,0.5029761904761905,0.9693922260493539,0.48469611302467697,AG,3,8,RF
1,336,-0.000169100997195219,-1.69100997195219,-0.0004777704383050474,0.4642857142857143,-1.69100997195219,-0.845504985976095,AG,3,8,RF
2,359,-8.764313555626073e-05,-0.8764313555626073,-0.00013805798435351235,0.4763231197771588,-0.8764313555626073,-0.43821567778130366,AG,3,8,RF
0,279,-0.0001286493421112941,-1.2864934211129408,0.0,0.4874551971326165,-1.2864934211129408,-0.6432467105564704,AG,3,9,LASSO
1,279,0.00012162649170150203,1.2162649170150204,0.0001596848884866109,0.5232974910394266,1.2162649170150204,0.6081324585075102,AG,3,9,LASSO
2,297,-7.296535268160393e-06,-0.07296535268160394,-0.00011265701571561149,0.468013468013468,-0.07296535268160394,-0.03648267634080197,AG,3,9,LASSO
0,279,-8.201477064509038e-05,-0.8201477064509037,-0.00011235955056176916,0.45161290322580644,-0.8201477064509037,-0.41007385322545187,AG,3,9,RF
1,279,3.567939213618924e-05,0.35679392136189236,-0.00016754160616549996,0.4659498207885305,0.35679392136189236,0.17839696068094618,AG,3,9,RF
2,297,-0.00010925232546613255,-1.0925232546613255,-0.0002780867630700623,0.4511784511784512,-1.0925232546613255,-0.5462616273306627,AG,3,9,RF
0,276,0.0002635444892925071,2.6354448929250713,0.00024435741426054314,0.5362318840579711,2.6354448929250713,1.3177224464625357,AG,3,10,LASSO
1,276,0.00023461062570716304,2.3461062570716305,0.0001860924073706638,0.5289855072463768,2.3461062570716305,1.1730531285358152,AG,3,10,LASSO
2,295,0.00027424201727559665,2.7424201727559665,0.00016138576577540142,0.5389830508474577,2.7424201727559665,1.3712100863779833,AG,3,10,LASSO
0,276,0.00024320841778000744,2.4320841778000744,0.00024435741426054314,0.5362318840579711,2.4320841778000744,1.2160420889000372,AG,3,10,RF
1,276,0.000359246333163199,3.59246333163199,0.00016020338905209375,0.5217391304347826,3.59246333163199,1.796231665815995,AG,3,10,RF
2,295,0.00012660305958977594,1.2660305958977593,5.218661935080249e-05,0.5084745762711864,1.2660305958977593,0.6330152979488797,AG,3,10,RF
0,300,-0.0001557290942992362,-1.557290942992362,0.00011492686548986164,0.5266666666666666,-1.557290942992362,-0.778645471496181,AG,3,11,LASSO
1,300,-7.392575254253963e-05,-0.7392575254253964,-0.00011551049429886495,0.47,-0.7392575254253964,-0.3696287627126982,AG,3,11,LASSO
2,320,-0.00026138646674588246,-2.6138646674588246,-8.788510890944679e-05,0.475,-2.6138646674588246,-1.3069323337294123,AG,3,11,LASSO
0,300,-7.956406393952601e-05,-0.7956406393952601,0.00010984201329544696,0.5166666666666667,-0.7956406393952601,-0.39782031969763004,AG,3,11,RF
1,300,0.00010435474372847309,1.0435474372847309,-9.434424911414219e-05,0.4766666666666667,1.0435474372847309,0.5217737186423654,AG,3,11,RF
2,320,6.135585435102162e-05,0.6135585435102162,0.00011078185500656978,0.5125,0.6135585435102162,0.3067792717551081,AG,3,11,RF
0,339,6.91688197497638e-05,0.691688197497638,-6.82314365015868e-05,0.4896755162241888,0.691688197497638,0.345844098748819,AG,3,12,LASSO
1,339,9.060877614499101e-05,0.9060877614499101,0.0,0.49557522123893805,0.9060877614499101,0.45304388072495505,AG,3,12,LASSO
2,361,1.9704195107451784e-05,0.19704195107451783,0.0,0.49584487534626037,0.19704195107451783,0.09852097553725891,AG,3,12,LASSO
0,339,5.619410931548545e-05,0.5619410931548545,-0.00014638072583250672,0.471976401179941,0.5619410931548545,0.28097054657742726,AG,3,12,RF
1,339,0.00013104010559531355,1.3104010559531354,6.772314329306361e-05,0.5014749262536873,1.3104010559531354,0.6552005279765677,AG,3,12,RF
2,361,-0.00010214880711979418,-1.0214880711979417,-7.140306535313723e-05,0.46814404432132967,-1.0214880711979417,-0.5107440355989709,AG,3,12,RF
0,321,-8.28265166511338e-05,-0.8282651665113381,0.0,0.48598130841121495,-0.8282651665113381,-0.41413258325566904,AG,3,13,LASSO
1,321,-7.687010053546996e-05,-0.7687010053546997,0.0,0.48598130841121495,-0.7687010053546997,-0.3843505026773498,AG,3,13,LASSO
2,343,-6.200497214237552e-05,-0.6200497214237553,-0.0001263822986780072,0.4606413994169096,-0.6200497214237553,-0.3100248607118776,AG,3,13,LASSO
0,321,-3.80617441731787e-05,-0.380617441731787,0.0,0.48286604361370716,-0.380617441731787,-0.1903087208658935,AG,3,13,RF
1,321,-0.00014589102659247824,-1.4589102659247823,-0.0001290988816116112,0.46105919003115264,-1.4589102659247823,-0.7294551329623912,AG,3,13,RF
2,343,-7.167352782006703e-05,-0.7167352782006704,-0.00013262598610630505,0.4606413994169096,-0.7167352782006704,-0.3583676391003352,AG,3,13,RF
0,1104,9.46673994221121e-06,0.09466739942211211,0.0,0.4846014492753623,0.09466739942211211,0.047333699711056054,AU,1,0,LASSO
0,1104,1.5071038173477619e-05,0.1507103817347762,0.0,0.48641304347826086,0.1507103817347762,0.0753551908673881,AU,1,0,RF
0,1008,-1.9064799472765179e-07,-0.0019064799472765178,0.0,0.47619047619047616,-0.0019064799472765178,-0.0009532399736382589,AU,1,1,LASSO
0,1008,-5.026301198922521e-06,-0.05026301198922521,0.0,0.46726190476190477,-0.05026301198922521,-0.025131505994612606,AU,1,1,RF
0,989,1.987832112304308e-05,0.1987832112304308,4.792034482759e-05,0.5561172901921132,0.1987832112304308,0.0993916056152154,AU,1,2,LASSO
0,989,4.185028515852195e-05,0.41850285158521955,4.7930309330146414e-05,0.5561172901921132,0.41850285158521955,0.20925142579260977,AU,1,2,RF
0,816,-3.0639796250452073e-06,-0.030639796250452073,2.177833075389657e-05,0.5036764705882353,-0.030639796250452073,-0.015319898125226036,AU,1,3,LASSO
0,816,1.393842968639863e-05,0.1393842968639863,6.5279327710277e-05,0.5232843137254902,0.1393842968639863,0.06969214843199315,AU,1,3,RF
0,979,2.5318363330007523e-05,0.2531836333000752,2.2029988187011185e-05,0.515832482124617,0.2531836333000752,0.1265918166500376,AU,1,4,LASSO
0,979,1.7632428067788488e-05,0.1763242806778849,2.180634305304352e-05,0.5137895812053116,0.1763242806778849,0.08816214033894244,AU,1,4,RF
0,1037,-2.5742041101385802e-05,-0.25742041101385804,3.9410514966142784e-05,0.5110896817743491,-0.25742041101385804,-0.12871020550692902,AU,1,5,LASSO
0,1037,2.308297482542492e-05,0.2308297482542492,6.284120410904315e-05,0.5342333654773385,0.2308297482542492,0.1154148741271246,AU,1,5,RF
0,960,-4.469013876095424e-05,-0.4469013876095424,7.369115228772483e-05,0.5270833333333333,-0.4469013876095424,-0.2234506938047712,AU,1,6,LASSO
0,960,8.039881122233622e-05,0.8039881122233622,5.865783820291348e-05,0.521875,0.8039881122233622,0.4019940561116811,AU,1,6,RF
0,624,-3.3973952207260864e-05,-0.33973952207260866,5.2691593244946766e-05,0.5128205128205128,-0.33973952207260866,-0.16986976103630433,AU,1,7,LASSO
0,624,4.4102209151744994e-05,0.4410220915174499,8.949736752689175e-05,0.5464743589743589,0.4410220915174499,0.22051104575872496,AU,1,7,RF
0,1075,-2.6523421373498214e-05,-0.2652342137349821,4.0609214986164766e-05,0.5162790697674419,-0.2652342137349821,-0.13261710686749106,AU,1,8,LASSO
0,1075,-3.412706958648864e-05,-0.3412706958648864,5.228214762320604e-05,0.521860465116279,-0.3412706958648864,-0.1706353479324432,AU,1,8,RF
0,893,-3.0657868599523526e-05,-0.30657868599523524,-1.9379240390526853e-05,0.47816349384098544,-0.30657868599523524,-0.15328934299761762,AU,1,9,LASSO
0,893,-8.926179859597346e-06,-0.08926179859597347,-1.9016612469280325e-05,0.48152295632698766,-0.08926179859597347,-0.044630899297986734,AU,1,9,RF
0,883,2.487392786549634e-05,0.2487392786549634,0.0,0.4971687429218573,0.2487392786549634,0.1243696393274817,AU,1,10,LASSO
0,883,1.1136201458486662e-05,0.11136201458486662,0.0,0.48924122310305773,0.11136201458486662,0.05568100729243331,AU,1,10,RF
0,960,-3.8817837454506456e-05,-0.38817837454506454,-4.4791965488122365e-05,0.45625,-0.38817837454506454,-0.19408918727253227,AU,1,11,LASSO
0,960,-3.2517601825633735e-05,-0.32517601825633735,-2.2012138941873705e-05,0.478125,-0.32517601825633735,-0.16258800912816868,AU,1,11,RF
0,1085,-1.5586766412473524e-05,-0.15586766412473524,0.0,0.4894009216589862,-0.15586766412473524,-0.07793383206236762,AU,1,12,LASSO
0,1085,-1.7361315184886503e-05,-0.17361315184886503,-2.227461283599297e-05,0.480184331797235,-0.17361315184886503,-0.08680657592443251,AU,1,12,RF
0,1027,-2.569982522568194e-05,-0.2569982522568194,0.0,0.498539435248296,-0.2569982522568194,-0.1284991261284097,AU,1,13,LASSO
0,1027,-1.2044694867992939e-06,-0.01204469486799294,1.9935404427462444e-05,0.501460564751704,-0.01204469486799294,-0.00602234743399647,AU,1,13,RF
0,345,3.290600231228919e-05,0.3290600231228919,5.1910076847461184e-05,0.527536231884058,0.3290600231228919,0.16453001156144595,AU,3,0,LASSO
1,345,2.652037878143899e-05,0.2652037878143899,0.0,0.48985507246376814,0.2652037878143899,0.13260189390719496,AU,3,0,LASSO
2,368,2.4559526667158036e-05,0.24559526667158035,5.175007538127385e-05,0.5190217391304348,0.24559526667158035,0.12279763333579018,AU,3,0,LASSO
0,345,2.0713122932183496e-05,0.20713122932183495,5.1635324575638464e-05,0.527536231884058,0.20713122932183495,0.10356561466091747,AU,3,0,RF
1,345,7.725173360946762e-05,0.7725173360946762,5.1884475847918665e-05,0.5304347826086957,0.7725173360946762,0.3862586680473381,AU,3,0,RF
2,368,1.7967356738589528e-06,0.017967356738589527,0.0,0.49728260869565216,0.017967356738589527,0.008983678369294763,AU,3,0,RF
0,315,-1.4533464179215518e-05,-0.1453346417921552,2.547856988166508e-05,0.5111111111111111,-0.1453346417921552,-0.0726673208960776,AU,3,1,LASSO
1,315,-2.9384369102518415e-06,-0.029384369102518414,2.5419690324657296e-05,0.5015873015873016,-0.029384369102518414,-0.014692184551259207,AU,3,1,LASSO
2,336,4.306684806195764e-06,0.04306684806195764,0.0,0.4851190476190476,0.04306684806195764,0.02153342403097882,AU,3,1,LASSO
0,315,1.7263768634555286e-05,0.17263768634555285,5.1129333796584575e-05,0.5333333333333333,0.17263768634555285,0.08631884317277642,AU,3,1,RF
1,315,1.6177616449199383e-05,0.16177616449199383,2.549498672665962e-05,0.5047619047619047,0.16177616449199383,0.08088808224599692,AU,3,1,RF
2,336,1.65428249190362e-06,0.0165428249190362,1.273636736898176e-05,0.5,0.0165428249190362,0.0082714124595181,AU,3,1,RF
0,309,8.149345775310699e-05,0.8149345775310699,9.595065545431325e-05,0.5533980582524272,0.8149345775310699,0.40746728876553495,AU,3,2,LASSO
1,309,9.004315780672284e-05,0.9004315780672284,0.00013914736215236978,0.5954692556634305,0.9004315780672284,0.4502157890336142,AU,3,2,LASSO
2,329,5.570181160071203e-05,0.5570181160071204,9.530382583422536e-05,0.5531914893617021,0.5570181160071204,0.2785090580035602,AU,3,2,LASSO
0,309,6.497590990479518e-05,0.6497590990479518,0.00012483978957145148,0.5760517799352751,0.6497590990479518,0.3248795495239759,AU,3,2,RF
1,309,0.00012040280782702195,1.2040280782702195,0.0001392765652159511,0.5889967637540453,1.2040280782702195,0.6020140391351098,AU,3,2,RF
2,329,4.4522988558424476e-05,0.44522988558424476,9.601101356260244e-05,0.5501519756838906,0.44522988558424476,0.22261494279212238,AU,3,2,RF
0,255,7.223914179537423e-05,0.7223914179537423,0.00010671574983089904,0.5411764705882353,0.7223914179537423,0.36119570897687114,AU,3,3,LASSO
1,255,9.352581005057299e-05,0.9352581005057299,0.0003059963068308136,0.5725490196078431,0.9352581005057299,0.46762905025286494,AU,3,3,LASSO
2,272,5.4026635442379184e-05,0.5402663544237918,8.150036481557876e-05,0.5220588235294118,0.5402663544237918,0.2701331772118959,AU,3,3,LASSO
0,255,5.12228199204063e-05,0.512228199204063,2.2146478564688543e-05,0.5098039215686274,0.512228199204063,0.2561140996020315,AU,3,3,RF
1,255,1.084911778020577e-05,0.1084911778020577,8.692386975250876e-05,0.5294117647058824,0.1084911778020577,0.05424558890102885,AU,3,3,RF
2,272,-0.00012099994024564962,-1.2099994024564962,4.2543262863736775e-05,0.5147058823529411,-1.2099994024564962,-0.6049997012282481,AU,3,3,RF
0,306,0.00010605374430952026,1.0605374430952026,0.00013922528103016418,0.545751633986928,1.0605374430952026,0.5302687215476013,AU,3,4,LASSO
1,306,0.0001061924527959629,1.061924527959629,0.00010797727034828064,0.545751633986928,1.061924527959629,0.5309622639798145,AU,3,4,LASSO
2,327,8.311676278731646e-05,0.8311676278731646,6.513685830400462e-05,0.5168195718654435,0.8311676278731646,0.4155838139365823,AU,3,4,LASSO
0,306,0.0001095360356192154,1.0953603561921539,0.00010560805466997003,0.5326797385620915,1.0953603561921539,0.5476801780960769,AU,3,4,RF
1,306,0.00016286168460688533,1.6286168460688533,0.00016973251083796104,0.5620915032679739,1.6286168460688533,0.8143084230344266,AU,3,4,RF
2,327,9.754485442194608e-05,0.9754485442194608,6.335405520085935e-05,0.5015290519877675,0.9754485442194608,0.4877242721097304,AU,3,4,RF
0,324,-8.405560051097553e-05,-0.8405560051097554,-2.0831875617022266e-05,0.4722222222222222,-0.8405560051097554,-0.4202780025548777,AU,3,5,LASSO
1,324,-5.312912072087587e-05,-0.5312912072087587,8.184182251202987e-05,0.5277777777777778,-0.5312912072087587,-0.26564560360437933,AU,3,5,LASSO
2,345,-8.172015548661402e-05,-0.8172015548661402,0.00013955726689540704,0.5565217391304348,-0.8172015548661402,-0.4086007774330701,AU,3,5,LASSO
0,324,0.00018097601513436296,1.8097601513436297,0.00013463033227900656,0.5524691358024691,1.8097601513436297,0.9048800756718148,AU,3,5,RF
1,324,0.00018591280771678922,1.8591280771678922,0.00016476883205263082,0.558641975308642,1.8591280771678922,0.9295640385839461,AU,3,5,RF
2,345,0.00012010861034428954,1.2010861034428955,0.00012256906760732544,0.5594202898550724,1.2010861034428955,0.6005430517214477,AU,3,5,RF
0,300,-0.00017662111248650952,-1.7662111248650951,0.00019178621094673165,0.5666666666666667,-1.7662111248650951,-0.8831055624325476,AU,3,6,LASSO
1,300,-0.00021438035232084762,-2.1438035232084762,0.00013451848238577035,0.5433333333333333,-2.1438035232084762,-1.0719017616042381,AU,3,6,LASSO
2,320,-0.00013944343658553633,-1.3944343658553633,0.00020003012887614968,0.5875,-1.3944343658553633,-0.6972171829276816,AU,3,6,LASSO
0,300,-7.647147108138815e-05,-0.7647147108138815,7.990177596661763e-05,0.5166666666666667,-0.7647147108138815,-0.38235735540694077,AU,3,6,RF
1,300,-4.685460140446351e-05,-0.4685460140446351,0.00020599059359660554,0.55,-0.4685460140446351,-0.23427300702231754,AU,3,6,RF
2,320,-0.00022792223736252357,-2.279222373625236,0.00014655000651264682,0.55625,-2.279222373625236,-1.139611186812618,AU,3,6,RF
0,195,-0.00017461073564927865,-1.7461073564927865,6.986600340530558e-05,0.517948717948718,-1.7461073564927865,-0.8730536782463932,AU,3,7,LASSO
1,195,-0.0001712146374251117,-1.7121463742511172,0.0001560663244846161,0.5333333333333333,-1.7121463742511172,-0.8560731871255586,AU,3,7,LASSO
2,208,-9.167647277740157e-05,-0.9167647277740157,0.00021578923202836275,0.5336538461538461,-0.9167647277740157,-0.45838236388700787,AU,3,7,LASSO
0,195,0.00015042230078405144,1.5042230078405143,0.00014122324972043465,0.5333333333333333,1.5042230078405143,0.7521115039202572,AU,3,7,RF
1,195,0.00022810420501603,2.2810420501603,0.0001560663244846161,0.5435897435897435,2.2810420501603,1.14052102508015,AU,3,7,RF
2,208,0.00018392707096027757,1.8392707096027758,0.000339814359616053,0.5721153846153846,1.8392707096027758,0.9196353548013879,AU,3,7,RF
0,336,-0.000140720571895517,-1.4072057189551699,-2.0022513450901336e-05,0.49107142857142855,-1.4072057189551699,-0.7036028594775849,AU,3,8,LASSO
1,336,-0.00012236823413017128,-1.2236823413017128,0.0,0.49404761904761907,-1.2236823413017128,-0.6118411706508564,AU,3,8,LASSO
2,359,-8.330814782804521e-05,-0.8330814782804521,5.2644188097694666e-05,0.5041782729805014,-0.8330814782804521,-0.41654073914022605,AU,3,8,LASSO
0,336,8.844510931496398e-05,0.8844510931496398,0.00011999764760789455,0.5267857142857143,0.8844510931496398,0.4422255465748199,AU,3,8,RF
1,336,7.195027997653387e-05,0.7195027997653387,7.904874312314458e-05,0.5208333333333334,0.7195027997653387,0.35975139988266935,AU,3,8,RF
2,359,-2.3128765974220842e-05,-0.2312876597422084,-0.0001564009427974522,0.4735376044568245,-0.2312876597422084,-0.1156438298711042,AU,3,8,RF
0,279,-6.927655630869568e-05,-0.6927655630869568,0.0,0.4910394265232975,-0.6927655630869568,-0.3463827815434784,AU,3,9,LASSO
1,279,-8.471737476452128e-05,-0.8471737476452128,-3.883818413963347e-05,0.46953405017921146,-0.8471737476452128,-0.4235868738226064,AU,3,9,LASSO
2,297,-8.105461442848468e-05,-0.8105461442848468,0.0,0.494949494949495,-0.8105461442848468,-0.4052730721424234,AU,3,9,LASSO
0,279,4.324961556755599e-05,0.43249615567555993,5.7404223037238467e-05,0.5053763440860215,0.43249615567555993,0.21624807783777997,AU,3,9,RF
1,279,-3.056600262376052e-05,-0.3056600262376052,1.873190058665486e-05,0.5017921146953405,-0.3056600262376052,-0.1528300131188026,AU,3,9,RF
2,297,-0.00012325014042174955,-1.2325014042174955,-1.8972621003920942e-05,0.48484848484848486,-1.2325014042174955,-0.6162507021087478,AU,3,9,RF
0,276,-7.411835919607569e-05,-0.7411835919607569,0.0,0.4927536231884058,-0.7411835919607569,-0.37059179598037845,AU,3,10,LASSO
1,276,-5.600787831231059e-05,-0.5600787831231059,-0.00011832389450994185,0.4528985507246377,-0.5600787831231059,-0.28003939156155294,AU,3,10,LASSO
2,295,-7.488259260116214e-05,-0.7488259260116215,-6.026271601533573e-05,0.4711864406779661,-0.7488259260116215,-0.37441296300581073,AU,3,10,LASSO
0,276,2.2874872532651628e-05,0.22874872532651627,-3.928668419445058e-05,0.48188405797101447,0.22874872532651627,0.11437436266325814,AU,3,10,RF
1,276,-1.0647996756976978e-05,-0.10647996756976978,7.014721166953564e-05,0.5289855072463768,-0.10647996756976978,-0.05323998378488489,AU,3,10,RF
2,295,9.005918550832241e-05,0.900591855083224,9.663584545638315e-05,0.5322033898305085,0.900591855083224,0.450295927541612,AU,3,10,RF
0,300,-8.666165263762774e-05,-0.8666165263762774,-1.0606261678203222e-05,0.49666666666666665,-0.8666165263762774,-0.4333082631881387,AU,3,11,LASSO
1,300,-6.444261840330756e-05,-0.6444261840330756,-1.0566536315925745e-05,0.49,-0.6444261840330756,-0.3222130920165378,AU,3,11,LASSO
2,320,-0.00011145051275300299,-1.11450512753003,-2.268181953218873e-05,0.48125,-1.11450512753003,-0.557252563765015,AU,3,11,LASSO
0,300,0.00026882165144571907,2.688216514457191,0.0001459157838077374,0.5433333333333333,2.688216514457191,1.3441082572285954,AU,3,11,RF
1,300,3.307630226084712e-05,0.33076302260847124,3.135522605524077e-05,0.5133333333333333,0.33076302260847124,0.16538151130423562,AU,3,11,RF
2,320,-2.471904801214092e-05,-0.2471904801214092,4.47399783850555e-05,0.525,-0.2471904801214092,-0.1235952400607046,AU,3,11,RF
0,339,-5.5621607427536453e-05,-0.5562160742753646,-2.2673716441268255e-05,0.48672566371681414,-0.5562160742753646,-0.2781080371376823,AU,3,12,LASSO
1,339,-6.512592655447542e-05,-0.6512592655447542,-2.2468698423372402e-05,0.4837758112094395,-0.6512592655447542,-0.3256296327723771,AU,3,12,LASSO
2,361,-4.653612068116673e-05,-0.4653612068116673,-4.502008540918645e-05,0.4792243767313019,-0.4653612068116673,-0.23268060340583366,AU,3,12,LASSO
0,339,-1.5396890267077563e-05,-0.15396890267077562,0.0,0.49262536873156343,-0.15396890267077562,-0.07698445133538781,AU,3,12,RF
1,339,-3.921936782900754e-05,-0.3921936782900754,-2.253132266005764e-05,0.48672566371681414,-0.3921936782900754,-0.1960968391450377,AU,3,12,RF
2,361,-7.467143635368909e-05,-0.7467143635368909,-2.2082963404446154e-05,0.481994459833795,-0.7467143635368909,-0.37335718176844546,AU,3,12,RF
0,321,-8.14139410930203e-05,-0.814139410930203,1.9996889780493632e-05,0.5015576323987538,-0.814139410930203,-0.4070697054651015,AU,3,13,LASSO
1,321,-8.683313386963439e-05,-0.8683313386963438,2.0416227566988354e-05,0.5015576323987538,-0.8683313386963438,-0.4341656693481719,AU,3,13,LASSO
2,343,-7.872176304598154e-05,-0.7872176304598154,0.0,0.49271137026239065,-0.7872176304598154,-0.3936088152299077,AU,3,13,LASSO
0,321,1.935671378629207e-05,0.19356713786292068,6.733279325543684e-05,0.5171339563862928,0.19356713786292068,0.09678356893146034,AU,3,13,RF
1,321,-7.64006388418178e-06,-0.0764006388418178,2.083805048358478e-05,0.5046728971962616,-0.0764006388418178,-0.0382003194209089,AU,3,13,RF
2,343,-5.570691024101428e-05,-0.5570691024101428,0.0,0.49854227405247814,-0.5570691024101428,-0.2785345512050714,AU,3,13,RF
0,630,4.9779298088343486e-08,0.0004977929808834349,0.0,0.3873015873015873,0.0004977929808834349,0.0002488964904417174,CU,1,1,LASSO
0,630,-2.0122389238388454e-05,-0.20122389238388452,0.0,0.3682539682539683,-0.20122389238388452,-0.10061194619194226,CU,1,1,RF
0,611,4.102720256199663e-06,0.04102720256199663,0.0,0.44680851063829785,0.04102720256199663,0.020513601280998314,CU,1,2,LASSO
0,611,-3.6906310382857292e-06,-0.03690631038285729,0.0,0.4353518821603928,-0.03690631038285729,-0.018453155191428646,CU,1,2,RF
0,510,-5.026745227218128e-05,-0.5026745227218128,0.0,0.49607843137254903,-0.5026745227218128,-0.2513372613609064,CU,1,3,LASSO
0,510,0.00010965834369138195,1.0965834369138194,0.0,0.4745098039215686,1.0965834369138194,0.5482917184569097,CU,1,3,RF
0,619,-6.513368337554806e-06,-0.06513368337554806,0.0,0.44749596122778673,-0.06513368337554806,-0.03256684168777403,CU,1,4,LASSO
0,619,-3.0068528864975367e-05,-0.3006852886497537,0.0,0.41518578352180935,-0.3006852886497537,-0.15034264432487685,CU,1,4,RF
0,641,-3.8115051125743033e-05,-0.3811505112574303,0.0,0.47737909516380655,-0.3811505112574303,-0.19057525562871516,CU,1,5,LASSO
0,641,1.648069498957026e-05,0.16480694989570258,0.0,0.48049921996879874,0.16480694989570258,0.08240347494785129,CU,1,5,RF
0,600,7.849533517832445e-05,0.7849533517832445,0.0,0.475,0.7849533517832445,0.3924766758916223,CU,1,6,LASSO
0,600,7.441518736629663e-05,0.7441518736629663,0.0,0.47833333333333333,0.7441518736629663,0.37207593683148316,CU,1,6,RF
0,679,-1.8525852646442535e-05,-0.18525852646442537,0.0,0.49189985272459497,-0.18525852646442537,-0.09262926323221268,CU,1,8,LASSO
0,679,-3.250876119392452e-05,-0.3250876119392452,0.0,0.46686303387334316,-0.3250876119392452,-0.1625438059696226,CU,1,8,RF
0,551,1.3812036182248587e-06,0.013812036182248586,0.0,0.44283121597096187,0.013812036182248586,0.006906018091124293,CU,1,9,LASSO
0,551,-1.59398167929534e-05,-0.159398167929534,0.0,0.4301270417422868,-0.159398167929534,-0.079699083964767,CU,1,9,RF
0,559,1.6632024211314454e-05,0.16632024211314453,0.0,0.49731663685152055,0.16632024211314453,0.08316012105657226,CU,1,10,LASSO
0,559,6.558882457672507e-06,0.06558882457672507,0.0,0.4776386404293381,0.06558882457672507,0.03279441228836254,CU,1,10,RF
0,600,7.187752720094198e-06,0.07187752720094198,0.0,0.46,0.07187752720094198,0.03593876360047099,CU,1,11,LASSO
0,600,-1.9773428768749914e-05,-0.19773428768749915,0.0,0.445,-0.19773428768749915,-0.09886714384374957,CU,1,11,RF
0,671,-2.801131644364178e-06,-0.02801131644364178,0.0,0.45752608047690013,-0.02801131644364178,-0.01400565822182089,CU,1,12,LASSO
0,671,2.4873558876131518e-06,0.02487355887613152,0.0,0.45156482861400893,0.02487355887613152,0.01243677943806576,CU,1,12,RF
0,649,-1.0433489109461444e-05,-0.10433489109461444,0.0,0.43759630200308164,-0.10433489109461444,-0.05216744554730722,CU,1,13,LASSO
0,649,1.4920344555777779e-05,0.1492034455577778,0.0,0.46533127889060094,0.1492034455577778,0.0746017227788889,CU,1,13,RF
0,183,-4.8695443930420595e-05,-0.48695443930420595,0.0,0.46994535519125685,-0.48695443930420595,-0.24347721965210298,CU,3,2,LASSO
1,183,-2.4436322168448743e-05,-0.24436322168448743,-0.00012110936175369069,0.41530054644808745,-0.24436322168448743,-0.12218161084224372,CU,3,2,LASSO
2,203,-7.840129935716054e-05,-0.7840129935716055,-0.00012080212611742525,0.39901477832512317,-0.7840129935716055,-0.39200649678580274,CU,3,2,LASSO
0,183,-6.564658835913854e-05,-0.6564658835913854,0.0,0.4262295081967213,-0.6564658835913854,-0.3282329417956927,CU,3,2,RF
1,183,-6.078488091439044e-05,-0.6078488091439044,0.0,0.4371584699453552,-0.6078488091439044,-0.3039244045719522,CU,3,2,RF
2,203,-5.020277047628322e-05,-0.5020277047628322,0.0,0.4482758620689655,-0.5020277047628322,-0.2510138523814161,CU,3,2,RF
0,186,-9.910299900803903e-05,-0.9910299900803903,-0.00011651618599550773,0.3387096774193548,-0.9910299900803903,-0.49551499504019514,CU,3,4,LASSO
1,186,-5.2820604055856725e-06,-0.05282060405585672,0.0,0.46774193548387094,-0.05282060405585672,-0.02641030202792836,CU,3,4,LASSO
2,207,2.1467274005619243e-05,0.21467274005619244,0.0,0.4396135265700483,0.21467274005619244,0.10733637002809622,CU,3,4,LASSO
0,186,-9.786040652652252e-05,-0.9786040652652251,0.0,0.4032258064516129,-0.9786040652652251,-0.48930203263261257,CU,3,4,RF
1,186,-0.00019044637197192582,-1.9044637197192582,-0.00011515469768574871,0.44623655913978494,-1.9044637197192582,-0.9522318598596291,CU,3,4,RF
2,207,-6.562184602653641e-05,-0.6562184602653641,-0.00011528706479135842,0.4106280193236715,-0.6562184602653641,-0.32810923013268206,CU,3,4,RF
0,192,-0.0001420007278724941,-1.4200072787249411,5.340739158299357e-05,0.5,-1.4200072787249411,-0.7100036393624706,CU,3,5,LASSO
1,192,-0.0001231874149648348,-1.2318741496483478,0.00010744019916375525,0.515625,-1.2318741496483478,-0.6159370748241739,CU,3,5,LASSO
2,213,-0.00011861029291807081,-1.1861029291807081,-0.00010522992739137038,0.4647887323943662,-1.1861029291807081,-0.5930514645903541,CU,3,5,LASSO
0,192,-4.877656002855111e-05,-0.4877656002855111,-0.00021540122468299838,0.40625,-0.4877656002855111,-0.24388280014275554,CU,3,5,RF
1,192,0.00019742310255067494,1.9742310255067494,0.00010436765374699508,0.5052083333333334,1.9742310255067494,0.9871155127533747,CU,3,5,RF
2,213,-7.212356952986833e-05,-0.7212356952986834,0.00010522992739137038,0.5023474178403756,-0.7212356952986834,-0.3606178476493417,CU,3,5,RF
0,180,0.00036651858491341054,3.6651858491341054,0.0,0.4888888888888889,3.6651858491341054,1.8325929245670527,CU,3,6,LASSO
1,180,0.0001652458630752116,1.6524586307521159,-0.00019795978086584176,0.4444444444444444,1.6524586307521159,0.8262293153760579,CU,3,6,LASSO
2,200,0.00021888917901867366,2.1888917901867364,-0.00024517584653116486,0.435,2.1888917901867364,1.0944458950933682,CU,3,6,LASSO
0,180,0.0003493061320564773,3.4930613205647734,9.78767227109989e-05,0.5166666666666667,3.4930613205647734,1.7465306602823867,CU,3,6,RF
1,180,0.00029432399174658734,2.943239917465873,0.0,0.49444444444444446,2.943239917465873,1.4716199587329366,CU,3,6,RF
2,200,0.0001325502277805707,1.3255022778057068,-0.00019759190864054865,0.45,1.3255022778057068,0.6627511389028534,CU,3,6,RF
0,204,1.051295642818784e-06,0.01051295642818784,9.868466541479437e-05,0.5098039215686274,0.01051295642818784,0.00525647821409392,CU,3,8,LASSO
1,204,-3.135849842280506e-05,-0.3135849842280506,0.00019768706331324548,0.5343137254901961,-0.3135849842280506,-0.1567924921140253,CU,3,8,LASSO
2,227,-8.988302965520155e-05,-0.8988302965520154,0.0,0.4889867841409692,-0.8988302965520154,-0.4494151482760077,CU,3,8,LASSO
0,204,-2.594766090842496e-05,-0.2594766090842496,0.0,0.49019607843137253,-0.2594766090842496,-0.1297383045421248,CU,3,8,RF
1,204,7.556390213827873e-05,0.7556390213827874,0.00019758944006448287,0.5147058823529411,0.7556390213827874,0.3778195106913937,CU,3,8,RF
2,227,9.207484532855898e-07,0.009207484532855898,0.0,0.47577092511013214,0.009207484532855898,0.004603742266427949,CU,3,8,RF
0,165,-2.044051744709092e-05,-0.2044051744709092,-9.690861517586136e-05,0.46060606060606063,-0.2044051744709092,-0.1022025872354546,CU,3,9,LASSO
1,165,-4.407026631237157e-05,-0.4407026631237157,0.0,0.4484848484848485,-0.4407026631237157,-0.22035133156185785,CU,3,9,LASSO
2,183,-4.2128830371009766e-05,-0.4212883037100977,-9.710623422021225e-05,0.43169398907103823,-0.4212883037100977,-0.21064415185504884,CU,3,9,LASSO
0,165,-3.472581234651574e-05,-0.34725812346515744,-9.690861517586136e-05,0.46060606060606063,-0.34725812346515744,-0.17362906173257872,CU,3,9,RF
1,165,7.570412627952388e-05,0.7570412627952389,9.80296049406526e-05,0.5333333333333333,0.7570412627952389,0.37852063139761943,CU,3,9,RF
2,183,2.947364113562876e-05,0.2947364113562876,0.0,0.4644808743169399,0.2947364113562876,0.1473682056781438,CU,3,9,RF
0,168,7.265720364926125e-05,0.7265720364926125,0.0,0.47023809523809523,0.7265720364926125,0.36328601824630624,CU,3,10,LASSO
1,168,-5.528439434374683e-05,-0.5528439434374683,9.23413588755917e-05,0.5059523809523809,-0.5528439434374683,-0.27642197171873417,CU,3,10,LASSO
2,187,5.818974194308029e-05,0.5818974194308029,9.519276534986076e-05,0.5294117647058824,0.5818974194308029,0.29094870971540143,CU,3,10,LASSO
0,168,1.5574517566774832e-05,0.15574517566774831,-9.46075453465145e-05,0.4523809523809524,0.15574517566774831,0.07787258783387416,CU,3,10,RF
1,168,2.8633371051768807e-07,0.0028633371051768807,9.263119070967996e-05,0.5119047619047619,0.0028633371051768807,0.0014316685525884404,CU,3,10,RF
2,187,9.202572836696392e-05,0.9202572836696392,9.649715333392983e-05,0.5401069518716578,0.9202572836696392,0.4601286418348196,CU,3,10,RF
0,180,-6.294037687950252e-05,-0.6294037687950251,0.0,0.46111111111111114,-0.6294037687950251,-0.31470188439751257,CU,3,11,LASSO
1,180,-6.101109291975801e-08,-0.0006101109291975801,9.434180654188662e-05,0.5111111111111111,-0.0006101109291975801,-0.00030505546459879004,CU,3,11,LASSO
2,200,8.738948791547907e-07,0.008738948791547907,-9.524323732190698e-05,0.44,0.008738948791547907,0.0043694743957739535,CU,3,11,LASSO
0,180,2.3829787077051586e-06,0.023829787077051585,0.0,0.48333333333333334,0.023829787077051585,0.011914893538525793,CU,3,11,RF
1,180,4.8023511609554225e-05,0.48023511609554226,9.495802122383434e-05,0.5166666666666667,0.48023511609554226,0.24011755804777113,CU,3,11,RF
2,200,-3.212283117589532e-05,-0.32122831175895317,-9.709213051950494e-05,0.43,-0.32122831175895317,-0.16061415587947658,CU,3,11,RF
0,201,1.4081988664447385e-06,0.014081988664447384,0.0,0.4577114427860697,0.014081988664447384,0.007040994332223692,CU,3,12,LASSO
1,201,4.749482830556985e-05,0.4749482830556985,9.405568096310102e-05,0.5024875621890548,0.4749482830556985,0.23747414152784924,CU,3,12,LASSO
2,223,-1.1207807214791396e-05,-0.11207807214791396,-9.443762394933941e-05,0.4170403587443946,-0.11207807214791396,-0.05603903607395698,CU,3,12,LASSO
0,201,-9.553971936317675e-06,-0.09553971936317675,0.0,0.44776119402985076,-0.09553971936317675,-0.047769859681588374,CU,3,12,RF
1,201,3.8037624132360383e-06,0.038037624132360386,0.0,0.48258706467661694,0.038037624132360386,0.019018812066180193,CU,3,12,RF
2,223,2.086884577351624e-05,0.2086884577351624,0.0,0.43946188340807174,0.2086884577351624,0.1043442288675812,CU,3,12,RF
0,195,3.110948782854519e-05,0.3110948782854519,0.0,0.49230769230769234,0.3110948782854519,0.15554743914272595,CU,3,13,LASSO
1,195,-6.173630612726341e-05,-0.6173630612726341,-9.277298450693916e-05,0.4307692307692308,-0.6173630612726341,-0.30868153063631704,CU,3,13,LASSO
2,217,-6.465510443192521e-05,-0.646551044319252,0.0,0.4700460829493088,-0.646551044319252,-0.323275522159626,CU,3,13,LASSO
0,195,-6.0438582533566096e-05,-0.604385825335661,-9.237875288681252e-05,0.46153846153846156,-0.604385825335661,-0.3021929126678305,CU,3,13,RF
1,195,-6.529676507417625e-05,-0.6529676507417624,0.0,0.48205128205128206,-0.6529676507417624,-0.3264838253708812,CU,3,13,RF
2,217,-2.8282639638457978e-05,-0.2828263963845798,0.0,0.4700460829493088,-0.2828263963845798,-0.1414131981922899,CU,3,13,RF
0,630,-3.3114812553310224e-06,-0.033114812553310224,0.0,0.33174603174603173,-0.033114812553310224,-0.016557406276655112,AL,1,1,LASSO
0,630,-6.501768726017612e-06,-0.06501768726017612,0.0,0.3142857142857143,-0.06501768726017612,-0.03250884363008806,AL,1,1,RF
0,611,6.849657460061377e-06,0.06849657460061377,0.0,0.3453355155482815,0.06849657460061377,0.034248287300306886,AL,1,2,LASSO
0,611,2.4024480016479116e-05,0.24024480016479116,0.0,0.37152209492635024,0.24024480016479116,0.12012240008239558,AL,1,2,RF
0,510,6.745379231517588e-06,0.06745379231517588,0.0,0.39215686274509803,0.06745379231517588,0.03372689615758794,AL,1,3,LASSO
0,510,-1.6292261979213374e-05,-0.16292261979213374,0.0,0.3764705882352941,-0.16292261979213374,-0.08146130989606687,AL,1,3,RF
0,619,5.6763866640681644e-06,0.05676386664068164,0.0,0.3602584814216478,0.05676386664068164,0.02838193332034082,AL,1,4,LASSO
0,619,4.5230982181109407e-07,0.0045230982181109405,0.0,0.3602584814216478,0.0045230982181109405,0.0022615491090554702,AL,1,4,RF
0,641,-1.6093277583593918e-05,-0.16093277583593918,0.0,0.40093603744149764,-0.16093277583593918,-0.08046638791796959,AL,1,5,LASSO
0,641,-8.05315490166956e-06,-0.0805315490166956,0.0,0.39469578783151327,-0.0805315490166956,-0.0402657745083478,AL,1,5,RF
0,600,6.081266038221992e-05,0.6081266038221992,0.0,0.4683333333333333,0.6081266038221992,0.3040633019110996,AL,1,6,LASSO
0,600,1.3579324075100504e-05,0.13579324075100505,0.0,0.45166666666666666,0.13579324075100505,0.06789662037550252,AL,1,6,RF
0,679,-5.0082676603658205e-05,-0.500826766036582,0.0,0.41531664212076586,-0.500826766036582,-0.250413383018291,AL,1,8,LASSO
0,679,1.493276884231691e-05,0.1493276884231691,0.0,0.44329896907216493,0.1493276884231691,0.07466384421158455,AL,1,8,RF
0,551,-4.4735793207766076e-05,-0.4473579320776608,0.0,0.35571687840290384,-0.4473579320776608,-0.2236789660388304,AL,1,9,LASSO
0,551,-2.928244555894838e-05,-0.29282445558948383,0.0,0.3484573502722323,-0.29282445558948383,-0.14641222779474192,AL,1,9,RF
0,559,2.0159056847322332e-05,0.20159056847322332,0.0,0.39892665474060823,0.20159056847322332,0.10079528423661166,AL,1,10,LASSO
0,559,2.9454834949439957e-05,0.29454834949439956,0.0,0.41323792486583183,0.29454834949439956,0.14727417474719978,AL,1,10,RF
0,600,3.763763995601299e-05,0.3763763995601299,0.0,0.44333333333333336,0.3763763995601299,0.18818819978006496,AL,1,11,LASSO
0,600,-1.9357354162754524e-05,-0.19357354162754525,0.0,0.4066666666666667,-0.19357354162754525,-0.09678677081377263,AL,1,11,RF
0,671,-2.603463761368945e-06,-0.02603463761368945,0.0,0.3770491803278688,-0.02603463761368945,-0.013017318806844725,AL,1,12,LASSO
0,671,1.0667164770148482e-05,0.10667164770148481,0.0,0.38002980625931443,0.10667164770148481,0.053335823850742405,AL,1,12,RF
0,649,2.4569848318904303e-06,0.024569848318904304,0.0,0.3605546995377504,0.024569848318904304,0.012284924159452152,AL,1,13,LASSO
0,649,4.214732285333814e-05,0.4214732285333814,0.0,0.4067796610169492,0.4214732285333814,0.2107366142666907,AL,1,13,RF
0,183,4.067687619636528e-06,0.04067687619636528,0.0,0.3770491803278688,0.04067687619636528,0.02033843809818264,AL,3,2,LASSO
1,183,-6.368703740671149e-06,-0.06368703740671149,0.0,0.3333333333333333,-0.06368703740671149,-0.03184351870335574,AL,3,2,LASSO
2,203,2.0297112842311842e-05,0.20297112842311843,0.0,0.42857142857142855,0.20297112842311843,0.10148556421155921,AL,3,2,LASSO
0,183,1.160643138458083e-05,0.1160643138458083,0.0,0.39344262295081966,0.1160643138458083,0.05803215692290415,AL,3,2,RF
1,183,-3.8297482556181845e-05,-0.38297482556181844,0.0,0.3825136612021858,-0.38297482556181844,-0.19148741278090922,AL,3,2,RF
2,203,-8.516522344723587e-06,-0.08516522344723587,0.0,0.42857142857142855,-0.08516522344723587,-0.042582611723617936,AL,3,2,RF
0,186,2.91292600446673e-06,0.029129260044667298,0.0,0.41397849462365593,0.029129260044667298,0.014564630022333649,AL,3,4,LASSO
1,186,-1.8976588344885652e-06,-0.018976588344885654,0.0,0.46236559139784944,-0.018976588344885654,-0.009488294172442827,AL,3,4,LASSO
2,207,1.02815387060538e-05,0.102815387060538,0.0,0.40096618357487923,0.102815387060538,0.051407693530269,AL,3,4,LASSO
0,186,-7.163310040239593e-06,-0.07163310040239593,0.0,0.40860215053763443,-0.07163310040239593,-0.035816550201197964,AL,3,4,RF
1,186,-9.576535042917169e-06,-0.09576535042917168,0.0,0.45161290322580644,-0.09576535042917168,-0.04788267521458584,AL,3,4,RF
2,207,-1.8710436690992963e-05,-0.18710436690992963,0.0,0.4057971014492754,-0.18710436690992963,-0.09355218345496481,AL,3,4,RF
0,192,-2.0491172553906724e-05,-0.20491172553906725,0.0,0.46875,-0.20491172553906725,-0.10245586276953363,AL,3,5,LASSO
1,192,-3.864055205832796e-06,-0.03864055205832796,0.0,0.453125,-0.03864055205832796,-0.01932027602916398,AL,3,5,LASSO
2,213,-2.7605897158886753e-05,-0.27605897158886755,0.0,0.49765258215962443,-0.27605897158886755,-0.13802948579443378,AL,3,5,LASSO
0,192,0.00013018846358147686,1.3018846358147687,0.0,0.484375,1.3018846358147687,0.6509423179073843,AL,3,5,RF
1,192,-6.000853944522778e-05,-0.6000853944522778,0.0,0.4635416666666667,-0.6000853944522778,-0.3000426972261389,AL,3,5,RF
2,213,-2.591256820240701e-05,-0.2591256820240701,0.0,0.4835680751173709,-0.2591256820240701,-0.12956284101203505,AL,3,5,RF
0,180,8.9640075658194e-05,0.89640075658194,0.0,0.48333333333333334,0.89640075658194,0.44820037829097,AL,3,6,LASSO
1,180,0.0002511565501353983,2.511565501353983,0.00020456234496196712,0.5222222222222223,2.511565501353983,1.2557827506769914,AL,3,6,LASSO
2,200,9.424482848012116e-05,0.9424482848012117,-0.00019960363709259354,0.45,0.9424482848012117,0.47122414240060584,AL,3,6,LASSO
0,180,-0.0001635891618410638,-1.635891618410638,0.0,0.4777777777777778,-1.635891618410638,-0.817945809205319,AL,3,6,RF
1,180,-0.00025037343427578696,-2.5037343427578698,-0.00020218440918651215,0.4166666666666667,-2.5037343427578698,-1.2518671713789349,AL,3,6,RF
2,200,-0.00023976510857045552,-2.397651085704555,0.0,0.47,-2.397651085704555,-1.1988255428522776,AL,3,6,RF
0,204,2.2508798364750732e-05,0.22508798364750732,0.0,0.43137254901960786,0.22508798364750732,0.11254399182375366,AL,3,8,LASSO
1,204,-1.4505644318082172e-05,-0.14505644318082173,0.0,0.4950980392156863,-0.14505644318082173,-0.07252822159041086,AL,3,8,LASSO
2,227,-8.300347654978422e-05,-0.8300347654978422,-0.00019727756954035502,0.44933920704845814,-0.8300347654978422,-0.4150173827489211,AL,3,8,LASSO
0,204,0.0001952270595458741,1.9522705954587412,0.0,0.4852941176470588,1.9522705954587412,0.9761352977293706,AL,3,8,RF
1,204,0.00017579285793063262,1.7579285793063262,0.00019743337393485216,0.5049019607843137,1.7579285793063262,0.8789642896531631,AL,3,8,RF
2,227,4.0791103791659196e-05,0.40791103791659195,0.0,0.47577092511013214,0.40791103791659195,0.20395551895829597,AL,3,8,RF
0,165,-0.00019711949835195917,-1.9711949835195917,-0.00019996000799837876,0.3393939393939394,-1.9711949835195917,-0.9855974917597958,AL,3,9,LASSO
1,165,-2.4787019478604102e-05,-0.24787019478604103,0.0,0.4,-0.24787019478604103,-0.12393509739302051,AL,3,9,LASSO
2,183,-0.00012651065784410418,-1.2651065784410418,0.0,0.3825136612021858,-1.2651065784410418,-0.6325532892205209,AL,3,9,LASSO
0,165,-7.357961564492364e-05,-0.7357961564492363,0.0,0.4303030303030303,-0.7357961564492363,-0.3678980782246182,AL,3,9,RF
1,165,1.3817966775642177e-05,0.13817966775642176,0.0,0.4484848484848485,0.13817966775642176,0.06908983387821088,AL,3,9,RF
2,183,2.0771787507454997e-05,0.20771787507454997,0.0,0.4207650273224044,0.20771787507454997,0.10385893753727499,AL,3,9,RF
0,168,5.01789361031407e-05,0.501789361031407,0.0,0.43452380952380953,0.501789361031407,0.2508946805157035,AL,3,10,LASSO
1,168,5.254491042573771e-05,0.5254491042573771,0.0,0.4642857142857143,0.5254491042573771,0.26272455212868856,AL,3,10,LASSO
2,187,5.918387279676543e-05,0.5918387279676542,0.0,0.44385026737967914,0.5918387279676542,0.2959193639838271,AL,3,10,LASSO
0,168,-4.432994644937822e-05,-0.4432994644937822,0.0,0.3333333333333333,-0.4432994644937822,-0.2216497322468911,AL,3,10,RF
1,168,0.00011574079680859373,1.1574079680859373,0.0002037491927143753,0.5357142857142857,1.1574079680859373,0.5787039840429686,AL,3,10,RF
2,187,-1.0744397772818094e-05,-0.10744397772818094,0.0,0.43315508021390375,-0.10744397772818094,-0.05372198886409047,AL,3,10,RF
0,180,-3.4012989134607485e-05,-0.34012989134607485,0.0,0.42777777777777776,-0.34012989134607485,-0.17006494567303743,AL,3,11,LASSO
1,180,-2.634159017563747e-05,-0.2634159017563747,0.0,0.3888888888888889,-0.2634159017563747,-0.13170795087818735,AL,3,11,LASSO
2,200,2.8699342070315214e-06,0.028699342070315215,0.0,0.44,0.028699342070315215,0.014349671035157607,AL,3,11,LASSO
0,180,-0.0001223649598951388,-1.223649598951388,0.0,0.4111111111111111,-1.223649598951388,-0.611824799475694,AL,3,11,RF
1,180,-1.6091591728983272e-05,-0.16091591728983273,0.0,0.3888888888888889,-0.16091591728983273,-0.08045795864491637,AL,3,11,RF
2,200,-7.765504935193123e-05,-0.7765504935193124,0.0,0.415,-0.7765504935193124,-0.3882752467596562,AL,3,11,RF
0,201,-6.618331507230592e-05,-0.6618331507230591,0.0,0.40298507462686567,-0.6618331507230591,-0.3309165753615296,AL,3,12,LASSO
1,201,-0.0001025854153442888,-1.025854153442888,0.0,0.4079601990049751,-1.025854153442888,-0.512927076721444,AL,3,12,LASSO
2,223,-1.5892999795657484e-05,-0.15892999795657484,0.0,0.42152466367713004,-0.15892999795657484,-0.07946499897828742,AL,3,12,LASSO
0,201,2.56442837007466e-05,0.256442837007466,0.0,0.4228855721393035,0.256442837007466,0.128221418503733,AL,3,12,RF
1,201,1.9347197534524243e-05,0.19347197534524244,0.0,0.39800995024875624,0.19347197534524244,0.09673598767262122,AL,3,12,RF
2,223,-8.113636832800421e-05,-0.811363683280042,0.0,0.3811659192825112,-0.811363683280042,-0.405681841640021,AL,3,12,RF
0,195,-2.8451248963798856e-06,-0.028451248963798855,0.0,0.39487179487179486,-0.028451248963798855,-0.014225624481899428,AL,3,13,LASSO
1,195,1.7585795864605577e-05,0.17585795864605577,0.0,0.3641025641025641,0.17585795864605577,0.08792897932302789,AL,3,13,LASSO
2,217,6.477554777000653e-05,0.6477554777000654,0.0,0.4147465437788018,0.6477554777000654,0.3238777388500327,AL,3,13,LASSO
0,195,8.08207544199746e-05,0.808207544199746,0.0,0.441025641025641,0.808207544199746,0.404103772099873,AL,3,13,RF
1,195,-6.1703848567631965e-06,-0.06170384856763197,0.0,0.3641025641025641,-0.06170384856763197,-0.030851924283815984,AL,3,13,RF
2,217,4.0024252140939206e-05,0.40024252140939204,0.0,0.4055299539170507,0.40024252140939204,0.20012126070469602,AL,3,13,RF
0,630,-1.9965806893138995e-05,-0.19965806893138996,0.0,0.45555555555555555,-0.19965806893138996,-0.09982903446569498,SN,1,1,LASSO
0,630,1.7326926008343596e-05,0.17326926008343596,0.0,0.4857142857142857,0.17326926008343596,0.08663463004171798,SN,1,1,RF
0,611,-2.365941484394418e-05,-0.23659414843944182,0.0,0.4664484451718494,-0.23659414843944182,-0.11829707421972091,SN,1,2,LASSO
0,611,-9.547546574381957e-07,-0.009547546574381957,0.0,0.486088379705401,-0.009547546574381957,-0.004773773287190979,SN,1,2,RF
0,510,4.0017796630870455e-05,0.40017796630870456,0.0,0.47843137254901963,0.40017796630870456,0.20008898315435228,SN,1,3,LASSO
0,510,-1.5720524768763632e-05,-0.15720524768763633,0.0,0.4764705882352941,-0.15720524768763633,-0.07860262384381816,SN,1,3,RF
0,619,1.999602384581085e-05,0.1999602384581085,0.0,0.46849757673667203,0.1999602384581085,0.09998011922905425,SN,1,4,LASSO
0,619,3.7347297420749575e-05,0.37347297420749576,0.0,0.4975767366720517,0.37347297420749576,0.18673648710374788,SN,1,4,RF
0,641,4.9343273633261495e-05,0.4934327363326149,0.0,0.49453978159126366,0.4934327363326149,0.24671636816630746,SN,1,5,LASSO
0,641,4.19718137884101e-05,0.419718137884101,2.941456493799066e-05,0.500780031201248,0.419718137884101,0.2098590689420505,SN,1,5,RF
0,600,8.656533686563346e-05,0.8656533686563346,2.650356523514752e-05,0.505,0.8656533686563346,0.4328266843281673,SN,1,6,LASSO
0,600,0.00024357272158408215,2.4357272158408216,2.317556876502147e-05,0.5016666666666667,2.4357272158408216,1.2178636079204108,SN,1,6,RF
0,679,-6.61437231818655e-05,-0.661437231818655,2.5913175041192282e-05,0.5036818851251841,-0.661437231818655,-0.3307186159093275,SN,1,8,LASSO
0,679,-0.00012082932745005784,-1.2082932745005783,-5.841462170752543e-05,0.4889543446244477,-1.2082932745005783,-0.6041466372502892,SN,1,8,RF
0,551,2.2642667948417108e-05,0.22642667948417108,0.0,0.484573502722323,0.22642667948417108,0.11321333974208554,SN,1,9,LASSO
0,551,-5.247513511611672e-05,-0.5247513511611672,-7.752000516259017e-05,0.4537205081669691,-0.5247513511611672,-0.2623756755805836,SN,1,9,RF
0,559,-0.00010807789596735875,-1.0807789596735875,-9.130126485779044e-05,0.4472271914132379,-1.0807789596735875,-0.5403894798367938,SN,1,10,LASSO
0,559,2.2151312353020183e-05,0.22151312353020183,-4.7449584816172674e-05,0.4776386404293381,0.22151312353020183,0.11075656176510092,SN,1,10,RF
0,600,6.631181733343205e-05,0.6631181733343205,0.0,0.49833333333333335,0.6631181733343205,0.3315590866671603,SN,1,11,LASSO
0,600,-2.5080668589635794e-05,-0.25080668589635796,-2.3614746635203243e-05,0.48333333333333334,-0.25080668589635796,-0.12540334294817898,SN,1,11,RF
0,671,-2.3835039139831087e-05,-0.23835039139831088,-2.4286182281452184e-05,0.4858420268256334,-0.23835039139831088,-0.11917519569915544,SN,1,12,LASSO
0,671,3.2163120303769534e-05,0.3216312030376953,0.0,0.4977645305514158,0.3216312030376953,0.16081560151884766,SN,1,12,RF
0,649,2.7965177692835473e-05,0.27965177692835474,-2.3292014467823918e-05,0.48228043143297383,0.27965177692835474,0.13982588846417737,SN,1,13,LASSO
0,649,-1.0861311591745129e-05,-0.10861311591745129,0.0,0.49768875192604006,-0.10861311591745129,-0.054306557958725646,SN,1,13,RF
0,183,-4.1003995239307775e-05,-0.4100399523930778,0.0,0.48633879781420764,-0.4100399523930778,-0.2050199761965389,SN,3,2,LASSO
1,183,9.386911349413174e-06,0.09386911349413174,0.0,0.4918032786885246,0.09386911349413174,0.04693455674706587,SN,3,2,LASSO
2,203,-8.217968426237578e-05,-0.8217968426237577,-3.711154273033923e-05,0.45320197044334976,-0.8217968426237577,-0.41089842131187887,SN,3,2,LASSO
0,183,-2.1012762215829588e-05,-0.2101276221582959,-3.6440817370975154e-05,0.4644808743169399,-0.2101276221582959,-0.10506381107914795,SN,3,2,RF
1,183,-7.113913205103158e-05,-0.7113913205103158,-3.657569459636356e-05,0.4644808743169399,-0.7113913205103158,-0.3556956602551579,SN,3,2,RF
2,203,-0.00012895885617267438,-1.2895885617267437,-0.00010957495429619879,0.4039408866995074,-1.2895885617267437,-0.6447942808633719,SN,3,2,RF
0,186,4.057052473508954e-05,0.4057052473508954,-3.500114633614437e-05,0.4731182795698925,0.4057052473508954,0.2028526236754477,SN,3,4,LASSO
1,186,3.0764056927938795e-05,0.30764056927938793,-0.0001050374604939508,0.43548387096774194,0.30764056927938793,0.15382028463969397,SN,3,4,LASSO
2,207,4.287643237810386e-05,0.4287643237810386,3.543233687519631e-05,0.5217391304347826,0.4287643237810386,0.2143821618905193,SN,3,4,LASSO
0,186,0.00010456341882355247,1.0456341882355247,0.00010331381277961516,0.5591397849462365,1.0456341882355247,0.5228170941177623,SN,3,4,RF
1,186,3.0207551018777336e-05,0.30207551018777334,6.936508263999386e-05,0.5483870967741935,0.30207551018777334,0.15103775509388667,SN,3,4,RF
2,207,0.00010093527369735175,1.0093527369735176,6.846501437762775e-05,0.5314009661835749,1.0093527369735176,0.5046763684867588,SN,3,4,RF
0,192,0.00015079508489794619,1.5079508489794617,-1.6587796174416525e-05,0.5,1.5079508489794617,0.7539754244897309,SN,3,5,LASSO
1,192,9.082584802317176e-05,0.9082584802317175,-1.4718506499811213e-05,0.4739583333333333,0.9082584802317175,0.45412924011585876,SN,3,5,LASSO
2,213,0.00015750366775343824,1.5750366775343823,-3.0308440159609873e-05,0.48826291079812206,1.5750366775343823,0.7875183387671911,SN,3,5,LASSO
0,192,-0.0004129880037489475,-4.129880037489475,-0.00018987342989096323,0.4583333333333333,-4.129880037489475,-2.0649400187447373,SN,3,5,RF
1,192,-0.0004446915145069052,-4.4469151450690525,0.0,0.484375,-4.4469151450690525,-2.2234575725345262,SN,3,5,RF
2,213,-0.0002960629806084066,-2.9606298060840657,-0.00015221843373791621,0.47417840375586856,-2.9606298060840657,-1.4803149030420328,SN,3,5,RF
0,180,0.00030747769580109806,3.0747769580109807,-0.00018115014295994047,0.4888888888888889,3.0747769580109807,1.5373884790054904,SN,3,6,LASSO
1,180,0.00037949432199063107,3.7949432199063104,0.0,0.49444444444444446,3.7949432199063104,1.8974716099531552,SN,3,6,LASSO
2,200,0.00027187165222818,2.7187165222818,-0.00027220344663059226,0.47,2.7187165222818,1.3593582611409,SN,3,6,LASSO
0,180,0.00045475781321152413,4.547578132115241,3.480018749457692e-05,0.5,4.547578132115241,2.2737890660576205,SN,3,6,RF
1,180,0.0007219770061103186,7.219770061103186,0.00023067948305421915,0.5222222222222223,7.219770061103186,3.609885030551593,SN,3,6,RF
2,200,0.00010932222832243543,1.0932222832243543,0.00016221196833737794,0.52,1.0932222832243543,0.5466111416121772,SN,3,6,RF
0,204,-0.00011284684815605443,-1.1284684815605444,-0.00011973840781598355,0.47549019607843135,-1.1284684815605444,-0.5642342407802722,SN,3,8,LASSO
1,204,-0.00013014361397821608,-1.3014361397821608,6.936320581291122e-05,0.5147058823529411,-1.3014361397821608,-0.6507180698910804,SN,3,8,LASSO
2,227,-0.00020185663392033402,-2.0185663392033404,-7.862924384749448e-05,0.4889867841409692,-2.0185663392033404,-1.0092831696016702,SN,3,8,LASSO
0,204,-0.00014162558545992543,-1.4162558545992543,-0.00011973840781598355,0.4803921568627451,-1.4162558545992543,-0.7081279272996271,SN,3,8,RF
1,204,1.8303774655037298e-05,0.18303774655037297,0.00010254164396172882,0.5245098039215687,0.18303774655037297,0.09151887327518649,SN,3,8,RF
2,227,-0.00019267562847925197,-1.9267562847925197,-0.0001924993128092911,0.4669603524229075,-1.9267562847925197,-0.9633781423962599,SN,3,8,RF
0,165,4.579743060026213e-05,0.4579743060026213,0.00010272741281014408,0.5151515151515151,0.4579743060026213,0.22898715300131064,SN,3,9,LASSO
1,165,7.346935350947195e-05,0.7346935350947195,7.805190248466598e-05,0.503030303030303,0.7346935350947195,0.36734676754735973,SN,3,9,LASSO
2,183,7.053959875110941e-05,0.7053959875110941,2.5572307851384757e-05,0.5027322404371585,0.7053959875110941,0.35269799375554706,SN,3,9,LASSO
0,165,-2.3341358544971445e-05,-0.23341358544971447,-5.3207809605382295e-05,0.4909090909090909,-0.23341358544971447,-0.11670679272485723,SN,3,9,RF
1,165,-0.00012094621381827812,-1.2094621381827813,-0.00021965952773206343,0.42424242424242425,-1.2094621381827813,-0.6047310690913906,SN,3,9,RF
2,183,-0.00019476469537317706,-1.9476469537317707,-0.00010109690137993788,0.4426229508196721,-1.9476469537317707,-0.9738234768658853,SN,3,9,RF
0,168,-0.00033952847392146454,-3.3952847392146452,-0.00025972639166138567,0.4107142857142857,-3.3952847392146452,-1.6976423696073226,SN,3,10,LASSO
1,168,-0.0003346702372836622,-3.346702372836622,-0.0002511354614224137,0.40476190476190477,-3.346702372836622,-1.673351186418311,SN,3,10,LASSO
2,187,-0.0003205973721625652,-3.205973721625652,-0.00035789499275895587,0.4117647058823529,-3.205973721625652,-1.602986860812826,SN,3,10,LASSO
0,168,0.0003601350287643568,3.601350287643568,0.0002842963683324373,0.5952380952380952,3.601350287643568,1.800675143821784,SN,3,10,RF
1,168,0.0003642242026224839,3.642242026224839,0.0002358777148759872,0.5773809523809523,3.642242026224839,1.8211210131124196,SN,3,10,RF
2,187,0.0002521551607745255,2.5215516077452547,0.0002452663592661386,0.5721925133689839,2.5215516077452547,1.2607758038726273,SN,3,10,RF
0,180,0.00021349775239035943,2.1349775239035944,-3.401891440713012e-05,0.4888888888888889,2.1349775239035944,1.0674887619517972,SN,3,11,LASSO
1,180,0.00011164125769013834,1.1164125769013833,-5.0135554017005646e-05,0.48333333333333334,1.1164125769013833,0.5582062884506916,SN,3,11,LASSO
2,200,0.00019651309400108897,1.9651309400108896,7.803978389253619e-05,0.51,1.9651309400108896,0.9825654700054448,SN,3,11,LASSO
0,180,-0.00012483064691694147,-1.2483064691694146,-0.0002016289214185063,0.4666666666666667,-1.2483064691694146,-0.6241532345847073,SN,3,11,RF
1,180,-0.00012100495283194222,-1.2100495283194221,-3.6131831485930466e-05,0.4888888888888889,-1.2100495283194221,-0.6050247641597111,SN,3,11,RF
2,200,-0.00012793230620079698,-1.2793230620079699,-9.46106589014839e-05,0.48,-1.2793230620079699,-0.6396615310039849,SN,3,11,RF
0,201,-6.517426835749081e-05,-0.651742683574908,-2.384697092261412e-05,0.48258706467661694,-0.651742683574908,-0.325871341787454,SN,3,12,LASSO
1,201,-0.00010285928004592722,-1.0285928004592721,-7.350511552761674e-05,0.472636815920398,-1.0285928004592721,-0.5142964002296361,SN,3,12,LASSO
2,223,-6.287898737341685e-05,-0.6287898737341685,-7.190702518911074e-05,0.4798206278026906,-0.6287898737341685,-0.31439493686708425,SN,3,12,LASSO
0,201,7.636525027576945e-05,0.7636525027576945,-9.924080782020006e-05,0.47761194029850745,0.7636525027576945,0.38182625137884724,SN,3,12,RF
1,201,0.00011941225140201783,1.1941225140201783,4.785833931553185e-05,0.5174129353233831,1.1941225140201783,0.5970612570100892,SN,3,12,RF
2,223,5.5187274304577945e-05,0.5518727430457795,4.865233044659689e-05,0.5112107623318386,0.5518727430457795,0.27593637152288975,SN,3,12,RF
0,195,5.754909053755214e-05,0.5754909053755214,-2.35623286375386e-05,0.49230769230769234,0.5754909053755214,0.2877454526877607,SN,3,13,LASSO
1,195,6.602233332473226e-05,0.6602233332473226,9.304272311050354e-05,0.5487179487179488,0.6602233332473226,0.3301116666236613,SN,3,13,LASSO
2,217,9.021497464243218e-05,0.9021497464243218,0.0,0.4930875576036866,0.9021497464243218,0.4510748732121609,SN,3,13,LASSO
0,195,-5.2922558467779406e-05,-0.529225584677794,-7.042522442068933e-05,0.48205128205128206,-0.529225584677794,-0.264612792338897,SN,3,13,RF
1,195,-0.00015566716808266894,-1.5566716808266894,-0.00011908232969959354,0.4153846153846154,-1.5566716808266894,-0.7783358404133447,SN,3,13,RF
2,217,-0.00014336468697044049,-1.433646869704405,-6.999100845439532e-05,0.46543778801843316,-1.433646869704405,-0.7168234348522025,SN,3,13,RF
0,630,-1.254092172948995e-05,-0.12540921729489948,0.0,0.45714285714285713,-0.12540921729489948,-0.06270460864744974,NI,1,1,LASSO
0,630,4.835930404447701e-09,4.835930404447701e-05,0.0,0.4873015873015873,4.835930404447701e-05,2.4179652022238505e-05,NI,1,1,RF
0,611,-1.7269897069949028e-05,-0.17269897069949028,0.0,0.4533551554828151,-0.17269897069949028,-0.08634948534974514,NI,1,2,LASSO
0,611,1.402576000961069e-05,0.14025760009610688,0.0,0.4828150572831424,0.14025760009610688,0.07012880004805344,NI,1,2,RF
0,510,-1.5313638956497105e-05,-0.15313638956497105,0.0,0.43137254901960786,-0.15313638956497105,-0.07656819478248553,NI,1,3,LASSO
0,510,6.5562462036583775e-06,0.06556246203658378,0.0,0.44509803921568625,0.06556246203658378,0.03278123101829189,NI,1,3,RF
0,619,2.0972090909182e-05,0.20972090909181998,0.0,0.4701130856219709,0.20972090909181998,0.10486045454590999,NI,1,4,LASSO
0,619,3.2215991926496643e-06,0.03221599192649664,0.0,0.45395799676898224,0.03221599192649664,0.01610799596324832,NI,1,4,RF
0,641,-1.0345296998971706e-05,-0.10345296998971706,0.0,0.49765990639625585,-0.10345296998971706,-0.05172648499485853,NI,1,5,LASSO
0,641,-5.14178381215934e-05,-0.514178381215934,0.0,0.45865834633385333,-0.514178381215934,-0.257089190607967,NI,1,5,RF
0,600,8.735941616063577e-05,0.8735941616063576,0.0,0.4716666666666667,0.8735941616063576,0.4367970808031788,NI,1,6,LASSO
0,600,-8.078980366354128e-05,-0.8078980366354127,-7.253979121257803e-05,0.45166666666666666,-0.8078980366354127,-0.40394901831770635,NI,1,6,RF
0,679,3.3893051139691266e-05,0.33893051139691266,7.344300822564875e-05,0.5139911634756995,0.33893051139691266,0.16946525569845633,NI,1,8,LASSO
0,679,-2.240349319817327e-05,-0.2240349319817327,0.0,0.4963181148748159,-0.2240349319817327,-0.11201746599086634,NI,1,8,RF
0,551,8.082586567340979e-06,0.08082586567340978,7.075137965195655e-05,0.5190562613430127,0.08082586567340978,0.04041293283670489,NI,1,9,LASSO
0,551,1.4501725438495015e-05,0.14501725438495014,6.750826976309465e-05,0.5063520871143375,0.14501725438495014,0.07250862719247507,NI,1,9,RF
0,559,-5.72577875948762e-05,-0.5725778759487621,0.0,0.4400715563506261,-0.5725778759487621,-0.28628893797438104,NI,1,10,LASSO
0,559,-3.742721160272504e-06,-0.03742721160272504,0.0,0.4937388193202147,-0.03742721160272504,-0.01871360580136252,NI,1,10,RF
0,600,4.625225373958912e-05,0.46252253739589116,0.0,0.4633333333333333,0.46252253739589116,0.23126126869794558,NI,1,11,LASSO
0,600,-1.1747449430052349e-05,-0.11747449430052348,0.0,0.49333333333333335,-0.11747449430052348,-0.05873724715026174,NI,1,11,RF
0,671,5.309164837272533e-06,0.05309164837272533,0.0,0.4903129657228018,0.05309164837272533,0.026545824186362664,NI,1,12,LASSO
0,671,2.17480593266716e-05,0.21748059326671598,7.51710140569628e-05,0.5007451564828614,0.21748059326671598,0.10874029663335799,NI,1,12,RF
0,649,1.191335271781739e-05,0.11913352717817391,0.0,0.4899845916795069,0.11913352717817391,0.059566763589086955,NI,1,13,LASSO
0,649,-1.280726652003021e-05,-0.1280726652003021,0.0,0.4622496147919877,-0.1280726652003021,-0.06403633260015106,NI,1,13,RF
0,183,-4.911455699524235e-06,-0.04911455699524235,0.0,0.4808743169398907,-0.04911455699524235,-0.024557278497621175,NI,3,2,LASSO
1,183,-8.858148401713071e-07,-0.00885814840171307,0.0,0.46994535519125685,-0.00885814840171307,-0.004429074200856535,NI,3,2,LASSO
2,203,-4.803461837836031e-05,-0.4803461837836031,-0.00016370631087825327,0.41379310344827586,-0.4803461837836031,-0.24017309189180155,NI,3,2,LASSO
0,183,1.0019784451931008e-05,0.10019784451931009,8.165264962844976e-05,0.5136612021857924,0.10019784451931009,0.050098922259655045,NI,3,2,RF
1,183,2.2382841808535958e-05,0.22382841808535958,8.196721311470867e-05,0.5245901639344263,0.22382841808535958,0.11191420904267979,NI,3,2,RF
2,203,4.3847027415232896e-06,0.04384702741523289,8.167932696223623e-05,0.5073891625615764,0.04384702741523289,0.021923513707616447,NI,3,2,RF
0,186,5.0558029903625406e-05,0.505580299036254,8.378367070960291e-05,0.5161290322580645,0.505580299036254,0.252790149518127,NI,3,4,LASSO
1,186,5.579703965749434e-05,0.5579703965749434,0.0,0.478494623655914,0.5579703965749434,0.2789851982874717,NI,3,4,LASSO
2,207,5.436031649455836e-05,0.5436031649455836,0.0,0.4975845410628019,0.5436031649455836,0.2718015824727918,NI,3,4,LASSO
0,186,3.996382965721399e-06,0.03996382965721399,0.0,0.44086021505376344,0.03996382965721399,0.019981914828606995,NI,3,4,RF
1,186,1.559658314109817e-05,0.15596583141098172,0.0,0.44086021505376344,0.15596583141098172,0.07798291570549086,NI,3,4,RF
2,207,5.5974211567465874e-05,0.5597421156746587,8.414675193535448e-05,0.5265700483091788,0.5597421156746587,0.27987105783732935,NI,3,4,RF
0,192,9.362231855757769e-05,0.9362231855757769,8.497620727576649e-05,0.515625,0.9362231855757769,0.46811159278788844,NI,3,5,LASSO
1,192,8.112740289116342e-05,0.8112740289116342,3.9625931209374965e-05,0.5,0.8112740289116342,0.4056370144558171,NI,3,5,LASSO
2,213,0.00010358157842927079,1.0358157842927078,0.0,0.49295774647887325,1.0358157842927078,0.5179078921463539,NI,3,5,LASSO
0,192,-0.00019010352121823804,-1.9010352121823804,-8.724149906608192e-05,0.40625,-1.9010352121823804,-0.9505176060911902,NI,3,5,RF
1,192,-0.0002295576816321755,-2.295576816321755,-8.346301147754698e-05,0.453125,-2.295576816321755,-1.1477884081608776,NI,3,5,RF
2,213,-0.0001542919170399679,-1.542919170399679,-8.529512111909998e-05,0.431924882629108,-1.542919170399679,-0.7714595851998395,NI,3,5,RF
0,180,-6.793618034583571e-05,-0.6793618034583572,0.00010474525398240786,0.5388888888888889,-0.6793618034583572,-0.3396809017291786,NI,3,6,LASSO
1,180,-6.251261441988015e-05,-0.6251261441988015,-0.00010575060077500087,0.4722222222222222,-0.6251261441988015,-0.31256307209940076,NI,3,6,LASSO
2,200,0.0001392914474821716,1.392914474821716,0.0,0.495,1.392914474821716,0.696457237410858,NI,3,6,LASSO
0,180,0.00010053799071102178,1.0053799071102179,-7.127075797014326e-05,0.4777777777777778,1.0053799071102179,0.5026899535551089,NI,3,6,RF
1,180,0.0002486902407184719,2.486902407184719,-0.00010415030729760133,0.48333333333333334,2.486902407184719,1.2434512035923595,NI,3,6,RF
2,200,-2.460388229808541e-05,-0.2460388229808541,-0.0002872798201438709,0.41,-0.2460388229808541,-0.12301941149042706,NI,3,6,RF
0,204,0.00010801887677818821,1.0801887677818822,0.0,0.49019607843137253,1.0801887677818822,0.5400943838909411,NI,3,8,LASSO
1,204,0.00010867225717533741,1.0867225717533742,0.00021924233591541498,0.5588235294117647,1.0867225717533742,0.5433612858766871,NI,3,8,LASSO
2,227,2.5391072122701266e-05,0.25391072122701264,0.0,0.4889867841409692,0.25391072122701264,0.12695536061350632,NI,3,8,LASSO
0,204,-0.0001359996663351727,-1.359996663351727,3.6638088957263726e-05,0.5,-1.359996663351727,-0.6799983316758635,NI,3,8,RF
1,204,-0.00010208251599752528,-1.020825159975253,7.233404795714549e-05,0.5049019607843137,-1.020825159975253,-0.5104125799876265,NI,3,8,RF
2,227,2.9373151670293493e-05,0.29373151670293496,7.288629737600694e-05,0.5022026431718062,0.29373151670293496,0.14686575835146748,NI,3,8,RF
0,165,6.669271437119807e-06,0.06669271437119807,0.0,0.4909090909090909,0.06669271437119807,0.033346357185599036,NI,3,9,LASSO
1,165,-2.5822917786488483e-06,-0.025822917786488483,7.094211123725991e-05,0.509090909090909,-0.025822917786488483,-0.012911458893244241,NI,3,9,LASSO
2,183,1.9399833345984902e-05,0.19399833345984902,0.0,0.48633879781420764,0.19399833345984902,0.09699916672992451,NI,3,9,LASSO
0,165,-5.552338885025679e-08,-0.0005552338885025679,6.762696963558135e-05,0.509090909090909,-0.0005552338885025679,-0.00027761694425128394,NI,3,9,RF
1,165,-2.9332981160452306e-05,-0.29332981160452304,0.0,0.4909090909090909,-0.29332981160452304,-0.14666490580226152,NI,3,9,RF
2,183,-3.3005262043098246e-05,-0.33005262043098244,-7.137758743747113e-05,0.4644808743169399,-0.33005262043098244,-0.16502631021549122,NI,3,9,RF
0,168,-0.00012966456384970262,-1.2966456384970262,-6.908726447241165e-05,0.4226190476190476,-1.2966456384970262,-0.6483228192485131,NI,3,10,LASSO
1,168,-0.00015142576097207638,-1.5142576097207638,0.0,0.48214285714285715,-1.5142576097207638,-0.7571288048603819,NI,3,10,LASSO
2,187,-0.00016714882585773535,-1.6714882585773536,-0.00013919821826280376,0.4385026737967914,-1.6714882585773536,-0.8357441292886768,NI,3,10,LASSO
0,168,-0.0001394299957467791,-1.394299957467791,0.0,0.4880952380952381,-1.394299957467791,-0.6971499787338955,NI,3,10,RF
1,168,-0.0001817843453804818,-1.817843453804818,-6.798479536129776e-05,0.4523809523809524,-1.817843453804818,-0.908921726902409,NI,3,10,RF
2,187,-8.226294161589865e-05,-0.8226294161589864,6.989585517580554e-05,0.5080213903743316,-0.8226294161589864,-0.4113147080794932,NI,3,10,RF
0,180,0.00016277124929960424,1.6277124929960425,0.0,0.49444444444444446,1.6277124929960425,0.8138562464980212,NI,3,11,LASSO
1,180,0.00015254419347768833,1.5254419347768833,0.0,0.4888888888888889,1.5254419347768833,0.7627209673884416,NI,3,11,LASSO
2,200,0.00012788583821720712,1.2788583821720712,0.0,0.495,1.2788583821720712,0.6394291910860356,NI,3,11,LASSO
0,180,-5.764498728404948e-07,-0.005764498728404947,7.434115164711708e-05,0.5222222222222223,-0.005764498728404947,-0.0028822493642024737,NI,3,11,RF
1,180,1.3946657795638195e-06,0.013946657795638195,0.0,0.49444444444444446,0.013946657795638195,0.006973328897819098,NI,3,11,RF
2,200,0.00012128757609662199,1.21287576096622,0.00014148165196781193,0.525,1.21287576096622,0.60643788048311,NI,3,11,RF
0,201,4.083204702013438e-06,0.04083204702013438,-7.564296520423675e-05,0.4626865671641791,0.04083204702013438,0.02041602351006719,NI,3,12,LASSO
1,201,-8.850102078354165e-05,-0.8850102078354165,-0.0001513202693500526,0.4228855721393035,-0.8850102078354165,-0.44250510391770825,NI,3,12,LASSO
2,223,-7.936785860858019e-05,-0.7936785860858019,-0.00015129737499064433,0.4439461883408072,-0.7936785860858019,-0.39683929304290094,NI,3,12,LASSO
0,201,-8.10830868991855e-05,-0.810830868991855,0.0,0.47761194029850745,-0.810830868991855,-0.4054154344959275,NI,3,12,RF
1,201,-3.155583232599599e-05,-0.3155583232599599,0.0,0.48258706467661694,-0.3155583232599599,-0.15777916162997996,NI,3,12,RF
2,223,-2.9553851412682063e-05,-0.29553851412682064,0.0,0.47533632286995514,-0.29553851412682064,-0.14776925706341032,NI,3,12,RF
0,195,-3.9116163507345844e-06,-0.03911616350734584,0.0,0.4666666666666667,-0.03911616350734584,-0.01955808175367292,NI,3,13,LASSO
1,195,1.439647842349227e-06,0.014396478423492272,-7.642338555591266e-05,0.4461538461538462,0.014396478423492272,0.007198239211746136,NI,3,13,LASSO
2,217,-7.045092557963028e-05,-0.7045092557963027,-7.787555486338249e-05,0.423963133640553,-0.7045092557963027,-0.3522546278981514,NI,3,13,LASSO
0,195,5.9312965802929626e-05,0.5931296580292963,7.788161993771414e-05,0.5128205128205128,0.5931296580292963,0.29656482901464815,NI,3,13,RF
1,195,3.818032893846498e-05,0.3818032893846498,0.0,0.49230769230769234,0.3818032893846498,0.1909016446923249,NI,3,13,RF
2,217,7.90602042164315e-05,0.7906020421643151,7.647598654025867e-05,0.5069124423963134,0.7906020421643151,0.39530102108215753,NI,3,13,RF
0,1104,2.1212109525999303e-05,0.21212109525999304,0.0,0.4628623188405797,0.21212109525999304,0.10606054762999652,SC,1,0,LASSO
0,1104,-6.161811079515043e-06,-0.06161811079515043,0.0,0.46105072463768115,-0.06161811079515043,-0.030809055397575214,SC,1,0,RF
0,1008,4.104415565747412e-06,0.04104415565747412,0.0,0.44841269841269843,0.04104415565747412,0.02052207782873706,SC,1,1,LASSO
0,1008,2.7816707268766983e-05,0.2781670726876698,0.0,0.44246031746031744,0.2781670726876698,0.1390835363438349,SC,1,1,RF
0,989,-4.069234845067654e-06,-0.04069234845067654,0.0,0.43174924165824063,-0.04069234845067654,-0.02034617422533827,SC,1,2,LASSO
0,989,3.2132929899788244e-05,0.32132929899788243,0.0,0.4398382204246714,0.32132929899788243,0.16066464949894121,SC,1,2,RF
0,816,-4.573971762457181e-05,-0.45739717624571813,0.0,0.4362745098039216,-0.45739717624571813,-0.22869858812285906,SC,1,3,LASSO
0,816,-1.3691526144790498e-05,-0.13691526144790497,0.0,0.43995098039215685,-0.13691526144790497,-0.06845763072395249,SC,1,3,RF
0,979,3.8485071277591226e-05,0.38485071277591226,0.0,0.46782431052093976,0.38485071277591226,0.19242535638795613,SC,1,4,LASSO
0,979,-6.71787872284171e-06,-0.06717878722841711,0.0,0.4473953013278856,-0.06717878722841711,-0.033589393614208554,SC,1,4,RF
0,1037,-1.0977583335439455e-05,-0.10977583335439454,0.0,0.420443587270974,-0.10977583335439454,-0.05488791667719727,SC,1,5,LASSO
0,1037,-2.7357683166749526e-05,-0.27357683166749525,0.0,0.4136933461909354,-0.27357683166749525,-0.13678841583374762,SC,1,5,RF
0,960,-4.461226227920843e-05,-0.4461226227920843,0.0,0.45625,-0.4461226227920843,-0.22306131139604216,SC,1,6,LASSO
0,960,-4.497740585716476e-05,-0.44977405857164754,0.0,0.4552083333333333,-0.44977405857164754,-0.22488702928582377,SC,1,6,RF
0,624,5.411986094437019e-05,0.5411986094437019,0.0,0.4583333333333333,0.5411986094437019,0.27059930472185095,SC,1,7,LASSO
0,624,-2.6060315972184785e-05,-0.26060315972184783,0.0,0.4599358974358974,-0.26060315972184783,-0.13030157986092392,SC,1,7,RF
0,1064,2.2043124677336118e-05,0.22043124677336118,0.0,0.4924812030075188,0.22043124677336118,0.11021562338668059,SC,1,8,LASSO
0,1064,0.00015685726414013313,1.5685726414013312,0.0,0.4859022556390977,1.5685726414013312,0.7842863207006656,SC,1,8,RF
0,893,-6.932713274220818e-06,-0.06932713274220818,0.0,0.48040313549832026,-0.06932713274220818,-0.03466356637110409,SC,1,9,LASSO
0,893,5.5856241592249646e-05,0.5585624159224964,0.00014087681246732764,0.5005599104143337,0.5585624159224964,0.2792812079612482,SC,1,9,RF
0,883,-2.11500581806677e-05,-0.211500581806677,0.0,0.4711211778029445,-0.211500581806677,-0.1057502909033385,SC,1,10,LASSO
0,883,1.5232818445500165e-05,0.15232818445500165,0.0,0.47565118912797283,0.15232818445500165,0.07616409222750083,SC,1,10,RF
0,960,2.3660883898143684e-05,0.23660883898143684,0.0,0.45625,0.23660883898143684,0.11830441949071842,SC,1,11,LASSO
0,960,-8.244354018939516e-05,-0.8244354018939517,0.0,0.45208333333333334,-0.8244354018939517,-0.41221770094697585,SC,1,11,RF
0,1085,3.0348162608465926e-05,0.3034816260846593,0.0,0.46543778801843316,0.3034816260846593,0.15174081304232964,SC,1,12,LASSO
0,1085,6.811871451258705e-05,0.6811871451258705,0.0,0.47096774193548385,0.6811871451258705,0.34059357256293527,SC,1,12,RF
0,1027,6.810107667086663e-05,0.6810107667086662,0.0,0.47030185004868547,0.6810107667086662,0.3405053833543331,SC,1,13,LASSO
0,1027,0.00012053217647638775,1.2053217647638774,0.0,0.49269717624148,1.2053217647638774,0.6026608823819387,SC,1,13,RF
0,345,9.305559223008094e-05,0.9305559223008094,0.00019327014260484,0.5246376811594203,0.9305559223008094,0.4652779611504047,SC,3,0,LASSO
1,345,8.334573106865236e-05,0.8334573106865236,0.00019007528674519492,0.5072463768115942,0.8334573106865236,0.4167286553432618,SC,3,0,LASSO
2,368,8.86407087241778e-05,0.8864070872417781,0.00019003235477288438,0.5027173913043478,0.8864070872417781,0.44320354362088904,SC,3,0,LASSO
0,345,-6.301108896879008e-05,-0.6301108896879009,0.0,0.4492753623188406,-0.6301108896879009,-0.3150554448439504,SC,3,0,RF
1,345,-8.497412421137402e-05,-0.8497412421137401,0.0,0.4666666666666667,-0.8497412421137401,-0.42487062105687007,SC,3,0,RF
2,368,-2.1586301570194008e-05,-0.21586301570194008,9.36321778433058e-05,0.5,-0.21586301570194008,-0.10793150785097004,SC,3,0,RF
0,315,-9.549912387276719e-06,-0.09549912387276718,0.0,0.45714285714285713,-0.09549912387276718,-0.04774956193638359,SC,3,1,LASSO
1,315,-3.219758228199082e-05,-0.3219758228199082,0.0,0.45714285714285713,-0.3219758228199082,-0.1609879114099541,SC,3,1,LASSO
2,336,-1.2403639378083664e-05,-0.12403639378083664,0.0,0.4642857142857143,-0.12403639378083664,-0.06201819689041832,SC,3,1,LASSO
0,315,0.00014429373036900525,1.4429373036900526,0.0,0.4888888888888889,1.4429373036900526,0.7214686518450263,SC,3,1,RF
1,315,0.0001153869350399307,1.1538693503993072,0.0,0.4666666666666667,1.1538693503993072,0.5769346751996536,SC,3,1,RF
2,336,2.041056766063788e-05,0.2041056766063788,0.0,0.48214285714285715,0.2041056766063788,0.1020528383031894,SC,3,1,RF
0,309,-1.1424000432286434e-05,-0.11424000432286434,0.0,0.4627831715210356,-0.11424000432286434,-0.05712000216143217,SC,3,2,LASSO
1,309,1.801520114736589e-05,0.1801520114736589,0.0,0.459546925566343,0.1801520114736589,0.09007600573682945,SC,3,2,LASSO
2,329,9.906270366258344e-06,0.09906270366258343,0.0,0.44984802431610943,0.09906270366258343,0.04953135183129172,SC,3,2,LASSO
0,309,-7.425341117929291e-05,-0.742534111792929,0.0,0.44336569579288027,-0.742534111792929,-0.3712670558964645,SC,3,2,RF
1,309,3.066790617817282e-05,0.3066790617817282,0.0,0.4692556634304207,0.3066790617817282,0.1533395308908641,SC,3,2,RF
2,329,5.54855130851431e-07,0.00554855130851431,0.0,0.47112462006079026,0.00554855130851431,0.002774275654257155,SC,3,2,RF
0,255,-0.00012313933741677185,-1.2313933741677185,0.0,0.45098039215686275,-1.2313933741677185,-0.6156966870838593,SC,3,3,LASSO
1,255,-9.999939273068181e-05,-0.9999939273068181,0.0,0.45098039215686275,-0.9999939273068181,-0.49999696365340907,SC,3,3,LASSO
2,272,-0.00011275523533497324,-1.1275523533497325,0.0,0.47794117647058826,-1.1275523533497325,-0.5637761766748662,SC,3,3,LASSO
0,255,-4.0510641539380584e-06,-0.04051064153938058,0.0,0.4470588235294118,-0.04051064153938058,-0.02025532076969029,SC,3,3,RF
1,255,0.00012124080007888574,1.2124080007888574,0.0,0.4823529411764706,1.2124080007888574,0.6062040003944287,SC,3,3,RF
2,272,-3.480860802933658e-05,-0.3480860802933658,0.0,0.4522058823529412,-0.3480860802933658,-0.1740430401466829,SC,3,3,RF
0,306,9.923879684737281e-05,0.9923879684737281,0.0002201239713598424,0.5261437908496732,0.9923879684737281,0.49619398423686406,SC,3,4,LASSO
1,306,0.00010480496578907009,1.0480496578907008,0.00010650277264712127,0.5,1.0480496578907008,0.5240248289453504,SC,3,4,LASSO
2,327,0.00011242897103461098,1.1242897103461098,0.0,0.4801223241590214,1.1242897103461098,0.5621448551730549,SC,3,4,LASSO
0,306,-0.00018656083944638613,-1.8656083944638613,0.0,0.42483660130718953,-1.8656083944638613,-0.9328041972319306,SC,3,4,RF
1,306,3.5597045902354676e-05,0.35597045902354674,0.0,0.4934640522875817,0.35597045902354674,0.17798522951177337,SC,3,4,RF
2,327,-6.147339611314752e-05,-0.6147339611314752,-0.00021555754327018395,0.41590214067278286,-0.6147339611314752,-0.3073669805657376,SC,3,4,RF
0,324,-6.130333522332633e-05,-0.6130333522332633,0.0,0.4351851851851852,-0.6130333522332633,-0.30651667611663164,SC,3,5,LASSO
1,324,-3.901587622722753e-05,-0.3901587622722753,0.0,0.4228395061728395,-0.3901587622722753,-0.19507938113613765,SC,3,5,LASSO
2,345,-6.0023862613181885e-05,-0.6002386261318189,0.0,0.4608695652173913,-0.6002386261318189,-0.30011931306590944,SC,3,5,LASSO
0,324,-9.694900002102517e-05,-0.9694900002102517,0.0,0.4351851851851852,-0.9694900002102517,-0.48474500010512583,SC,3,5,RF
1,324,-9.721547121999541e-06,-0.09721547121999541,0.0,0.4351851851851852,-0.09721547121999541,-0.048607735609997704,SC,3,5,RF
2,345,1.7314028124875693e-05,0.17314028124875694,0.0,0.48695652173913045,0.17314028124875694,0.08657014062437847,SC,3,5,RF
0,300,-0.00015715860289599334,-1.5715860289599335,0.0,0.47333333333333333,-1.5715860289599335,-0.7857930144799667,SC,3,6,LASSO
1,300,-0.0001599893005372625,-1.599893005372625,0.0,0.4866666666666667,-1.599893005372625,-0.7999465026863125,SC,3,6,LASSO
2,320,-0.00015024878022266394,-1.5024878022266395,0.0,0.478125,-1.5024878022266395,-0.7512439011133197,SC,3,6,LASSO
0,300,-0.0001275357096194359,-1.275357096194359,0.0,0.4666666666666667,-1.275357096194359,-0.6376785480971795,SC,3,6,RF
1,300,-0.0001387821140974995,-1.387821140974995,0.0,0.44666666666666666,-1.387821140974995,-0.6939105704874975,SC,3,6,RF
2,320,-0.00017758509440052062,-1.7758509440052062,0.0,0.446875,-1.7758509440052062,-0.8879254720026031,SC,3,6,RF
0,195,0.00017010079216102093,1.7010079216102092,-0.00020869386679500668,0.4512820512820513,1.7010079216102092,0.8505039608051046,SC,3,7,LASSO
1,195,0.00013579442376556613,1.3579442376556612,0.0,0.49743589743589745,1.3579442376556612,0.6789721188278306,SC,3,7,LASSO
2,208,0.00014242372503428096,1.4242372503428096,0.0,0.46634615384615385,1.4242372503428096,0.7121186251714048,SC,3,7,LASSO
0,195,-0.0002585155247430543,-2.585155247430543,0.0,0.4717948717948718,-2.585155247430543,-1.2925776237152715,SC,3,7,RF
1,195,5.352783716465349e-05,0.5352783716465349,0.0,0.48717948717948717,0.5352783716465349,0.26763918582326746,SC,3,7,RF
2,208,-0.00024195926785079596,-2.41959267850796,-0.00020941192361023653,0.4182692307692308,-2.41959267850796,-1.20979633925398,SC,3,7,RF
0,333,4.44321077601238e-05,0.444321077601238,0.0,0.4864864864864865,0.444321077601238,0.222160538800619,SC,3,8,LASSO
1,332,-2.0826493055739703e-05,-0.20826493055739703,0.00014563951864043911,0.5150602409638554,-0.20826493055739703,-0.10413246527869852,SC,3,8,LASSO
2,355,7.099006032506345e-05,0.7099006032506345,0.00015040839688151841,0.5126760563380282,0.7099006032506345,0.35495030162531727,SC,3,8,LASSO
0,333,0.0009689288523276364,9.689288523276364,0.0004619460759021088,0.5435435435435435,9.689288523276364,4.844644261638182,SC,3,8,RF
1,332,0.00038459824461911684,3.8459824461911682,0.00038707390417414,0.5301204819277109,3.8459824461911682,1.9229912230955841,SC,3,8,RF
2,355,0.0002567148989015699,2.5671489890156987,0.0,0.48169014084507045,2.5671489890156987,1.2835744945078493,SC,3,8,RF
0,279,-2.3749131927679284e-05,-0.23749131927679284,0.00015591743282472592,0.5197132616487455,-0.23749131927679284,-0.11874565963839642,SC,3,9,LASSO
1,279,9.625300377788118e-05,0.9625300377788119,0.0,0.4874551971326165,0.9625300377788119,0.4812650188894059,SC,3,9,LASSO
2,297,1.9888110781030145e-05,0.19888110781030147,0.00014661677104421678,0.5050505050505051,0.19888110781030147,0.09944055390515073,SC,3,9,LASSO
0,279,-0.00022040077032258381,-2.2040077032258383,0.0,0.4838709677419355,-2.2040077032258383,-1.1020038516129191,SC,3,9,RF
1,279,-3.229974771308129e-05,-0.3229974771308129,0.0,0.4659498207885305,-0.3229974771308129,-0.16149873856540645,SC,3,9,RF
2,297,-0.00016951222688758896,-1.6951222688758896,-0.0001582106959117091,0.45454545454545453,-1.6951222688758896,-0.8475611344379448,SC,3,9,RF
0,276,-0.00028487526156193723,-2.848752615619372,0.0,0.4782608695652174,-2.848752615619372,-1.424376307809686,SC,3,10,LASSO
1,276,-0.0002567378657384029,-2.5673786573840287,0.00015842672952348646,0.5181159420289855,-2.5673786573840287,-1.2836893286920144,SC,3,10,LASSO
2,295,-0.0001458079323347112,-1.4580793233471119,0.0,0.4847457627118644,-1.4580793233471119,-0.7290396616735559,SC,3,10,LASSO
0,276,0.00017224663692182998,1.7224663692182998,0.00014965373192377118,0.5036231884057971,1.7224663692182998,0.8612331846091499,SC,3,10,RF
1,276,0.00024445962685071547,2.4445962685071545,-0.00015831141448907626,0.47101449275362317,2.4445962685071545,1.2222981342535773,SC,3,10,RF
2,295,0.000293729795505063,2.9372979550506297,0.0,0.47796610169491527,2.9372979550506297,1.4686489775253149,SC,3,10,RF
0,300,0.0003979119906341033,3.979119906341033,0.00021078932048856913,0.53,3.979119906341033,1.9895599531705166,SC,3,11,LASSO
1,300,0.0003656065681401714,3.656065681401714,0.00020741968345022732,0.5333333333333333,3.656065681401714,1.828032840700857,SC,3,11,LASSO
2,320,0.0002801629290445324,2.8016292904453244,0.00016720198438213707,0.5125,2.8016292904453244,1.4008146452226622,SC,3,11,LASSO
0,300,0.0001908099219760399,1.908099219760399,0.0,0.49,1.908099219760399,0.9540496098801995,SC,3,11,RF
1,300,0.00011187255640947172,1.1187255640947171,0.0,0.47333333333333333,1.1187255640947171,0.5593627820473586,SC,3,11,RF
2,320,0.0001803497448560277,1.8034974485602768,8.156932412123341e-05,0.5,1.8034974485602768,0.9017487242801384,SC,3,11,RF
0,339,1.764091678336147e-06,0.01764091678336147,-0.00021398883417211856,0.45427728613569324,0.01764091678336147,0.008820458391680734,SC,3,12,LASSO
1,339,4.26727437271879e-05,0.426727437271879,0.0,0.4749262536873156,0.426727437271879,0.2133637186359395,SC,3,12,LASSO
2,361,1.3736495774269855e-05,0.13736495774269855,0.0,0.46537396121883656,0.13736495774269855,0.06868247887134928,SC,3,12,LASSO
0,339,0.00015245580338433108,1.524558033843311,0.0,0.4837758112094395,1.524558033843311,0.7622790169216555,SC,3,12,RF
1,339,0.00013281507292281036,1.3281507292281036,0.0,0.4837758112094395,1.3281507292281036,0.6640753646140518,SC,3,12,RF
2,361,0.0001306551826345798,1.306551826345798,0.0,0.4903047091412742,1.306551826345798,0.653275913172899,SC,3,12,RF
0,321,-0.0004264849088786569,-4.264849088786569,-0.0001811273280911685,0.4392523364485981,-4.264849088786569,-2.1324245443932845,SC,3,13,LASSO
1,321,-0.0004594335094371265,-4.5943350943712655,-0.0003511450414397377,0.42990654205607476,-4.5943350943712655,-2.2971675471856328,SC,3,13,LASSO
2,343,-0.00041933204185062015,-4.193320418506201,-0.0003514535505388938,0.4198250728862974,-4.193320418506201,-2.0966602092531006,SC,3,13,LASSO
0,321,0.000187295438262124,1.87295438262124,0.0,0.4984423676012461,1.87295438262124,0.93647719131062,SC,3,13,RF
1,321,-2.522242420962457e-05,-0.2522242420962457,0.0,0.4953271028037383,-0.2522242420962457,-0.12611212104812286,SC,3,13,RF
2,343,8.222908737626325e-05,0.8222908737626325,-0.00017305796057631717,0.4518950437317784,0.8222908737626325,0.4111454368813163,SC,3,13,RF
