group,horizon,features,stratum,learner,instrument_count,median_auc,positive_share_auc,median_brier_skill,positive_share_brier_skill,median_logloss_skill,positive_share_logloss_skill,median_return_spread,positive_share_return_spread
ALL_8,H15,S0,ALL,gbr,8,0.5159746955302301,1.0,-0.004370056793082,0.125,-0.0032852556283947676,0.0,-8.837082346794372e-05,0.5
ALL_8,H15,S0,ALL,logistic,8,0.5074753390405132,1.0,-0.0035881735754094146,0.25,-0.002838627942106875,0.25,-7.789304751582365e-05,0.25
ALL_8,H15,S0,TOP20,gbr,8,0.5165889022254241,1.0,-0.009181933858157687,0.125,-0.007159853507434977,0.125,-0.00017431564787765596,0.5
ALL_8,H15,S0,TOP20,logistic,8,0.5026191394937592,1.0,-0.01142410096141211,0.125,-0.009060880281566375,0.125,-0.0002952833284794449,0.25
ALL_8,H15,S0,TOP30,gbr,8,0.5160708826718565,1.0,-0.0061420662567909234,0.125,-0.004799512059004085,0.125,-0.00016938964503695206,0.5
ALL_8,H15,S0,TOP30,logistic,8,0.505234344080296,1.0,-0.0077828734629670215,0.125,-0.0059536038891158105,0.125,-0.00021809353759922587,0.25
ALL_8,H15,S0,TOP50,gbr,8,0.5156942145193467,1.0,-0.004719361304462044,0.125,-0.0036143234311788452,0.125,-0.00015947661868352515,0.375
ALL_8,H15,S0,TOP50,logistic,8,0.5063952133685268,1.0,-0.005672656632174311,0.25,-0.004359327215716635,0.25,-0.00011133679064192512,0.25
ALL_8,H15,S1,ALL,gbr,8,0.5156126838734676,1.0,-0.006428248259264913,0.125,-0.00494735988937578,0.125,-8.810120978101304e-05,0.375
ALL_8,H15,S1,ALL,logistic,8,0.5106430693896,1.0,-0.006091304654166185,0.125,-0.007524591904195854,0.125,-6.038503551437676e-05,0.375
ALL_8,H15,S1,TOP20,gbr,8,0.5242752865690576,1.0,-0.008251206061478888,0.125,-0.0066188020289537075,0.125,-0.00021718793136712853,0.375
ALL_8,H15,S1,TOP20,logistic,8,0.5146996162052575,1.0,-0.012850653806745771,0.125,-0.015497722831654848,0.125,-6.0872874053553435e-05,0.375
ALL_8,H15,S1,TOP30,gbr,8,0.5244756247337254,1.0,-0.005171459203282103,0.125,-0.004198232466839369,0.125,-0.00020098025596177574,0.375
ALL_8,H15,S1,TOP30,logistic,8,0.5131200766235343,1.0,-0.010995573987386154,0.25,-0.013015589345276357,0.125,-9.743293608374921e-05,0.5
ALL_8,H15,S1,TOP50,gbr,8,0.5189464178788841,1.0,-0.003824526719090948,0.0,-0.002932556379863671,0.0,-0.0001674216772503984,0.375
ALL_8,H15,S1,TOP50,logistic,8,0.5095660974345706,1.0,-0.008660977131836445,0.25,-0.010416577351189282,0.25,-9.596443136177934e-05,0.25
ALL_8,H15,S2,ALL,gbr,8,0.5152167822016407,1.0,-0.005110707558286354,0.0,-0.003976737148627452,0.0,-9.702193596198557e-05,0.375
ALL_8,H15,S2,ALL,logistic,8,0.5127989847106067,1.0,-0.007375255244643886,0.125,-0.009462424025466376,0.125,-5.541800088116629e-05,0.5
ALL_8,H15,S2,TOP20,gbr,8,0.5232176934311127,1.0,-0.008643998660979313,0.125,-0.006796076109524374,0.125,6.799930487133988e-05,0.5
ALL_8,H15,S2,TOP20,logistic,8,0.5250141889412892,1.0,-0.018837760841016515,0.125,-0.022928006659549416,0.125,-1.6253419488910386e-05,0.5
ALL_8,H15,S2,TOP30,gbr,8,0.5223140569098648,1.0,-0.005237083459113112,0.125,-0.004253280325436148,0.125,-2.0527827332593254e-05,0.5
ALL_8,H15,S2,TOP30,logistic,8,0.5199088275902622,1.0,-0.014811231934281466,0.25,-0.018277954229960813,0.25,-3.802149187648498e-05,0.5
ALL_8,H15,S2,TOP50,gbr,8,0.5190599649264975,1.0,-0.004724307688246054,0.0,-0.003630640174407951,0.0,-9.548492265622517e-05,0.375
ALL_8,H15,S2,TOP50,logistic,8,0.5165111243361442,1.0,-0.01048875287735307,0.125,-0.014785923535849954,0.125,-8.352668478388053e-05,0.5
ALL_8,H15,S3,ALL,gbr,8,0.5146276163983641,1.0,-0.0055906804478566,0.125,-0.0043111442486800655,0.125,-6.643306356156886e-05,0.375
ALL_8,H15,S3,ALL,logistic,8,0.5115511762017819,1.0,-0.008135881344119356,0.125,-0.011166702113186822,0.125,5.705158309754134e-06,0.5
ALL_8,H15,S3,TOP20,gbr,8,0.5226225716507302,1.0,-0.008408114190121219,0.125,-0.00662157067564062,0.125,-3.522588343926345e-05,0.5
ALL_8,H15,S3,TOP20,logistic,8,0.5251544217873518,1.0,-0.020254236090997302,0.125,-0.028165886843922516,0.125,9.970884993692104e-05,0.625
ALL_8,H15,S3,TOP30,gbr,8,0.5213919434606744,1.0,-0.004919740510898274,0.125,-0.0037403987765263214,0.125,-5.472393449560999e-05,0.5
ALL_8,H15,S3,TOP30,logistic,8,0.5206477380430006,1.0,-0.015880005183898427,0.25,-0.02164388399284345,0.25,1.2608168066648501e-05,0.5
ALL_8,H15,S3,TOP50,gbr,8,0.5188332432785069,1.0,-0.0045200779241876266,0.0,-0.003458924034260291,0.0,-6.136161633838248e-05,0.375
ALL_8,H15,S3,TOP50,logistic,8,0.5172629762918071,1.0,-0.01149548578743087,0.125,-0.017241907953166158,0.125,-4.579023664806749e-05,0.5
ALL_8,H5,S0,ALL,gbr,8,0.5264711555795316,1.0,-0.0016373567101026776,0.375,-0.0013966941734353533,0.125,-1.0465555166977736e-05,0.375
ALL_8,H5,S0,ALL,logistic,8,0.5205723362963346,1.0,-0.001378651809912923,0.25,-0.0011550740415989802,0.125,-2.894996672928326e-05,0.5
ALL_8,H5,S0,TOP20,gbr,8,0.5223174278879269,1.0,-0.0056482013357013194,0.125,-0.004263132116778978,0.125,-5.2117968715777254e-05,0.375
ALL_8,H5,S0,TOP20,logistic,8,0.5205609971076024,1.0,-0.009253683975384175,0.125,-0.007815430793898126,0.125,-0.00012589784486415078,0.25
ALL_8,H5,S0,TOP30,gbr,8,0.5240317667216272,1.0,-0.002778530651590061,0.0,-0.002108727194408133,0.0,-4.45016184921835e-06,0.5
ALL_8,H5,S0,TOP30,logistic,8,0.5205298419774235,1.0,-0.005814636247075011,0.125,-0.0048672522142417796,0.125,-9.916073892804682e-05,0.5
ALL_8,H5,S0,TOP50,gbr,8,0.5234564729476112,1.0,-0.0034383851278041444,0.0,-0.002657151361589394,0.0,-3.836578083523635e-05,0.375
ALL_8,H5,S0,TOP50,logistic,8,0.5209834768120678,1.0,-0.004035336130330136,0.125,-0.003493227932461651,0.125,-5.486345153432808e-05,0.5
ALL_8,H5,S1,ALL,gbr,8,0.5319917149625175,1.0,0.0003854917487164933,0.5,0.00015672555856061088,0.5,5.965559658018124e-05,0.625
ALL_8,H5,S1,ALL,logistic,8,0.5220145324021832,1.0,-0.0033021758783159383,0.125,-0.004768038167750843,0.125,-2.6273729024381428e-05,0.375
ALL_8,H5,S1,TOP20,gbr,8,0.5307114599965445,1.0,-0.001792028032869486,0.375,-0.0009704293843055822,0.375,8.395244764391744e-05,0.625
ALL_8,H5,S1,TOP20,logistic,8,0.5243599827835943,1.0,-0.010155426588029925,0.125,-0.012202441687776622,0.125,-9.831316646604717e-05,0.25
ALL_8,H5,S1,TOP30,gbr,8,0.5331564026372038,1.0,9.014236738025261e-05,0.5,-2.9933910189683388e-05,0.375,5.549374370857672e-05,0.625
ALL_8,H5,S1,TOP30,logistic,8,0.5238990927529223,1.0,-0.008361186479814542,0.125,-0.008168609625637147,0.125,-8.358796273644011e-05,0.25
ALL_8,H5,S1,TOP50,gbr,8,0.5297815843615108,1.0,-0.0013596201299560517,0.375,-0.0011493514723900367,0.375,5.115564913143517e-05,0.75
ALL_8,H5,S1,TOP50,logistic,8,0.5227086073462172,1.0,-0.005679602055833843,0.125,-0.006374642849155343,0.125,-3.8150481726964504e-05,0.25
ALL_8,H5,S2,ALL,gbr,8,0.5296917539045003,1.0,-5.335350075352796e-06,0.5,-0.00011078700428585053,0.5,2.0045521104284312e-05,0.5
ALL_8,H5,S2,ALL,logistic,8,0.5262094410084475,1.0,-0.0030274983806807265,0.25,-0.00498440498777708,0.25,1.0000844300507155e-05,0.5
ALL_8,H5,S2,TOP20,gbr,8,0.5304210496321377,1.0,-0.0023298287434777576,0.25,-0.0018742577881272204,0.375,2.518172628233259e-05,0.625
ALL_8,H5,S2,TOP20,logistic,8,0.5317386897664491,1.0,-0.011288761817738746,0.0,-0.012703635651462819,0.0,4.974031889930518e-05,0.625
ALL_8,H5,S2,TOP30,gbr,8,0.533661351205993,1.0,0.0001811481079742605,0.625,8.27530905584406e-05,0.625,3.696035562937009e-05,0.5
ALL_8,H5,S2,TOP30,logistic,8,0.5309578525087464,1.0,-0.007205896075461071,0.125,-0.009397601975588588,0.125,4.231801972412196e-05,0.75
ALL_8,H5,S2,TOP50,gbr,8,0.5284361978808182,1.0,-0.0015084860280994983,0.375,-0.0012932422522844433,0.25,1.5415695045785107e-05,0.5
ALL_8,H5,S2,TOP50,logistic,8,0.5260211400869946,1.0,-0.004616458207713614,0.125,-0.0069150104071272755,0.125,5.091577473393236e-06,0.5
ALL_8,H5,S3,ALL,gbr,8,0.5304188964512275,1.0,-0.0004945673074944201,0.375,-0.0005275252549095111,0.375,5.817751773656847e-05,0.625
ALL_8,H5,S3,ALL,logistic,8,0.5259306403127373,1.0,-0.0035851035096696737,0.0,-0.005986146998268271,0.0,4.498817986094486e-05,0.75
ALL_8,H5,S3,TOP20,gbr,8,0.5292463861098607,1.0,-0.0023181020134327435,0.125,-0.0018869076167087329,0.125,9.184297869100013e-05,0.625
ALL_8,H5,S3,TOP20,logistic,8,0.5301358106582619,1.0,-0.013892486275126514,0.0,-0.014773278977718185,0.0,4.215165363814861e-05,0.75
ALL_8,H5,S3,TOP30,gbr,8,0.5314451240122561,1.0,-0.0006324151976206394,0.5,-0.0005216516658452797,0.5,8.779824355388302e-05,0.625
ALL_8,H5,S3,TOP30,logistic,8,0.5310013013164727,1.0,-0.008145250312135532,0.0,-0.011157946199403468,0.0,6.905602070484231e-05,0.75
ALL_8,H5,S3,TOP50,gbr,8,0.5282347777700813,1.0,-0.0010064022182864063,0.25,-0.0009435525010149659,0.25,6.35975818709847e-05,0.75
ALL_8,H5,S3,TOP50,logistic,8,0.5268185105712255,1.0,-0.005193345859242027,0.125,-0.008184297211632607,0.125,4.4766688193387597e-05,0.625
EX_I_7,H15,S0,ALL,gbr,7,0.5187580841220563,1.0,-0.0032931888785334706,0.14285714285714285,-0.0024848095568945627,0.0,-0.00019100505979390952,0.42857142857142855
EX_I_7,H15,S0,ALL,logistic,7,0.504037255900308,1.0,-0.004915522107368009,0.14285714285714285,-0.003886623865898553,0.14285714285714285,-9.723910665294377e-05,0.14285714285714285
EX_I_7,H15,S0,TOP20,gbr,7,0.5143609331627492,1.0,-0.01182723223886839,0.0,-0.009461224428036319,0.0,-0.0004208724255603953,0.42857142857142855
EX_I_7,H15,S0,TOP20,logistic,7,0.5007002712498307,1.0,-0.012770071887584278,0.0,-0.009951796130426072,0.0,-0.00037694464931808805,0.14285714285714285
EX_I_7,H15,S0,TOP30,gbr,7,0.5149918087293721,1.0,-0.00658018969630203,0.0,-0.004876698588980322,0.0,-0.0003800381288496159,0.42857142857142855
EX_I_7,H15,S0,TOP30,logistic,7,0.5045536535983802,1.0,-0.010395768355714985,0.0,-0.008075447553733017,0.0,-0.00028437243981356943,0.14285714285714285
EX_I_7,H15,S0,TOP50,gbr,7,0.5143966796977153,1.0,-0.004737521106146669,0.0,-0.0036959887179104367,0.0,-0.0002960386033679191,0.2857142857142857
EX_I_7,H15,S0,TOP50,logistic,7,0.5027453355252773,1.0,-0.007689149976998655,0.14285714285714285,-0.006015008933537569,0.14285714285714285,-0.00011649525634069307,0.14285714285714285
EX_I_7,H15,S1,ALL,gbr,7,0.5167275314431036,1.0,-0.0038425141457332224,0.14285714285714285,-0.0029498483773819917,0.14285714285714285,-0.00014603137939237355,0.2857142857142857
EX_I_7,H15,S1,ALL,logistic,7,0.5077829871983661,1.0,-0.006359222400914355,0.14285714285714285,-0.007715867979279478,0.14285714285714285,-0.00010581520418680814,0.2857142857142857
EX_I_7,H15,S1,TOP20,gbr,7,0.5235357556890874,1.0,-0.010834269418591669,0.0,-0.00879529675965851,0.0,-0.000345040573827047,0.2857142857142857
EX_I_7,H15,S1,TOP20,logistic,7,0.5146842423710574,1.0,-0.015136878847963775,0.0,-0.017918758477087682,0.0,-6.970495191546499e-05,0.2857142857142857
EX_I_7,H15,S1,TOP30,gbr,7,0.5235911493255503,1.0,-0.005282192157085586,0.0,-0.004518706987396426,0.0,-0.00034290578253740517,0.2857142857142857
EX_I_7,H15,S1,TOP30,logistic,7,0.5131009984639017,1.0,-0.012967099703215412,0.14285714285714285,-0.014834889911057081,0.0,-0.00022213422981112786,0.42857142857142855
EX_I_7,H15,S1,TOP50,gbr,7,0.5177500742803156,1.0,-0.003941317662127464,0.0,-0.003034014684801134,0.0,-0.0001834719737788656,0.2857142857142857
EX_I_7,H15,S1,TOP50,logistic,7,0.5062492895796039,1.0,-0.009865113322192087,0.14285714285714285,-0.011555732184042489,0.14285714285714285,-0.00018335739544411096,0.14285714285714285
EX_I_7,H15,S2,ALL,gbr,7,0.5177407782283688,1.0,-0.0033495182319367434,0.0,-0.002557766907454795,0.0,-0.00012134531253035401,0.2857142857142857
EX_I_7,H15,S2,ALL,logistic,7,0.5160181665152376,1.0,-0.007670985998438962,0.14285714285714285,-0.009709764176571989,0.14285714285714285,-0.0001189931981886573,0.42857142857142855
EX_I_7,H15,S2,TOP20,gbr,7,0.5197365124401405,1.0,-0.011933433406668748,0.0,-0.009459676660563243,0.0,-5.20649380151002e-05,0.42857142857142855
EX_I_7,H15,S2,TOP20,logistic,7,0.5238612568141414,1.0,-0.02297169726194448,0.0,-0.02863362807858638,0.0,-8.395884701690984e-05,0.42857142857142855
EX_I_7,H15,S2,TOP30,gbr,7,0.5188680759558817,1.0,-0.005748844213466331,0.0,-0.004889521319434209,0.0,-7.56957316650772e-05,0.42857142857142855
EX_I_7,H15,S2,TOP30,logistic,7,0.5189339373386906,1.0,-0.016709859588179166,0.14285714285714285,-0.021724977067899554,0.14285714285714285,-8.648901830973062e-05,0.42857142857142855
EX_I_7,H15,S2,TOP50,gbr,7,0.5183681123499932,1.0,-0.0037817218678652953,0.0,-0.0029015669552103773,0.0,-9.653260270248716e-05,0.2857142857142857
EX_I_7,H15,S2,TOP50,logistic,7,0.5130114884975938,1.0,-0.01120962780055934,0.14285714285714285,-0.01727277848476816,0.14285714285714285,-0.00016726809427762473,0.42857142857142855
EX_I_7,H15,S3,ALL,gbr,7,0.5179346728874512,1.0,-0.003445515234508756,0.14285714285714285,-0.002633302422898387,0.14285714285714285,-8.079811674742978e-05,0.2857142857142857
EX_I_7,H15,S3,ALL,logistic,7,0.5151178996395146,1.0,-0.008263856904842326,0.14285714285714285,-0.011660615475382663,0.14285714285714285,-7.907504350850017e-05,0.42857142857142855
EX_I_7,H15,S3,TOP20,gbr,7,0.5183548236410274,1.0,-0.010887010198386227,0.0,-0.00869463048021113,0.0,-0.00018695051142436628,0.42857142857142855
EX_I_7,H15,S3,TOP20,logistic,7,0.5230519993677888,1.0,-0.024338428717538108,0.0,-0.03767425386840917,0.0,1.6720179362011154e-05,0.5714285714285714
EX_I_7,H15,S3,TOP30,gbr,7,0.517462438629166,1.0,-0.005345237042921891,0.0,-0.004068219170799692,0.0,-0.00014323191329174416,0.42857142857142855
EX_I_7,H15,S3,TOP30,logistic,7,0.5200795331301967,1.0,-0.017425454805261475,0.14285714285714285,-0.027168596951024915,0.14285714285714285,-0.0001744191858773558,0.42857142857142855
EX_I_7,H15,S3,TOP50,gbr,7,0.5177624222274784,1.0,-0.004222025716234645,0.0,-0.0032254245170399987,0.0,-8.087659696372212e-05,0.2857142857142857
EX_I_7,H15,S3,TOP50,logistic,7,0.5127267714229145,1.0,-0.011927174991692713,0.14285714285714285,-0.021091383164957733,0.14285714285714285,-0.00016861214966429694,0.42857142857142855
EX_I_7,H5,S0,ALL,gbr,7,0.5279141277005874,1.0,-0.0015833255551058745,0.42857142857142855,-0.001362321832253821,0.14285714285714285,-1.8869721092339724e-05,0.2857142857142857
EX_I_7,H5,S0,ALL,logistic,7,0.5203841051957279,1.0,-0.001390673241665752,0.14285714285714285,-0.0012018471297949862,0.0,-8.543743799915011e-05,0.42857142857142855
EX_I_7,H5,S0,TOP20,gbr,7,0.5237355824438147,1.0,-0.0036765929358015814,0.14285714285714285,-0.0029290668992727475,0.14285714285714285,-9.010460008560781e-05,0.2857142857142857
EX_I_7,H5,S0,TOP20,logistic,7,0.517032268305321,1.0,-0.009292645870027316,0.0,-0.007894795080820805,0.0,-0.00022190697816377972,0.14285714285714285
EX_I_7,H5,S0,TOP30,gbr,7,0.5266189397060844,1.0,-0.002733580220554588,0.0,-0.0021041632887595085,0.0,-3.5551010053482846e-05,0.42857142857142855
EX_I_7,H5,S0,TOP30,logistic,7,0.5187687687687688,1.0,-0.006081267565946069,0.0,-0.005057312725379459,0.0,-0.0002003763776887203,0.42857142857142855
EX_I_7,H5,S0,TOP50,gbr,7,0.5231632004106319,1.0,-0.0038557635293565706,0.0,-0.003012493027839902,0.0,-5.60526966589626e-05,0.2857142857142857
EX_I_7,H5,S0,TOP50,logistic,7,0.5207429113962894,1.0,-0.005192190855106693,0.0,-0.0044548124563794644,0.0,-0.00013107616268225926,0.42857142857142855
EX_I_7,H5,S1,ALL,gbr,7,0.5314930621954411,1.0,0.0009292266857658937,0.5714285714285714,0.00046043903299364253,0.5714285714285714,5.637827974198306e-05,0.5714285714285714
EX_I_7,H5,S1,ALL,logistic,7,0.5210680228425004,1.0,-0.003841519834522966,0.0,-0.0048217012832094674,0.0,-3.368233663373347e-05,0.2857142857142857
EX_I_7,H5,S1,TOP20,gbr,7,0.5284782030834663,1.0,-0.002063618367481812,0.42857142857142855,-0.0015783113600877918,0.42857142857142855,8.247496526791474e-05,0.5714285714285714
EX_I_7,H5,S1,TOP20,logistic,7,0.5225804928734592,1.0,-0.01082932232454259,0.0,-0.013322227052434688,0.0,-0.00010139858567507313,0.14285714285714285
EX_I_7,H5,S1,TOP30,gbr,7,0.531092269262464,1.0,-2.2329037851598343e-05,0.42857142857142855,-4.154754013163675e-05,0.2857142857142857,2.2349663996397578e-05,0.5714285714285714
EX_I_7,H5,S1,TOP30,logistic,7,0.5232925287181206,1.0,-0.008630612980479624,0.0,-0.008406587171774005,0.0,-0.0001048725907166602,0.14285714285714285
EX_I_7,H5,S1,TOP50,gbr,7,0.5291352638994614,1.0,-0.001835694412727129,0.2857142857142857,-0.0014469280364481918,0.2857142857142857,4.038089681641326e-05,0.7142857142857143
EX_I_7,H5,S1,TOP50,logistic,7,0.5211510315559187,1.0,-0.006193573306056077,0.0,-0.006471017774017485,0.0,-4.740986192049886e-05,0.14285714285714285
EX_I_7,H5,S2,ALL,gbr,7,0.5288329418265817,1.0,0.00033706984186931965,0.5714285714285714,0.0001545977944005239,0.5714285714285714,-2.48099199188938e-07,0.42857142857142855
EX_I_7,H5,S2,ALL,logistic,7,0.5256772030962049,1.0,-0.0032317880297347834,0.14285714285714285,-0.005119437898390755,0.14285714285714285,-5.329714287128095e-07,0.42857142857142855
EX_I_7,H5,S2,TOP20,gbr,7,0.52973630447427,1.0,-0.003108226322663832,0.2857142857142857,-0.002362180706035222,0.2857142857142857,1.0992365480273679e-05,0.5714285714285714
EX_I_7,H5,S2,TOP20,logistic,7,0.5314918926103137,1.0,-0.013440756038998858,0.0,-0.013116620583505156,0.0,3.920823444145428e-05,0.5714285714285714
EX_I_7,H5,S2,TOP30,gbr,7,0.5308987050215177,1.0,0.00016428557207370797,0.5714285714285714,3.9527539268391365e-05,0.5714285714285714,-1.0461065546822693e-05,0.42857142857142855
EX_I_7,H5,S2,TOP30,logistic,7,0.5307136117855615,1.0,-0.007653038470208928,0.0,-0.00957438011602374,0.0,3.846873416029116e-05,0.7142857142857143
EX_I_7,H5,S2,TOP50,gbr,7,0.5274257165211198,1.0,-0.001673638846368286,0.2857142857142857,-0.001369802583460089,0.14285714285714285,-4.981270172667748e-06,0.42857142857142855
EX_I_7,H5,S2,TOP50,logistic,7,0.524378494910372,1.0,-0.004986699985494836,0.0,-0.007243833649141385,0.0,-7.002812929827084e-07,0.42857142857142855
EX_I_7,H5,S3,ALL,gbr,7,0.5304599429132212,1.0,-6.63342310067705e-05,0.42857142857142855,-0.00020065002482994032,0.42857142857142855,5.4778901062330554e-05,0.5714285714285714
EX_I_7,H5,S3,ALL,logistic,7,0.5254171777020604,1.0,-0.004016085281904669,0.0,-0.0065408998531673035,0.0,3.812030768585795e-05,0.7142857142857143
EX_I_7,H5,S3,TOP20,gbr,7,0.529045005074586,1.0,-0.0028884105022948248,0.14285714285714285,-0.0021767697984711454,0.14285714285714285,4.778653176530794e-05,0.5714285714285714
EX_I_7,H5,S3,TOP20,logistic,7,0.5288324029771398,1.0,-0.016444734432630392,0.0,-0.016629478182366597,0.0,4.180182213125669e-05,0.7142857142857143
EX_I_7,H5,S3,TOP30,gbr,7,0.5312303627065613,1.0,-0.0014628840196351245,0.42857142857142855,-0.001173093109566814,0.42857142857142855,5.1158055456529126e-05,0.5714285714285714
EX_I_7,H5,S3,TOP30,logistic,7,0.5309441531486345,1.0,-0.008417513351182349,0.0,-0.012949393301821877,0.0,4.1866990103405386e-05,0.7142857142857143
EX_I_7,H5,S3,TOP50,gbr,7,0.5281747613525966,1.0,-0.001262093488366256,0.14285714285714285,-0.0011102245925564969,0.14285714285714285,5.10461147851588e-05,0.7142857142857143
EX_I_7,H5,S3,TOP50,logistic,7,0.5257210211815773,1.0,-0.005906871829854499,0.0,-0.008957283674583927,0.0,4.0800001303701e-05,0.5714285714285714
