horizon,feature,state_bin,n,q10,q50,q90,width_90_10,asym_90_plus_10,mean,positive_rate,norm_q10,norm_q50,norm_q90,folds
4,feat_15m_location_32,1,393,-0.01077912982253552,0.0008492054374222,0.010592927400485484,0.021372057223021004,-0.00018620242205003718,0.0001990592953361938,0.5241730279898219,-1.2443179626302414,0.0943221139685747,1.0093634333977959,5
4,feat_15m_location_32,2,422,-0.00956757696063632,-0.00118313696576705,0.008399390441864852,0.01796696740250117,-0.0011681865187714684,-0.0009598274850482338,0.4194312796208531,-1.1474246060699258,-0.1005016891723838,1.1217179654612794,5
4,feat_15m_location_32,3,409,-0.00962775583655804,0.0004201974990042,0.009848342535906116,0.019476098372464154,0.00022058669934807602,0.00040443838285557154,0.5281173594132029,-1.3169644088136379,0.0547236038235575,1.4605539943284387,5
4,feat_15m_location_32,4,443,-0.00869300878485222,6.945167902221645e-05,0.00991670585333962,0.01860971463819184,0.0012236970684874008,0.000159126596700991,0.5011286681715575,-1.291760848992006,0.008199324838827,1.5958870082168373,5
4,feat_15m_location_32,5,583,-0.00705559317567302,-0.0001388406805423,0.01054376124341998,0.017599354419093,0.0034881680677469606,0.00028153433574327244,0.4922813036020583,-0.9240739396113293,-0.0229405592096155,1.3982098024909073,5
4,feat_15m_oi_log_change_4,1,420,-0.011490256804543771,6.678674384926949e-05,0.009661066944859112,0.021151323749402883,-0.0018291898596846587,-0.0005619136909534262,0.5023809523809524,-1.5139311402812292,0.0057481774439004,1.2402529550024137,5
4,feat_15m_oi_log_change_4,2,482,-0.01036371881441955,0.0001637933144267,0.013257766606094923,0.023621485420514475,0.002894047791675373,0.0007450351769745739,0.508298755186722,-1.5187653562390302,0.023382120919305402,1.971487241335753,5
4,feat_15m_oi_log_change_4,3,460,-0.00794619193561923,-6.678447122775162e-05,0.00945216365504153,0.01739835559066076,0.0015059717194222996,0.00025124836438880004,0.4934782608695652,-1.0763366051034986,-0.0095123300973669,1.3080939017908841,5
4,feat_15m_oi_log_change_4,4,474,-0.0072367415690061795,-0.00050367823395825,0.0068143295290048166,0.014051071098010997,-0.00042241204000136295,-0.0004773502363336033,0.459915611814346,-0.9577718294024566,-0.06861668523222919,0.9148857034189063,5
4,feat_15m_oi_log_change_4,5,414,-0.009019223677712518,-4.204051302496561e-05,0.01051642251326396,0.019535646190976478,0.0014971988355514422,0.00014689024720661686,0.5,-1.1141749720149463,-0.004646357876224551,1.270883307129332,5
4,feat_15m_ret_1,1,432,-0.01048514510712276,0.00051037311497765,0.009788233688984571,0.02027337879610733,-0.0006969114181381887,6.962279387609734e-05,0.5115740740740741,-1.2438910688975027,0.056530822537949,1.0943991474524057,5
4,feat_15m_ret_1,2,433,-0.00844285537342708,0.0,0.010233959597569283,0.018676814970996363,0.001791104224142203,0.00014336857839084076,0.49653579676674364,-1.1349029078289663,0.0,1.3777584581959748,5
4,feat_15m_ret_1,3,489,-0.0097248645761633,-0.0004356620576143,0.01054964901554224,0.02027451359170554,0.0008247844393789398,-0.00030136792635695775,0.46830265848670755,-1.3408166425122858,-0.0629890792156203,1.479281810488096,5
4,feat_15m_ret_1,4,460,-0.007315593334307209,0.0,0.00929194634619807,0.01660753968050528,0.0019763530118908617,0.00018207737050583283,0.49782608695652175,-1.1351906375380205,0.0,1.2840370713957454,5
4,feat_15m_ret_1,5,436,-0.008887785786554001,-6.796310300276169e-05,0.0099134958258072,0.0188012816123612,0.0010257100392531988,0.00010248552110028947,0.4908256880733945,-1.0962087717257434,-0.010681222255882,1.2849298332316015,5
4,feat_15m_ret_16,1,344,-0.010099086173455018,3.5608731275911226e-05,0.01102531142561505,0.021124397599070067,0.0009262252521600317,0.0006260759904307576,0.5,-0.8463148575170829,0.0037961147459804,0.9881443954234448,5
4,feat_15m_ret_16,2,438,-0.00912355282152557,0.00091185461524535,0.011147879124283689,0.020271431945809257,0.002024326302758119,0.0006575223113321931,0.5502283105022832,-1.3406129330101728,0.12075528058368559,1.2853831276302647,5
4,feat_15m_ret_16,3,478,-0.011311988316131859,-0.0009582384380867,0.008893045389205552,0.02020503370533741,-0.002418942926926307,-0.0012115579492325314,0.4393305439330544,-1.8747449254142916,-0.16026237010483385,1.515205184562448,5
4,feat_15m_ret_16,4,517,-0.00761408640619448,0.0002784351960073,0.010082593488128703,0.017696679894323185,0.0024685070819342233,0.00019767145790335479,0.5183752417794971,-1.1496810958493238,0.0390004036944692,1.5585997706123629,5
4,feat_15m_ret_16,5,473,-0.00772929260739412,-0.0007877117382493,0.00923095515222654,0.01696024775962066,0.0015016625448324196,9.892102741437514e-05,0.4587737843551797,-0.9198437840126084,-0.0966730151028654,1.0472593431579205,5
4,feat_15m_ret_4,1,377,-0.00968384848297864,0.0007780937097639,0.009749377164301581,0.01943322564728022,6.552868132294123e-05,0.0002549955805738148,0.53315649867374,-1.0575332168693372,0.0911557732236542,1.047697305076286,5
4,feat_15m_ret_4,2,473,-0.00892145673211818,0.0,0.0094974409454583,0.018418897677576478,0.0005759842133401197,-0.00013616195067808423,0.49471458773784355,-1.2371634898670671,0.0,1.206935220830747,5
4,feat_15m_ret_4,3,459,-0.00958206053420262,-0.0008533263834616,0.0101313473974461,0.01971340793164872,0.0005492868632434797,-0.0005348871577123561,0.43790849673202614,-1.5268036826796008,-0.102598426342982,1.5204839084101283,5
4,feat_15m_ret_4,4,467,-0.00751283776884236,-0.0003284827411857,0.010004710019680268,0.017517547788522627,0.0024918722508379077,0.0003096119330389377,0.4753747323340471,-1.0372387340554843,-0.0435141709051458,1.535229588020203,5
4,feat_15m_ret_4,5,474,-0.00924096010641789,0.00035595110556060005,0.01017102208495983,0.01941198219137772,0.0009300619785419396,0.0003004677310058193,0.5274261603375527,-1.1446033830573996,0.043244798526337905,1.2830619436319057,5
4,feat_15m_ret_8,1,369,-0.01149581319087366,7.121746255182245e-05,0.00973696352814814,0.0212327767190218,-0.0017588496627255201,-0.0004118509457670639,0.5013550135501355,-1.1256625956335937,0.0075922294919608,0.9319376270791813,5
4,feat_15m_ret_8,2,488,-0.00903979324586772,3.244962197329257e-05,0.009542725351520523,0.018582518597388242,0.0005029321056528036,0.00028202282977760854,0.5,-1.1252105739335763,0.0019283532915457,1.390655888368341,5
4,feat_15m_ret_8,3,452,-0.00904369390354495,-0.0006190206891543,0.009070680223113288,0.018114374126658235,2.6986319568338482e-05,-0.0005984986902828264,0.46017699115044247,-1.6357162803076866,-0.0768895205049745,1.5201594672371508,5
4,feat_15m_ret_8,4,457,-0.0072501165742559,5.972110246936878e-05,0.01064990796377593,0.01790002453803183,0.003399791389520031,0.0004787372040421569,0.5010940919037199,-1.0440450093380653,0.0070122739588272,1.6182651656506752,5
4,feat_15m_ret_8,5,484,-0.00808968353947167,-2.2349658463123923e-06,0.01011976829244908,0.01820945183192075,0.0020300847529774093,0.00028783133648493914,0.5,-0.974376598000189,0.00095194939553905,1.1961788271410563,5
4,feat_15m_volume_ratio_32,1,433,-0.01122851290860132,-0.0010428489121045,0.00946128561443444,0.020689798523035763,-0.0017672272941668798,-0.0006688223215773292,0.43648960739030024,-1.7058987917637916,-0.1512921698512133,1.8561489926897181,5
4,feat_15m_volume_ratio_32,2,453,-0.00706093336041312,-7.098491573523345e-05,0.011290867457591102,0.01835180081800422,0.004229934097177982,0.0009133394688201913,0.4856512141280353,-0.9625314710086058,-0.0141359438677552,1.508515968218951,5
4,feat_15m_volume_ratio_32,3,455,-0.00978607421045438,-0.0003535942896005,0.010129705797801,0.01991578000825538,0.00034363158734661975,-0.0006267072284504029,0.47692307692307695,-1.341098369978128,-0.0439661703359517,1.2274518121991538,5
4,feat_15m_volume_ratio_32,4,464,-0.00775617560056203,0.0003501787413016,0.009678573456287441,0.017434749056849472,0.0019223978557254108,0.0004306324318537222,0.5258620689655172,-0.9685764706904381,0.0448200404696326,1.1448659556115708,5
4,feat_15m_volume_ratio_32,5,445,-0.009383699000668357,0.0008428150519973,0.00958928788838043,0.018972986889048787,0.0002055888877120736,7.735197634563639e-05,0.5348314606741573,-1.1139258928873568,0.0918986001033362,1.0765059187846573,5
4,feat_5m_1h_jump_share,1,902,-0.00911425815238626,-0.00027329083523635,0.010040747982090589,0.01915500613447685,0.0009264898297043286,-0.00010488874562734566,0.4844789356984479,-1.1716552813800898,-0.02659007340873205,1.3777412050081308,5
4,feat_5m_1h_jump_share,2,459,-0.00920641656968224,-0.0002087464781611,0.010551340796758178,0.019757757366440417,0.0013449242270759387,0.00013482097915526792,0.4880174291938998,-1.329708540342036,-0.030290317100543,1.4397075757034152,5
4,feat_5m_1h_jump_share,3,430,-0.008374207885846299,-6.487554057607577e-05,0.00965151339473554,0.018025721280581837,0.001277305508889241,0.0003420167041932157,0.4906976744186046,-1.1783266774872148,-0.0089522351791905,1.32916432105498,5
4,feat_5m_1h_jump_share,4,459,-0.008956994503688578,0.0002094898928788,0.009733507115241995,0.01869050161893057,0.0007765126115534173,-8.957377045298456e-05,0.514161220043573,-1.149333220185474,0.0379318419319522,1.1659567293301352,5
4,feat_5m_1h_max_abs_return,1,516,-0.00980138055328425,-0.00082768075257485,0.00729567547656975,0.017097056029854,-0.0025057050767144998,-0.0007540754787287517,0.4321705426356589,-1.7504596108807005,-0.10744602737423055,1.4549007428493168,5
4,feat_5m_1h_max_abs_return,2,502,-0.00779322914141563,-7.027385678949696e-05,0.00910123572423302,0.016894464865648648,0.0013080065828173903,-0.00014448668941804358,0.48804780876494025,-1.0879405911494788,-0.01172342841131225,1.3531362772575806,5
4,feat_5m_1h_max_abs_return,3,410,-0.00778062530700849,0.00013157180993895,0.01012958841108186,0.01791021371809035,0.0023489631040733696,0.0006873605736551215,0.5097560975609756,-0.997782458646733,0.0144103098457679,1.4433892899930143,5
4,feat_5m_1h_max_abs_return,4,415,-0.009161474971177258,0.0007712158896768,0.010743199162270841,0.019904674133448097,0.0015817241910935833,0.0007867144333994366,0.5253012048192771,-1.1874725854476593,0.0877223018978084,1.3833710483445023,5
4,feat_5m_1h_max_abs_return,5,407,-0.01135156192010064,0.0007774422542706,0.01096616450399704,0.02231772642409768,-0.0003853974161035986,-0.00018044977126758515,0.5233415233415234,-1.0704427766927382,0.0799227147412017,1.0295537721440886,5
4,feat_5m_1h_neg_semivar_share,1,473,-0.00859151269430716,0.000208167089535,0.010079180414264801,0.01867069310857196,0.001487667719957642,0.00028070585707635836,0.5095137420718816,-1.187066726434463,0.0232170331002412,1.4402515106137337,5
4,feat_5m_1h_neg_semivar_share,2,483,-0.007673110846645439,-6.39897616600226e-05,0.01084015770276386,0.0185132685494093,0.0031670468561184216,0.0003640439343017825,0.4989648033126294,-0.9699502115092359,-0.0083127405002681,1.4881225664310889,5
4,feat_5m_1h_neg_semivar_share,3,458,-0.010651909929606079,-0.00108553419711945,0.009998136273101182,0.02065004620270726,-0.0006537736565048972,-0.0006167205698773743,0.425764192139738,-1.6095950036051538,-0.1130415182366391,1.3903937973548637,5
4,feat_5m_1h_neg_semivar_share,4,434,-0.00899939733401757,-0.00043076466472155,0.008556698919419976,0.017556096253437545,-0.00044269841459759415,-0.000481987052203352,0.46774193548387094,-1.1915396595781944,-0.049219650675274104,1.0822956375795225,5
4,feat_5m_1h_neg_semivar_share,5,402,-0.00941323347818779,0.0011665926599319,0.010273456377552365,0.019686689855740153,0.0008602228993645749,0.0006374609801909921,0.5671641791044776,-1.1208735968637817,0.12496679565063226,1.1046491053046137,5
4,feat_5m_1h_positive_return_share,1,544,-0.010302089710280309,-0.0005063067025279501,0.009324440123919779,0.019626529834200088,-0.0009776495863605301,-0.0004931551906034597,0.4577205882352941,-1.2196803805377414,-0.0610082279463984,1.057702591316654,5
4,feat_5m_1h_positive_return_share,2,486,-0.0097689819829907,-0.000289944774395,0.0094836686256761,0.0192526506086668,-0.00028531335731460036,-5.818409578107779e-05,0.4835390946502058,-1.3574112386909207,-0.035155397918924455,1.4410701336367524,5
4,feat_5m_1h_positive_return_share,3,492,-0.00781787270748038,0.00037510095420525004,0.011564268911768554,0.019382141619248935,0.003746396204288174,0.0005598798005143928,0.516260162601626,-1.1705992854120348,0.04998208454972915,1.458881156935804,5
4,feat_5m_1h_positive_return_share,4,413,-0.0085053982196213,0.0,0.00966025893291286,0.01816565715253416,0.00115486071329156,-6.147444685067547e-05,0.49878934624697335,-1.151997888218996,0.0,1.211414110341315,5
4,feat_5m_1h_positive_return_share,5,315,-0.00836644890979712,0.0002094898928788,0.010441570307278644,0.018808019217075762,0.0020751213974815243,0.00038002533960539245,0.5206349206349207,-0.9496279170351305,0.0352621175768854,1.447604501278114,4
4,feat_5m_1h_ret_sum,1,377,-0.00968384848297864,0.0007780937097639,0.009749377164301581,0.01943322564728022,6.552868132294123e-05,0.0002549955805738148,0.53315649867374,-1.0575332168693372,0.0911557732236542,1.047697305076286,5
4,feat_5m_1h_ret_sum,2,473,-0.00892145673211818,0.0,0.0094974409454583,0.018418897677576478,0.0005759842133401197,-0.00013616195067808423,0.49471458773784355,-1.2371634898670671,0.0,1.206935220830747,5
4,feat_5m_1h_ret_sum,3,459,-0.00958206053420262,-0.0008533263834616,0.0101313473974461,0.01971340793164872,0.0005492868632434797,-0.0005348871577123561,0.43790849673202614,-1.5268036826796008,-0.102598426342982,1.5204839084101283,5
4,feat_5m_1h_ret_sum,4,467,-0.00751283776884236,-0.0003284827411857,0.010004710019680268,0.017517547788522627,0.0024918722508379077,0.0003096119330389377,0.4753747323340471,-1.0372387340554843,-0.0435141709051458,1.535229588020203,5
4,feat_5m_1h_ret_sum,5,474,-0.00924096010641789,0.00035595110556060005,0.01017102208495983,0.01941198219137772,0.0009300619785419396,0.0003004677310058193,0.5274261603375527,-1.1446033830573996,0.043244798526337905,1.2830619436319057,5
4,feat_5m_1h_rv,1,535,-0.008817482505095118,-0.0004356620576143,0.008383114648601744,0.017200597153696862,-0.0004343678564933742,-0.00026261215267663155,0.4635514018691589,-1.580318274557578,-0.0630049325743898,1.6822809996046748,5
4,feat_5m_1h_rv,2,481,-0.0081513671115716,-0.0002853474124084,0.0087975363821796,0.0169489034937512,0.0006461692706079998,-0.00028007154127789475,0.4802494802494803,-1.1147077773620695,-0.0412120589179862,1.4247682192718014,5
4,feat_5m_1h_rv,3,434,-0.00812300489784309,-0.00051855841258305,0.009992710638021499,0.018115715535864586,0.0018697057401784092,0.00018707752693492168,0.46774193548387094,-1.0884974261096032,-0.0646069686790965,1.3018011205926563,5
4,feat_5m_1h_rv,4,429,-0.008378727969757319,0.0011052438801636,0.010737678304660618,0.019116406274417935,0.0023589503349033,0.0010124479374671012,0.5617715617715617,-1.1129295763769989,0.1324837549964871,1.2551653420994464,5
4,feat_5m_1h_rv,5,371,-0.0124142583010261,0.0,0.0111682803971951,0.023582538698221203,-0.0012459779038310002,-0.0004503878592585232,0.49865229110512127,-1.1927532621534445,0.0,0.9945761715137448,5
4,feat_5m_4h_gap_sq,1,484,-0.011166501290733629,-6.762104295197178e-05,0.011918935687741756,0.023085436978475385,0.0007524343970081275,0.00012934563858692306,0.48760330578512395,-1.9397556086244714,-0.01498229614426655,2.2648581052645027,5
4,feat_5m_4h_gap_sq,2,361,-0.0086265271855259,-0.0002580312232095,0.0099420868640666,0.0185686140495925,0.0013155596785407002,-0.0004016913694351929,0.48753462603878117,-1.4643459197468636,-0.0412120589179862,1.5622783127145183,5
4,feat_5m_4h_gap_sq,3,641,-0.0091214501762432,-0.0004717537532944,0.0082428342317118,0.017364284407955,-0.0008786159445314003,-0.0006789636774722737,0.46801872074882994,-1.1927532621534445,-0.0648443527732625,1.0764229141754276,5
4,feat_5m_4h_gap_sq,4,390,-0.008391555145906329,0.00046191904796310005,0.009685343876765822,0.01807689902267215,0.0012937887308594933,0.00034477448723133053,0.5307692307692308,-0.9284301369582826,0.054729215366798256,1.1733072298450404,5
4,feat_5m_4h_gap_sq,5,374,-0.00711374199384836,0.00012743804247340002,0.011592409456629546,0.018706151450477906,0.004478667462781186,0.0012202860042008223,0.5053475935828877,-0.5517936999262031,0.0085169511136533,0.8421076013312812,5
4,feat_5m_4h_jump_share,1,517,-0.009392985392177798,-0.0007179610216267,0.008204801225467807,0.017597786617645605,-0.0011881841667099914,-0.0006961857649314349,0.44294003868471954,-1.2436707167181114,-0.0947268757561209,1.229037534855889,5
4,feat_5m_4h_jump_share,2,490,-0.007452022760330859,0.00021449348604305,0.01144797870759535,0.018900001467926208,0.003995955947264491,0.0010347643569413633,0.5204081632653061,-0.9739777001569061,0.036210327012986654,1.530722492713806,5
4,feat_5m_4h_jump_share,3,528,-0.01029274340971593,-0.00032298567410014997,0.009330307399862061,0.01962305080957799,-0.0009624360098538683,-0.0006113354742373944,0.4715909090909091,-1.4493351204146747,-0.038744674673267546,1.0739619728552359,5
4,feat_5m_4h_jump_share,4,474,-0.010323359788282707,0.00046056946389015,0.011218978542058477,0.021542338330341186,0.00089561875377577,0.00026784324732815506,0.5253164556962026,-1.290240914046746,0.061736275847170397,1.2850070374584561,5
4,feat_5m_4h_jump_share,5,241,-0.008400419584858,0.0007774422542706,0.0102420324335373,0.0186424520183953,0.0018416128486792999,0.0005060038994757159,0.5228215767634855,-1.0413346103027823,0.0859655761661414,1.3775652526462732,4
4,feat_5m_4h_neg_semivar_share,1,413,-0.0061190693813459,6.945167902221645e-05,0.00925519688212948,0.015374266263475381,0.003136127500783581,0.0007598284021755091,0.5036319612590799,-0.6483834395064992,0.0092657149208433,1.211414110341315,5
4,feat_5m_4h_neg_semivar_share,2,567,-0.00978507521488974,-0.0010111224319487,0.009149693978509746,0.018934769193399488,-0.0006353812363799945,-0.0010826597643269554,0.42328042328042326,-1.6074000322100033,-0.1558573864809205,1.3324810555494468,5
4,feat_5m_4h_neg_semivar_share,3,468,-0.00904448086447386,0.00058835208240305,0.00981798816396831,0.018862469028442172,0.0007735072994944515,7.63988823818975e-05,0.5213675213675214,-1.4678190214890345,0.08937127545903355,1.4797776902455213,5
4,feat_5m_4h_neg_semivar_share,4,388,-0.010964460100916808,0.00033265494141819995,0.010991156408582132,0.02195561650949894,2.6696307665323438e-05,3.101316678304855e-05,0.520618556701031,-1.5454000336197737,0.0423420558780889,1.6067172832430556,5
4,feat_5m_4h_neg_semivar_share,5,414,-0.00940649612940157,0.00043288600166659997,0.011311013302963349,0.020717509432364917,0.0019045171735617792,0.0007862250571253932,0.5169082125603864,-0.832846317945341,0.03717891224465135,1.0503576356938862,5
4,feat_5m_4h_ret_sum,1,344,-0.010099086173455018,3.5608731275911226e-05,0.01102531142561505,0.021124397599070067,0.0009262252521600317,0.0006260759904307576,0.5,-0.8463148575170829,0.0037961147459804,0.9881443954234448,5
4,feat_5m_4h_ret_sum,2,438,-0.00912355282152557,0.00091185461524535,0.011147879124283689,0.020271431945809257,0.002024326302758119,0.0006575223113321931,0.5502283105022832,-1.3406129330101728,0.12075528058368559,1.2853831276302647,5
4,feat_5m_4h_ret_sum,3,478,-0.011311988316131859,-0.0009582384380867,0.008893045389205552,0.02020503370533741,-0.002418942926926307,-0.0012115579492325314,0.4393305439330544,-1.8747449254142916,-0.16026237010483385,1.515205184562448,5
4,feat_5m_4h_ret_sum,4,517,-0.00761408640619448,0.0002784351960073,0.010082593488128703,0.017696679894323185,0.0024685070819342233,0.00019767145790335479,0.5183752417794971,-1.1496810958493238,0.0390004036944692,1.5585997706123629,5
4,feat_5m_4h_ret_sum,5,473,-0.00772929260739412,-0.0007877117382493,0.00923095515222654,0.01696024775962066,0.0015016625448324196,9.892102741437514e-05,0.4587737843551797,-0.9198437840126084,-0.0966730151028654,1.0472593431579205,5
4,feat_5m_4h_rv,1,599,-0.00898424249471702,0.0002019454081111,0.01117869301984545,0.02016293551456247,0.002194450525128429,0.0001725273494084185,0.5091819699499165,-1.8729689962799905,0.0436419348461024,2.3375000691867625,5
4,feat_5m_4h_rv,2,539,-0.00802001049932896,-0.0004705882439785,0.00868126464570812,0.01670127514503708,0.0006612541463791605,-0.00025561143280733,0.46382189239332094,-1.1949256340092722,-0.0686022603903021,1.2845520201672536,5
4,feat_5m_4h_rv,3,456,-0.0086214625286763,0.00046191904796310005,0.0102413344022995,0.0188627969309758,0.0016198718736232,0.0005790345621080322,0.5241228070175439,-1.0458379417213732,0.054729215366798256,1.1907820129689415,5
4,feat_5m_4h_rv,4,303,-0.0098174911697356,-0.0003753049396651,0.009837442041523344,0.019654933211258944,1.9950871787743907e-05,-0.0005437685677581898,0.4752475247524752,-0.9984762879441893,-0.0354040705106107,0.9409876680881456,5
4,feat_5m_4h_rv,5,353,-0.00978480311237338,-0.0004355536266472,0.01103124964692388,0.02081605275929726,0.001246446534550501,2.3735973763575557e-05,0.48158640226628896,-0.6813293408254463,-0.030290317100543,0.7077943990733806,5
4,feat_5m_8h_rv,1,730,-0.00912215105800399,2.9768106459558996e-05,0.01109866128818349,0.02022081234618748,0.0019765102301794995,7.962756228846541e-05,0.5,-1.6410305004843222,0.0044114383372207,1.9068285638195221,5
4,feat_5m_8h_rv,2,583,-0.0077173720769157,0.0001388985348436,0.008310888936305166,0.016028261013220864,0.0005935168593894664,5.1783877187135085e-05,0.5128644939965694,-0.9859773576087794,0.0220893917383877,1.1213903677443062,5
4,feat_5m_8h_rv,3,329,-0.008324439870187638,0.0003901677770916,0.008895260116309055,0.017219699986496695,0.0005708202461214163,0.0004356304705934291,0.5258358662613982,-0.9855270510986206,0.0459197964237517,1.265677788778708,5
4,feat_5m_8h_rv,4,230,-0.009677520167456311,-0.00120842781451135,0.010579989109344217,0.020257509276800527,0.0009024689418879062,-0.0006431949436493452,0.41304347826086957,-1.2244117289477938,-0.1110750630410296,0.9841181881405103,5
4,feat_5m_8h_rv,5,378,-0.010680715367641518,-0.00079491001154095,0.011216097470771302,0.02189681283841282,0.0005353821031297834,-2.7724088928579728e-05,0.4656084656084656,-0.8369454099337447,-0.05485509578921205,0.7784786874481857,4
4,feat_5m_rv_rate_ratio_1h_4h,1,395,-0.008267691349197559,-0.000974116414351,0.005566866044528583,0.013834557393726143,-0.0027008253046689754,-0.0010260619902923353,0.4177215189873418,-0.849586225362226,-0.0858685500186002,0.6259722793601826,5
4,feat_5m_rv_rate_ratio_1h_4h,2,422,-0.00749785149496398,0.0006263293202231,0.012346795375003832,0.019844646869967814,0.004848943880039852,0.0009702510727699373,0.5284360189573459,-1.1346542075573598,0.0918302158274938,1.3552619862342938,5
4,feat_5m_rv_rate_ratio_1h_4h,3,535,-0.00893147949551036,-0.0007115918609528,0.009288417756819746,0.018219897252330107,0.0003569382613093867,-0.00024314986577435166,0.4654205607476635,-1.230731226052207,-0.1005401368260314,1.4016906484859688,5
4,feat_5m_rv_rate_ratio_1h_4h,4,451,-0.0089522726238656,0.0004374453263108,0.0107889212729999,0.019741193896865503,0.0018366486491342999,0.00044925497440238626,0.5365853658536586,-1.2469524172879314,0.0522877786083696,1.4479123459681258,5
4,feat_5m_rv_rate_ratio_1h_4h,5,447,-0.01087504181924772,0.0004147042329643,0.010726411312214267,0.021601453131461987,-0.0001486305070334537,-7.727692993454104e-06,0.5123042505592841,-1.3653593292790225,0.0743451264500852,1.5084262547987228,5
4,feat_5m_rv_rate_ratio_4h_8h,1,410,-0.009773218363765868,-0.00017536853328185,0.00945216365504153,0.0192253820188074,-0.00032105470872433907,4.4542496895106355e-05,0.48048780487804876,-1.6633866444211856,-0.0240842999651313,1.9230382945639921,5
4,feat_5m_rv_rate_ratio_4h_8h,2,514,-0.00755200614476677,-0.0001357509320373,0.00875820343719559,0.01631020958196236,0.0012061972924288199,3.9746764146711357e-05,0.490272373540856,-1.3266850435671806,-0.0248112491930049,1.4386470034953736,5
4,feat_5m_rv_rate_ratio_4h_8h,3,453,-0.00870933901045874,-0.0001438021285193,0.00966799996021046,0.018377338970669198,0.00095866094975172,-4.1488995667184917e-05,0.4878587196467991,-1.156351433989244,-0.0180635064761808,1.141452399566808,5
4,feat_5m_rv_rate_ratio_4h_8h,4,447,-0.00967922494935948,7.221520133122515e-05,0.011086501828030683,0.020765726777390164,0.0014072768786712025,0.0004887532823713739,0.5033557046979866,-1.0679001838173636,0.008199324838827,1.2711067344252922,5
4,feat_5m_rv_rate_ratio_4h_8h,5,426,-0.0091214377150014,4.4654966742118686e-07,0.0101915482553535,0.0193129859703549,0.0010701105403521007,-0.0003876630507972008,0.5,-0.9181126282636188,-0.0009486021497585001,0.9391111173547224,5
4,feat_time_after_long_gap,1,2006,-0.0089857109196923,-6.762104295197178e-05,0.00978751563733005,0.01877322655702235,0.0008018047176377493,-5.314829636301531e-06,0.4930209371884347,-1.1775915598017277,-0.01167340316215755,1.2849298332316015,5
4,feat_time_after_long_gap,2,244,-0.00903822828611458,-0.00030468330097969997,0.010865213875148843,0.019903442161263423,0.001826985589034262,0.00034380143972125374,0.48770491803278687,-1.3978531808710828,-0.02806672712673825,1.5860209721076137,5
4,feat_time_bars_since_segment_start,1,488,-0.007895833345895048,0.00072080147115905,0.01069309077881545,0.0185889241247105,0.002797257432920402,0.0008594626965884261,0.5368852459016393,-1.1273919585613967,0.08531022878608455,1.3139827908613297,5
4,feat_time_bars_since_segment_start,2,489,-0.011065348280812841,0.0003754693410819,0.01231394907166914,0.02337929735248198,0.0012486007908562996,-6.860775518439407e-06,0.5112474437627812,-1.378335526611045,0.0364259825573505,1.5714669871892666,5
4,feat_time_bars_since_segment_start,3,429,-0.008481979936003099,7.121746255182245e-05,0.009693656895594479,0.018175636831597577,0.0012116769595913804,2.293497315614098e-05,0.5034965034965035,-0.974019017919787,0.0075922294919608,1.0461584414766127,5
4,feat_time_bars_since_segment_start,4,424,-0.00498409602230806,-0.0006140558413925,0.004938832626277879,0.00992292864858594,-4.526339603018112e-05,-0.00033023106833557413,0.4410377358490566,-0.5806097910740793,-0.06594915801707416,0.5614892935443265,5
4,feat_time_bars_since_segment_start,5,420,-0.01182901709668747,-0.0006042099560628999,0.010468516090926146,0.022297533187613613,-0.0013605010057613238,-0.0005063285813685024,0.4595238095238095,-2.081684193339443,-0.09756534116090805,2.1787544371883745,5
8,feat_15m_location_32,1,393,-0.01527055016009784,0.0003479592226902,0.01532008797925606,0.0305906381393539,4.9537819158219226e-05,0.00039337525650103065,0.5012722646310432,-1.490635776813409,0.0299279220436712,1.2827052063684155,5
8,feat_15m_location_32,2,422,-0.015281917119488139,-0.00117136332466245,0.013332251818355893,0.028614168937844034,-0.0019496653011322456,-0.0017948361017461752,0.42417061611374407,-1.4135463302286726,-0.1075969355971454,1.1856297896661112,5
8,feat_15m_location_32,3,409,-0.01395548931257366,0.0003417751836132,0.018668834520111217,0.032624323832684876,0.004713345207537557,0.0010787027561842736,0.5134474327628362,-1.5239962078420066,0.0371403350494038,1.726239489372125,5
8,feat_15m_location_32,4,440,-0.015833214855793087,-0.00107081400985255,0.014758920294698441,0.03059213515049153,-0.0010742945610946464,-0.0007527328512932247,0.4681818181818182,-1.7712783616053926,-0.08946243561041275,1.6792757241494363,5
8,feat_15m_location_32,5,586,-0.01060410659469515,0.00028730927491354996,0.0156385759954697,0.02624268259016485,0.005034469400774552,0.0012035326043237443,0.5221843003412969,-1.0334856398180108,0.0205902593374298,1.7258616298577818,5
8,feat_15m_oi_log_change_4,1,421,-0.0152806778964259,-0.0009834655657757,0.0152976404065131,0.030578318302939,1.6962510087200483e-05,-0.0005206800401303607,0.4489311163895487,-1.5606447844090758,-0.0975430189314799,1.5134643212574823,5
8,feat_15m_oi_log_change_4,2,483,-0.01474317567448496,-0.0003745318395841,0.01916971881468096,0.03391289448916592,0.0044265431401960004,0.0009520479396942601,0.4886128364389234,-1.5966919393660712,-0.0308489311347119,2.235857431656309,5
8,feat_15m_oi_log_change_4,3,459,-0.014801171494219941,0.0007547429086531,0.01657408484773208,0.03137525634195202,0.0017729133535121372,0.000784093298096281,0.5250544662309368,-1.6519558858621572,0.0599853806427117,1.7499828479203992,5
8,feat_15m_oi_log_change_4,4,473,-0.01402941925647082,-0.0008227631592005,0.011672266229935785,0.025701685486406604,-0.0023571530265350353,-0.0009301587234860719,0.4503171247357294,-1.1066149416096263,-0.0642863891986028,1.074184322069592,5
8,feat_15m_oi_log_change_4,5,414,-0.0118702345694359,0.00021112633457180002,0.01351921715617865,0.025389451725614548,0.00164898258674275,0.00012528046888250126,0.5289855072463768,-1.0237728044956107,0.019230473700474753,1.1658691554795695,5
8,feat_15m_ret_1,1,432,-0.01406620081360249,-6.106393098159377e-05,0.015318726853274251,0.02938492766687674,0.001252526039671761,0.00038682785238525023,0.4976851851851852,-1.2619607903605274,-0.0058432354248771,1.403527847368877,5
8,feat_15m_ret_1,2,434,-0.013304033369630649,-0.000132141578961,0.01518237779934771,0.02848641116897836,0.001878344429717061,-5.045025606139957e-05,0.49078341013824883,-1.330334621326584,-0.0117196393655889,1.6229504684822265,5
8,feat_15m_ret_1,3,489,-0.01511509003552914,-0.0008227631592005,0.01565206330080934,0.03076715333633848,0.0005369732652802002,-0.0002260253300482584,0.46830265848670755,-1.5861755014621444,-0.0786915768986982,1.748272816410732,5
8,feat_15m_ret_1,4,460,-0.013628597669072639,-0.00028389227619185,0.014523473784265807,0.028152071453338444,0.0008948761151931686,3.029051134151608e-06,0.48478260869565215,-1.4667884097209005,-0.0188360290723997,1.6076696103282622,5
8,feat_15m_ret_1,5,435,-0.014363798312594399,6.787714239840519e-05,0.01531974601918866,0.02968354433178306,0.0009559477065942609,0.00040540579651537987,0.5011494252873563,-1.2416408828527212,0.0031467018005779,1.419440765234364,5
8,feat_15m_ret_16,1,344,-0.01656189449610283,0.00010588608955530585,0.01621204502831455,0.03277393952441738,-0.00034984946778827963,0.0006173044178033007,0.5,-0.9493934742386009,0.0046801780540242505,1.334120548715848,5
8,feat_15m_ret_16,2,438,-0.01326160322156331,0.00035574532659385003,0.016913215992426612,0.03017481921398992,0.0036516127708633023,0.0010838144030922646,0.5091324200913242,-1.3105838072872886,0.03840384316592255,1.5263615595421927,5
8,feat_15m_ret_16,3,474,-0.015471305548521138,-0.00175254181239175,0.014495537881339421,0.029966843429860557,-0.0009757676671817168,-0.0017760721879949322,0.4282700421940928,-2.1820641399338743,-0.1840008913008898,1.7458845556600902,5
8,feat_15m_ret_16,4,517,-0.01491787354443234,0.0005593710329515,0.015563559746883827,0.030481433291316168,0.0006456862024514873,0.00017055635095421603,0.5415860735009671,-1.6474996168502216,0.0666760193471342,1.7390157925739003,5
8,feat_15m_ret_16,5,477,-0.00986666058255746,-0.0008228195746731,0.012850994863424232,0.022717655445981692,0.0029843342808667725,0.0005850102203345977,0.4612159329140461,-0.7711248579967837,-0.0602186817095035,1.4022860704545892,5
8,feat_15m_ret_4,1,377,-0.013989225191736919,7.141071877921288e-05,0.013927993512359144,0.027917218704096063,-6.123167937777466e-05,0.00034664431957186204,0.5013262599469496,-0.9906027038443763,0.0045232156760819,1.1996639966863047,5
8,feat_15m_ret_4,2,475,-0.016987118276372375,-0.0012809175559676,0.015481689436969348,0.03246880771334172,-0.0015054288394030276,-0.0008279008940721211,0.4463157894736842,-1.5930104483624212,-0.1204286687866651,1.6479893104646604,5
8,feat_15m_ret_4,3,460,-0.014797882085306571,-0.00013450206217435,0.01599134660449963,0.0307892286898062,0.00119346451919306,0.00014209646632584486,0.49130434782608695,-1.68344512877399,-0.01008732551702535,1.861377269430809,5
8,feat_15m_ret_4,4,465,-0.01404815453199742,-0.0008687558722014,0.01523585030990306,0.029284004841900482,0.00118769577790564,0.00011902223916041887,0.46236559139784944,-1.5363795137694054,-0.0677750297033942,1.8587857613155132,5
8,feat_15m_ret_4,5,473,-0.01192185097535374,0.0006306761056673,0.015321511639241479,0.02724336261459522,0.0033996606638877387,0.0007490296410111296,0.5412262156448203,-1.0839239062558668,0.0504223695050248,1.3330340896843087,5
8,feat_15m_ret_8,1,368,-0.01407606238671093,0.00046209960825865,0.014266827630028284,0.028342890016739213,0.00019076524331735484,0.0004079153849220904,0.5135869565217391,-0.9091483154936905,0.0294630435965668,1.1298020546475607,5
8,feat_15m_ret_8,2,489,-0.014760965437009,-0.0003975352864915,0.016948252028920478,0.03170921746592947,0.0021872865919114783,0.00018237826661311805,0.48466257668711654,-1.4959036446891323,-0.0364386927452265,1.7282102789962661,5
8,feat_15m_ret_8,3,452,-0.01664646225149213,-0.00078034077627865,0.015215443707053113,0.03186190595854524,-0.0014310185444390174,-0.0007065480178247602,0.4579646017699115,-1.8618148043589124,-0.0681508615783061,1.9202875164136985,5
8,feat_15m_ret_8,4,457,-0.01448791512164684,0.0002135611326856,0.014721849762633335,0.029209764884280176,0.00023393464098649466,0.0006115317742873237,0.5054704595185996,-1.6431939547987031,0.0192334122070709,1.6114516268535342,5
8,feat_15m_ret_8,5,484,-0.01147710967764563,-0.00049114559266265,0.014730997542562298,0.02620810722020793,0.0032538878649166682,2.691439854219547e-05,0.4834710743801653,-1.071336563629615,-0.03469342340646795,1.2264691912259604,5
8,feat_15m_volume_ratio_32,1,435,-0.01537171537139522,-0.0009203261233347,0.015258148599280623,0.030629863970675842,-0.00011356677211459693,-0.000747697446564433,0.46206896551724136,-2.1312310744469967,-0.093993999640611,2.354421978730238,5
8,feat_15m_volume_ratio_32,2,454,-0.01421313460361273,-0.0002884794666047,0.018103486382148076,0.032316620985760804,0.003890351778535346,0.00082749667701699,0.4889867841409692,-1.3675710352596582,-0.0171502625488221,1.7389053095207292,5
8,feat_15m_volume_ratio_32,3,454,-0.01318962572720214,-0.00066038362289985,0.013955802173914419,0.02714542790111656,0.0007661764467122786,-0.0003681337871371904,0.46255506607929514,-1.219312055574176,-0.057127365537817346,1.2701079510896667,5
8,feat_15m_volume_ratio_32,4,463,-0.0127946916860587,6.864124655194043e-05,0.016093984508692503,0.028888676194751203,0.0032992928226338036,0.0008297046396553044,0.5010799136069114,-1.1799923927533165,0.0063201188409798,1.5293572644716076,5
8,feat_15m_volume_ratio_32,5,444,-0.013169028257782779,0.00042458094257685004,0.01282682563696912,0.025995853894751897,-0.00034220262081365894,-0.00012392543062663165,0.5247747747747747,-1.0283540128145618,0.036037680928026505,1.0536792812313096,5
8,feat_5m_1h_jump_share,1,904,-0.013597311968876289,-6.810299567968995e-05,0.01607626679153474,0.02967357876041103,0.0024789548226584503,0.0004587359356116261,0.49557522123893805,-1.3485412221496837,-0.0052525971792689,1.6487356536023807,5
8,feat_5m_1h_jump_share,2,458,-0.014433357987332038,-0.000132141578961,0.01623145737366793,0.03066481536099997,0.001798099386335893,0.0004006023871210945,0.4978165938864629,-1.5324204410744564,-0.011791463299554,1.6741848916037652,5
8,feat_5m_1h_jump_share,3,429,-0.01267945644221356,-0.000358851678492,0.014083128963031119,0.026762585405244677,0.0014036725208175591,0.0002879493264756329,0.4825174825174825,-1.0818484875902654,-0.0267652062504405,1.4233991834393087,5
8,feat_5m_1h_jump_share,4,459,-0.0167041434358635,-0.0009163383762237,0.014612051593335219,0.03131619502919872,-0.0020920918425282806,-0.001109522266754544,0.4684095860566449,-1.531304208478642,-0.0716782812731323,1.4493543637358264,5
8,feat_5m_1h_max_abs_return,1,520,-0.015345426366912987,-0.00100027268115855,0.015122448296999942,0.03046787466391293,-0.00022297806991304452,-0.0006285204435781237,0.4634615384615385,-2.148199905664689,-0.09743339203188389,2.1899154152803497,5
8,feat_5m_1h_max_abs_return,2,497,-0.01396521434339506,-0.0002714993568567,0.013365382963647482,0.027330597307042542,-0.0005998313797475792,-0.00027941029890795525,0.4768611670020121,-1.503464179753451,-0.0261450885648706,1.5045748105714802,5
8,feat_5m_1h_max_abs_return,3,414,-0.01164369309331348,9.117093482758396e-05,0.01478839304279922,0.026432086136112698,0.003144699949485739,0.0004320196534474769,0.5024154589371981,-1.088032159638979,0.0086898097296585,1.3580525843900348,5
8,feat_5m_1h_max_abs_return,4,412,-0.01306590975148576,0.00079997484816515,0.015811773244428555,0.028877682995914315,0.0027458634929427954,0.0013440424829280096,0.5339805825242718,-1.1918997927959794,0.061596426719740555,1.5553364264126188,5
8,feat_5m_1h_max_abs_return,5,407,-0.01521942704197444,-0.0007124537206463,0.016935472771126253,0.03215489981310069,0.001716045729151813,-0.00013383629131114277,0.47174447174447176,-1.0351204574283244,-0.046894737204028,1.2129679147960595,5
8,feat_5m_1h_neg_semivar_share,1,472,-0.01238269872731418,0.00012453128132440002,0.015244752771838134,0.027627451499152314,0.0028620540445239533,0.0002387848308898182,0.5084745762711864,-1.3247541838869537,0.0118541960718508,1.4703050343824813,5
8,feat_5m_1h_neg_semivar_share,2,483,-0.01340403880988558,0.0002925259637649,0.015255551143215,0.02865958995310058,0.0018515123333294192,0.0007917789174804178,0.5093167701863354,-1.44324327018629,0.0183855129457582,1.7190369103697516,5
8,feat_5m_1h_neg_semivar_share,3,456,-0.0157644093216642,-0.00054715703105485,0.0144981446691464,0.030262553990810598,-0.001266264652517798,-0.0008498966876592857,0.4649122807017544,-1.6111375700565724,-0.046024752197733346,1.5873485801637592,5
8,feat_5m_1h_neg_semivar_share,4,437,-0.014506185431992499,-0.0013238021525518,0.015291830418814148,0.029798015850806645,0.000785644986821649,-0.0003455283509565987,0.43707093821510296,-1.4344931096376812,-0.1238963670870439,1.580530671446178,5
8,feat_5m_1h_neg_semivar_share,5,402,-0.01513810848215048,0.00074204410962275,0.01583493817433737,0.03097304665648785,0.0006968296921868906,0.0006364324411186914,0.5199004975124378,-1.2913853322163527,0.05614039463380675,1.4218481434504728,5
8,feat_5m_1h_positive_return_share,1,543,-0.016170593862271997,-0.0013807162192156,0.013878036734494162,0.030048630596766157,-0.002292557127777836,-0.001234679665547538,0.43646408839779005,-1.448940132739526,-0.1106321782145336,1.28938323635645,5
8,feat_5m_1h_positive_return_share,2,487,-0.01471426200613388,-0.0005060408735984,0.01362125050459679,0.02833551251073067,-0.001093011501537091,-0.0002420279322393595,0.4804928131416838,-1.3677753742284053,-0.0334906812037936,1.3853575628758572,5
8,feat_5m_1h_positive_return_share,3,494,-0.013044815832904379,0.00019568104088619998,0.01684710282680518,0.029891918659709558,0.0038022869939008004,0.0013820422215707737,0.5101214574898786,-1.401703670270606,0.013661611313374799,1.9321169956275257,5
8,feat_5m_1h_positive_return_share,4,411,-0.014153670771111,6.564048707589679e-05,0.0158264468260714,0.0299801175971824,0.0016727760549604,0.0001723199750143685,0.5012165450121655,-1.5976659150759196,0.0086465069818158,1.650295917603031,5
8,feat_5m_1h_positive_return_share,5,315,-0.012608271463446,0.0007693901483319,0.0164328233866298,0.029041094850075798,0.003824551923183801,0.0007846952822796691,0.5365079365079365,-1.2280333108782397,0.074601172828092,1.6042379296809552,4
8,feat_5m_1h_ret_sum,1,377,-0.013989225191736919,7.141071877921288e-05,0.013927993512359144,0.027917218704096063,-6.123167937777466e-05,0.00034664431957186204,0.5013262599469496,-0.9906027038443763,0.0045232156760819,1.1996639966863047,5
8,feat_5m_1h_ret_sum,2,475,-0.016987118276372375,-0.0012809175559676,0.015481689436969348,0.03246880771334172,-0.0015054288394030276,-0.0008279008940721211,0.4463157894736842,-1.5930104483624212,-0.1204286687866651,1.6479893104646604,5
8,feat_5m_1h_ret_sum,3,460,-0.014797882085306571,-0.00013450206217435,0.01599134660449963,0.0307892286898062,0.00119346451919306,0.00014209646632584486,0.49130434782608695,-1.68344512877399,-0.01008732551702535,1.861377269430809,5
8,feat_5m_1h_ret_sum,4,465,-0.01404815453199742,-0.0008687558722014,0.01523585030990306,0.029284004841900482,0.00118769577790564,0.00011902223916041887,0.46236559139784944,-1.5363795137694054,-0.0677750297033942,1.8587857613155132,5
8,feat_5m_1h_ret_sum,5,473,-0.01192185097535374,0.0006306761056673,0.015321511639241479,0.02724336261459522,0.0033996606638877387,0.0007490296410111296,0.5412262156448203,-1.0839239062558668,0.0504223695050248,1.3330340896843087,5
8,feat_5m_1h_rv,1,537,-0.0149482175535659,-0.0005669827222163,0.015041896588938264,0.029990114142504163,9.367903537236405e-05,-0.0002775319876100685,0.4729981378026071,-2.12416647179977,-0.0488885107573979,2.2239456437741514,5
8,feat_5m_1h_rv,2,482,-0.0141099131739834,-0.00041115702697025003,0.014085804393477435,0.028195717567460837,-2.410878050596553e-05,-0.00015494183749980206,0.48132780082987553,-1.4698341574099676,-0.03137931137499715,1.5736582187812476,5
8,feat_5m_1h_rv,3,432,-0.01304331419607834,-2.9848073315743504e-05,0.015417852783600064,0.028461166979678404,0.0023745385875217247,0.00032482974034399943,0.4976851851851852,-1.1200885837863626,-0.0025863042871404,1.3992698918206594,5
8,feat_5m_1h_rv,4,428,-0.01239499732802923,0.00052503291689745,0.01523650720671699,0.02763150453474622,0.0028415098786877604,0.0007172077104480639,0.530373831775701,-1.1803130852951158,0.0410884278490216,1.3523982225223918,5
8,feat_5m_1h_rv,5,371,-0.0153582409426869,-0.0008750547467554,0.0171793524385453,0.0325375933812322,0.0018211114958583997,-3.003230503176646e-05,0.4582210242587601,-1.022422813077599,-0.0545461867023686,1.1920612683256462,5
8,feat_5m_4h_gap_sq,1,484,-0.015428990231415621,-0.0007407261367206499,0.01703063227658503,0.03245962250800065,0.0016016420451694085,-1.5172282456573218e-05,0.47520661157024796,-2.143806531236331,-0.09239712708591725,2.5224051118762976,5
8,feat_5m_4h_gap_sq,2,361,-0.0142990272161015,-0.0008229324288312,0.0130331392409331,0.027332166457034603,-0.0012658879751683994,-0.00060923581548456,0.45429362880886426,-1.422086944596269,-0.086899456704019,1.6519815772933244,5
8,feat_5m_4h_gap_sq,3,641,-0.0146924526053538,-0.0005060408735984,0.0112825566903116,0.025975009295665402,-0.0034098959150421996,-0.0014526105552628457,0.47581903276131043,-1.484322867715362,-0.0518910133197438,1.0541816800692103,5
8,feat_5m_4h_gap_sq,4,391,-0.0113801752953863,0.0007119464916979,0.0177835905214347,0.029163765816821,0.0064034152260484,0.0010729722727697152,0.5294117647058824,-0.9773388927586404,0.0546925671865978,1.4603513838392246,5
8,feat_5m_4h_gap_sq,5,373,-0.01068577080303504,0.0002925259637649,0.019998816122374516,0.030684586925409554,0.009313045319339476,0.0025504060082614357,0.514745308310992,-0.5506192846107948,0.0133406366596815,0.9426823614066224,5
8,feat_5m_4h_jump_share,1,517,-0.01328780560704026,-0.0011437415045719,0.012734144806977345,0.026021950414017607,-0.0005536608000629144,-0.0008429560989204892,0.4410058027079304,-1.5346102345965364,-0.0952691876939569,1.353704536974372,5
8,feat_5m_4h_jump_share,2,491,-0.0108512198795332,0.0004759072070785,0.0173351353393591,0.028186355218892303,0.006483915459825901,0.0020204543126254,0.5254582484725051,-1.0543319601946055,0.0425108452972076,1.6848884122077004,5
8,feat_5m_4h_jump_share,3,527,-0.01558021884044426,-0.0012338064489284,0.014285575817764571,0.02986579465820883,-0.0012946430226796878,-0.00079094179196613,0.4629981024667932,-1.5882479442442508,-0.0860766540116381,1.4268280554711772,5
8,feat_5m_4h_jump_share,4,474,-0.019680282458043315,0.00044711323076819997,0.01622239083625772,0.03590267329430104,-0.0034578916217855964,-0.00013559254801706134,0.5189873417721519,-1.7672868027384991,0.0350564463233815,1.5287468407036644,5
8,feat_5m_4h_jump_share,5,241,-0.0132118184069997,0.0002491435702703,0.0159400180452778,0.0291518364522775,0.0027281996382780994,0.0005696894086354407,0.5062240663900415,-1.107947369833976,0.0309702617087891,1.7303831902205806,4
8,feat_5m_4h_neg_semivar_share,1,417,-0.00891965559837932,6.787714239840519e-05,0.012463064143377367,0.021382719741756685,0.0035434085449980463,0.0007788840438560218,0.5011990407673861,-0.6885387256164557,0.0031467018005779,1.2880939979938615,5
8,feat_5m_4h_neg_semivar_share,2,567,-0.01463789540509842,-0.0010946908591815,0.016271782494238992,0.030909677899337414,0.0016338870891405722,-0.0006791375798867162,0.4514991181657848,-1.704762053364311,-0.1149605636004015,1.7390157925739003,5
8,feat_5m_4h_neg_semivar_share,3,468,-0.01308847257662652,-0.000739794243973,0.01378525398047016,0.026873726557096682,0.0006967814038436413,-0.00012233725259940385,0.46794871794871795,-1.4920348107341763,-0.0594967206392547,1.6494592202619835,5
8,feat_5m_4h_neg_semivar_share,4,383,-0.018629080689762278,5.9120872641367935e-05,0.01662116861821179,0.03525024930797407,-0.0020079120715504883,-0.0006401165039296449,0.5013054830287206,-2.0329902392320505,0.0045232156760819,1.7250182047814504,5
8,feat_5m_4h_neg_semivar_share,5,415,-0.01524260744902396,0.0011125018530254,0.017273842029074463,0.032516449478098425,0.0020312345800505022,0.0013858494854011188,0.5349397590361445,-0.847717625601968,0.0657559804545126,1.3478982163196191,5
8,feat_5m_4h_ret_sum,1,344,-0.01656189449610283,0.00010588608955530585,0.01621204502831455,0.03277393952441738,-0.00034984946778827963,0.0006173044178033007,0.5,-0.9493934742386009,0.0046801780540242505,1.334120548715848,5
8,feat_5m_4h_ret_sum,2,438,-0.01326160322156331,0.00035574532659385003,0.016913215992426612,0.03017481921398992,0.0036516127708633023,0.0010838144030922646,0.5091324200913242,-1.3105838072872886,0.03840384316592255,1.5263615595421927,5
8,feat_5m_4h_ret_sum,3,474,-0.015471305548521138,-0.00175254181239175,0.014495537881339421,0.029966843429860557,-0.0009757676671817168,-0.0017760721879949322,0.4282700421940928,-2.1820641399338743,-0.1840008913008898,1.7458845556600902,5
8,feat_5m_4h_ret_sum,4,517,-0.01491787354443234,0.0005593710329515,0.015563559746883827,0.030481433291316168,0.0006456862024514873,0.00017055635095421603,0.5415860735009671,-1.6474996168502216,0.0666760193471342,1.7390157925739003,5
8,feat_5m_4h_ret_sum,5,477,-0.00986666058255746,-0.0008228195746731,0.012850994863424232,0.022717655445981692,0.0029843342808667725,0.0005850102203345977,0.4612159329140461,-0.7711248579967837,-0.0602186817095035,1.4022860704545892,5
8,feat_5m_4h_rv,1,599,-0.014743470431236,0.0004103405884413,0.015703183204220594,0.030446653635456594,0.0009597127729845945,0.0006002874668034898,0.5258764607679466,-2.193208667853268,0.0583369261085301,2.4320557509094543,5
8,feat_5m_4h_rv,2,539,-0.0135621830986441,-0.0012468420422925,0.012053505063484578,0.025615688162128676,-0.0015086780351595223,-0.001038926959553788,0.44155844155844154,-1.3923846628885281,-0.1248221441555092,1.2889853440798746,5
8,feat_5m_4h_rv,3,456,-0.0128917150354567,0.000914543890907,0.01767948739932965,0.03057120243478635,0.00478777236387295,0.0010217794509925233,0.5285087719298246,-1.0574642198999036,0.0737073144659526,1.461505408628419,5
8,feat_5m_4h_rv,4,303,-0.01525578658474306,-0.0002873976165779,0.01788979456183534,0.033145581146578396,0.0026340079770922793,0.0007208121602620666,0.48184818481848185,-1.0615550232763113,-0.0204348199429156,1.2707945683197832,5
8,feat_5m_4h_rv,5,353,-0.015725492003834017,-0.0009084420844079,0.013849036874420123,0.02957452887825414,-0.0018764551294138936,-0.0007691086569850231,0.4475920679886686,-0.7126950311683227,-0.0474594885916874,0.659500083726323,5
8,feat_5m_8h_rv,1,727,-0.01480352470816752,-0.0002579147606018,0.014924831792566217,0.029728356500733737,0.00012130708439869742,-4.8403717310665256e-05,0.4924346629986245,-1.9327516660876707,-0.03328416712297,1.7966560405937337,5
8,feat_5m_8h_rv,2,584,-0.01138224049592118,0.0006467050107877501,0.013479112212017214,0.02486135270793839,0.002096871716096035,0.0002767381073316532,0.5342465753424658,-1.1444607866595453,0.05435362488095945,1.2919809190613454,5
8,feat_5m_8h_rv,3,330,-0.015331596757045832,9.825590939698396e-05,0.017350867924195226,0.03268246468124106,0.0020192711671493946,0.0008903179402501933,0.503030303030303,-1.4451625089345512,0.0073789181861958,1.8333643804289472,5
8,feat_5m_8h_rv,4,231,-0.0134134175972817,-0.0012439359733151,0.0142678681170359,0.027681285714317598,0.0008544505197541994,-0.0003273398439335528,0.4199134199134199,-1.2326333310796098,-0.134689512265321,1.50844073320383,5
8,feat_5m_8h_rv,5,378,-0.016409619955456048,-0.00110858788789055,0.01627655728261285,0.032686177238068895,-0.0001330626728431976,-0.0003496884889382608,0.4365079365079365,-0.9274110944951409,-0.053810067483285595,0.9460689511644154,4
8,feat_5m_rv_rate_ratio_1h_4h,1,399,-0.016519759844341897,-0.0013851289754707,0.013957001160511677,0.030476761004853574,-0.00256275868383022,-0.001772315135535199,0.40852130325814534,-1.308773569067624,-0.1036716831055626,1.0597675613226463,5
8,feat_5m_rv_rate_ratio_1h_4h,2,419,-0.01204603460284492,0.0009147522011401,0.016934500198352256,0.028980534801197177,0.004888465595507336,0.0017226264477875474,0.5513126491646778,-1.2734994520487575,0.0758085087038169,1.8979450516546659,5
8,feat_5m_rv_rate_ratio_1h_4h,3,535,-0.0157264040737511,-0.0008479828302402,0.014118476933559481,0.02984488100731058,-0.0016079271401916173,-0.0008159578577085623,0.45981308411214955,-1.9485634870519484,-0.0859537224504229,1.6400135779489335,5
8,feat_5m_rv_rate_ratio_1h_4h,4,450,-0.01184793148273175,0.00096126322942585,0.016267259857435393,0.028115191340167142,0.004419328374703643,0.0014220676901634235,0.5288888888888889,-1.2161682538865728,0.10930830854768839,1.6745456853435368,5
8,feat_5m_rv_rate_ratio_1h_4h,5,447,-0.0151158314363515,-0.0002153393397403,0.01449030039381614,0.02960613183016764,-0.0006255310425353593,-1.2498947498468435e-05,0.49217002237136465,-1.281916258043162,-0.0227792369051977,1.4235090515449862,5
8,feat_5m_rv_rate_ratio_4h_8h,1,410,-0.01481774197825883,0.0002427147750235,0.01719847299937789,0.03201621497763672,0.0023807310211190584,0.000875832983148055,0.5195121951219512,-1.9132795511465603,0.0400843291507687,2.494284570300394,5
8,feat_5m_rv_rate_ratio_4h_8h,2,514,-0.014243065308020329,-0.0006269156936753999,0.01450681220712635,0.02874987751514668,0.000263746899106021,0.00011964512034227812,0.4766536964980545,-1.8127893306331444,-0.0517376757131989,1.942753702145253,5
8,feat_5m_rv_rate_ratio_4h_8h,3,452,-0.010673069775683011,-0.00090603353602045,0.014854944925999012,0.025528014701682023,0.004181875150316001,4.539184066325161e-05,0.45353982300884954,-1.0710210003256637,-0.0674041064487645,1.2871651499830676,5
8,feat_5m_rv_rate_ratio_4h_8h,4,451,-0.0139284079795969,-0.0002153393397403,0.0140674888699051,0.027995896849502003,0.00013908089030820019,0.00020729068380792348,0.49223946784922396,-1.1479175058511049,-0.01564369713005,1.2266993830170725,5
8,feat_5m_rv_rate_ratio_4h_8h,5,423,-0.017419691075367855,7.141071877921288e-05,0.01567505400755506,0.03309474508292291,-0.0017446370678127938,-0.0007616113607841952,0.5035460992907801,-0.9760064341755991,0.0063201188409798,1.110387221227762,5
8,feat_time_after_long_gap,1,2007,-0.014345583710427138,-0.0002527486428215,0.01530436390751994,0.02964994761794708,0.0009587801970928032,4.572612479183549e-05,0.4892874937717987,-1.4226042215942265,-0.0172372382018838,1.54655770337293,5
8,feat_time_after_long_gap,2,243,-0.01404097888477574,-0.0005345211708557,0.014711830807192083,0.02875280969196782,0.000670851922416343,0.000496544803517977,0.4773662551440329,-1.3654188643220455,-0.046894737204028,1.7544472021641326,5
8,feat_time_bars_since_segment_start,1,487,-0.01330023404244468,0.0005668934392181,0.01728817235016763,0.03058840639261231,0.003987938307722948,0.0015787684641168716,0.5359342915811088,-1.2019573673851762,0.0587808512994757,1.728469709727048,5
8,feat_time_bars_since_segment_start,2,488,-0.01679354476925826,0.00066530656995615,0.018171023499980943,0.0349645682692392,0.0013774787307226852,0.0006361590818784748,0.5184426229508197,-1.5582640154968568,0.0470993908988021,1.6398501648288235,5
8,feat_time_bars_since_segment_start,3,427,-0.00935116154327288,-7.179008581995543e-05,0.011497757875994954,0.020848919419267836,0.0021465963327220745,0.00011293559252710563,0.4894613583138173,-0.8921643714230095,-0.0060623522535908,1.0531768823934087,5
8,feat_time_bars_since_segment_start,4,427,-0.00930723065970878,-0.0007712082644448,0.008624257564452302,0.01793148822416108,-0.000682973095256478,-0.0005511526485135072,0.4519906323185012,-0.7117387651604534,-0.0555394121803346,0.7299409558484867,5
8,feat_time_bars_since_segment_start,5,421,-0.0173811151357888,-0.00226283224748,0.0162639554979641,0.033645070633752897,-0.0011171596378246988,-0.0016146186968250269,0.4323040380047506,-2.199756778134885,-0.2520642813184341,2.4314592253710736,5
16,feat_15m_location_32,1,391,-0.02148261823737,0.0004964715162794,0.0230734434552851,0.0445560616926551,0.0015908252179150997,0.0011252756936551323,0.5140664961636828,-1.302170133126091,0.0154957788229194,1.662476872612406,5
16,feat_15m_location_32,2,418,-0.02487072903935543,-0.00337738987901075,0.022702055926841713,0.04757278496619714,-0.0021686731125137165,-0.002190340671653009,0.42822966507177035,-1.432357261333575,-0.1829678136575394,1.3759900725961534,5
16,feat_15m_location_32,3,409,-0.025020943692149217,0.0028897311756465,0.028281078139731318,0.053302021831880535,0.003260134447582101,0.0024167196198956495,0.5721271393643031,-1.8160321564740534,0.1999035633112299,1.7897866840987184,5
16,feat_15m_location_32,4,441,-0.0197719637729148,-0.0023298852450056,0.0193495541026499,0.0391215178755647,-0.0004224096702649012,-0.0008539745537873411,0.4603174603174603,-1.7434038403143393,-0.1629369289160739,1.5803599733784937,5
16,feat_15m_location_32,5,591,-0.0183158737954976,0.00069310988566,0.0199297048307533,0.0382455786262509,0.0016138310352556973,0.0009766333891864701,0.5262267343485617,-1.2106437578211704,0.0434817139671271,1.5359184523546487,5
16,feat_15m_oi_log_change_4,1,421,-0.0255894112570339,0.0014601080292613,0.0246739952022381,0.050263406459272,-0.0009154160547958021,0.0006043746139963315,0.5320665083135392,-1.6287646753804996,0.081374748796258,1.7350762648274345,5
16,feat_15m_oi_log_change_4,2,487,-0.0274413988058269,0.0004160351906907,0.02590770122828556,0.05334910003411246,-0.0015336975775413417,0.0013204126974357216,0.5092402464065708,-1.67471832244324,0.0306478796212128,2.0665006051323753,5
16,feat_15m_oi_log_change_4,3,463,-0.01825742302664834,0.0,0.0220922099427677,0.040349632969416044,0.003834786916119357,0.00022969150721227142,0.49892008639308855,-1.317122258344936,0.0,1.6247133843876929,5
16,feat_15m_oi_log_change_4,4,472,-0.02205028715198567,-0.0012936853706482002,0.019342176309450343,0.04139246346143601,-0.002708110842535326,-0.0008312399958534431,0.4682203389830508,-1.565621839225904,-0.07931798380458935,1.2971796412138796,5
16,feat_15m_oi_log_change_4,5,407,-0.01622416873688768,7.221520133122515e-05,0.017302486562048063,0.03352665529893574,0.0010783178251603832,0.00025052012003537493,0.5012285012285013,-0.972204818702879,0.0040996624194135,1.111772797256218,5
16,feat_15m_ret_1,1,427,-0.02177184718575954,-0.0004309150856177,0.022577807622082207,0.04434965480784175,0.0008059604363226669,0.0002872714956144573,0.48711943793911006,-1.2863047086963069,-0.024550745184077,1.538565393334996,5
16,feat_15m_ret_1,2,438,-0.021862107412769918,0.00070641930373845,0.022056342246380697,0.043918449659150614,0.0001942348336107791,0.0005244396719574273,0.5136986301369864,-1.4271158243320354,0.03839269475447395,1.738583648612329,5
16,feat_15m_ret_1,3,492,-0.0212237669039653,0.0001316424760451684,0.022488947603881267,0.04371271450784657,0.0012651806999159666,0.0009947949864082763,0.5020325203252033,-1.5749542867538668,0.01019691783255305,1.6146705645025818,5
16,feat_15m_ret_1,4,459,-0.0221023513242965,-0.0006400910570241,0.022425648936695335,0.04452800026099184,0.00032329761239883667,2.3131322913611858e-05,0.4880174291938998,-1.5977920593703452,-0.0294773012361585,1.5379858049845423,5
16,feat_15m_ret_1,5,434,-0.02326323901366861,0.0005299822965027,0.022446360265151614,0.04570959927882022,-0.000816878748516995,-0.0003202295868212911,0.5161290322580645,-1.422656943547754,0.029233694521513698,1.5602845163598231,5
16,feat_15m_ret_16,1,339,-0.024659684222771882,0.0001847120037267,0.02812755813859177,0.05278724236136365,0.0034678739158198885,0.0014276105475347258,0.5014749262536873,-0.871561584350877,0.0077844730386642,1.7241398532588823,5
16,feat_15m_ret_16,2,440,-0.023874314482916947,0.0002891038322578,0.024238790530046822,0.04811310501296377,0.0003644760471298754,5.847203554390854e-05,0.5113636363636364,-1.6010352000591563,0.026433496668209253,1.5846715253960695,5
16,feat_15m_ret_16,3,471,-0.0253810171117089,-0.003385139407366,0.023030984669579,0.048412001781287906,-0.0023500324421299006,-0.0018829073132010565,0.416135881104034,-2.0759289731388257,-0.2460401446045894,1.7881138428082302,5
16,feat_15m_ret_16,4,522,-0.020576914554999968,0.00255878698362025,0.020627695993364937,0.041204610548364905,5.078143836496907e-05,0.0007773889632081353,0.5459770114942529,-1.67367905078342,0.19509711554167655,1.6083303513543294,5
16,feat_15m_ret_16,5,478,-0.01562963685893403,0.00070003675323995,0.01923600666767641,0.03486564352661044,0.0036063698087423803,0.0014326588059915585,0.5271966527196653,-0.9117978318296991,0.0418932063665763,1.369380760128509,5
16,feat_15m_ret_4,1,374,-0.02410088255652998,0.00181043990061695,0.02426616674693404,0.04836704930346402,0.00016528419040406223,0.0015727855981763216,0.5454545454545454,-1.286594467774778,0.079724151178699,1.5884448082437015,5
16,feat_15m_ret_4,2,473,-0.022668711852346056,-0.0026748069855233,0.0240962115992429,0.04676492345158896,0.0014274997468968452,-0.000724965836466475,0.4418604651162791,-1.4499390598582873,-0.1469545730606309,1.7683660937387415,5
16,feat_15m_ret_4,3,462,-0.01881427477297574,0.000182450469387,0.01933282858555681,0.03814710335853255,0.0005185538125810699,0.0005634758604920136,0.5021645021645021,-1.6221893458854106,0.011600348757876251,1.6145714281067538,5
16,feat_15m_ret_4,4,468,-0.02203343760871692,-0.00047751205614500003,0.02410258307134938,0.0461360206800663,0.0020691454626324615,0.00040585192570420116,0.4893162393162393,-1.6205584307341474,-0.027250468030888,1.727302530976704,5
16,feat_15m_ret_4,5,473,-0.02106087420348314,0.0014601080292613,0.020151139331668243,0.04121201353515139,-0.0009097348718148969,3.777749037701501e-05,0.5369978858350951,-1.3601688478692229,0.0610574459242964,1.3151434297114868,5
16,feat_15m_ret_8,1,364,-0.025266445539256107,0.0009568580238354,0.027581042997102873,0.05284748853635898,0.0023145974578467655,0.0019299024518154722,0.5274725274725275,-1.139981907811572,0.041764744496612355,1.7072205430974285,5
16,feat_15m_ret_8,2,490,-0.0239603581940312,-0.00148175758695745,0.024028913911479044,0.04798927210551024,6.855571744784558e-05,-0.0003024723234535788,0.47551020408163264,-1.6280323455001604,-0.1016124183326361,1.6756114897683336,5
16,feat_15m_ret_8,3,454,-0.02202274288225395,-0.0013010692307290502,0.02020896240211496,0.04223170528436891,-0.0018137804801389885,-0.00036177098686657097,0.4713656387665198,-1.9004510923228977,-0.0972193273080002,1.7358811096205657,5
16,feat_15m_ret_8,4,459,-0.020631270931529177,6.768876707501483e-05,0.02148825024035472,0.042119521171883896,0.0008569793088255423,0.000830166628580892,0.5054466230936819,-1.5714779628881168,0.005329337219307,1.4858104722411614,5
16,feat_15m_ret_8,5,483,-0.02009629878973022,0.0011127339627861,0.017997325455364043,0.038093624245094264,-0.0020989733343661776,-0.0001193151835513011,0.5320910973084886,-1.047934388662918,0.0474483245591705,1.3198563135870363,5
16,feat_15m_volume_ratio_32,1,441,-0.0204088716312071,-0.0016448995385639,0.0225070730554304,0.042915944686637494,0.0020982014242232998,-4.440834190424987e-05,0.4671201814058957,-1.643067207812937,-0.0981949141434879,1.9668889183795488,5
16,feat_15m_volume_ratio_32,2,454,-0.023672746094663435,0.0008639288796017,0.02503791790635027,0.048710664001013704,0.0013651718116868342,0.001266362009330579,0.5198237885462555,-1.609715437002478,0.0389216004664579,1.769360988823161,5
16,feat_15m_volume_ratio_32,3,454,-0.025433600698169016,-6.364112578534985e-05,0.022950868347463425,0.04838446904563244,-0.002482732350705591,-0.0006346054274313392,0.4977973568281938,-1.6872485201202108,-0.00434939902025355,1.36862810532295,5
16,feat_15m_volume_ratio_32,4,464,-0.01890411380170545,0.0002153018533225,0.022634503697854302,0.041538617499559755,0.0037303898961488537,0.001071445499516767,0.5043103448275862,-1.2113494894627543,0.0101012407386272,1.573954790694209,5
16,feat_15m_volume_ratio_32,5,437,-0.0201308660503387,0.00069310988566,0.01972597683302099,0.039856842883359694,-0.0004048892173177075,-0.00011656257753719535,0.517162471395881,-1.2157549701188501,0.0391905764437087,1.204955729349166,5
16,feat_5m_1h_jump_share,1,908,-0.01912415679575006,-0.0009048054165626,0.02154450309176336,0.04066865988751342,0.002420346296013301,0.0003280179529034508,0.4713656387665198,-1.2749756066760922,-0.05293964642456965,1.518521801555493,5
16,feat_5m_1h_jump_share,2,456,-0.02183935379274135,0.001818316890583,0.0252052433423792,0.04704459713512055,0.0033658895496378495,0.0015939246402685249,0.5350877192982456,-1.4422967410074885,0.09902343554500875,1.7716815832739017,5
16,feat_5m_1h_jump_share,3,426,-0.021232394318833947,0.00182551638569895,0.022745150198005652,0.0439775445168396,0.0015127558791717052,0.0012740849536228953,0.5492957746478874,-1.3974512680635902,0.08649482170701205,1.6253763396390766,5
16,feat_5m_1h_jump_share,4,460,-0.02753139328313128,-0.0011713925782289,0.021861919428044208,0.04939331271117549,-0.005669473855087072,-0.0018564866361904955,0.4826086956521739,-1.7468503048968052,-0.054225608485733545,1.579011705234826,5
16,feat_5m_1h_max_abs_return,1,526,-0.02050602214883925,-0.0002384799492535,0.021180875116917748,0.041686897265757,0.0006748529680784994,0.0001883917979790304,0.49049429657794674,-1.8512318599277087,-0.02177940130652995,1.7752235379544188,5
16,feat_5m_1h_max_abs_return,2,495,-0.020363401255085678,-6.56318708600916e-05,0.021108391912931797,0.041471793168017475,0.0007449906578461188,-0.0003109709046878519,0.49696969696969695,-1.3060230167016955,-0.0045362324315511,1.5527872305162251,5
16,feat_5m_1h_max_abs_return,3,416,-0.020944144021078352,-0.0007431015922970501,0.02320153169839885,0.0441456757194772,0.002257387677320498,0.0005147241893295914,0.47836538461538464,-1.1527271590834787,-0.041076154589212904,1.6235887532010733,5
16,feat_5m_1h_max_abs_return,4,412,-0.023743214864417,0.00179274854152785,0.025126771352150277,0.048869986216567275,0.0013835564877332784,0.0015693704698937236,0.5364077669902912,-1.4394629758369408,0.08541058669117679,1.6146705645025818,5
16,feat_5m_1h_max_abs_return,5,401,-0.0249259260726511,0.0003684191177508,0.022865985349012,0.0477919114216631,-0.0020599407236390997,-0.00023048156977381986,0.5087281795511222,-1.3240840181064044,0.0124019732574508,1.352889021844377,5
16,feat_5m_1h_neg_semivar_share,1,472,-0.02475659111961068,0.0018202314301111,0.02178899571041628,0.046545586830026964,-0.0029675954091944005,-0.00017711291958904626,0.5360169491525424,-1.7429192444427304,0.0810325505828267,1.621358409198533,5
16,feat_5m_1h_neg_semivar_share,2,486,-0.01802744454364025,-0.0005764460563864,0.02161993782527115,0.039647382368911396,0.003592493281630898,0.0005941428428867483,0.48559670781893005,-1.239624223503059,-0.033015078693437505,1.5554683781622716,5
16,feat_5m_1h_neg_semivar_share,3,453,-0.01885984539398278,-0.000142480587261,0.02193081532165324,0.04079066071563602,0.003070969927670461,0.000732874210449286,0.49448123620309054,-1.2845091668498834,-0.0065727911373601,1.5786737997651055,5
16,feat_5m_1h_neg_semivar_share,4,438,-0.025208563738139688,-0.00323355891951835,0.023540796441689167,0.04874936017982885,-0.001667767296450521,-0.0011592253111419185,0.4337899543378995,-1.5880776316264844,-0.20629924077341816,1.6760505002012989,5
16,feat_5m_1h_neg_semivar_share,5,401,-0.0237367109328488,0.0026204908936693,0.0230138136243659,0.0467505245572147,-0.0007228973084828991,0.0017058324691875554,0.5610972568578554,-1.3778165426333822,0.1287086359105907,1.616020697572699,5
16,feat_5m_1h_positive_return_share,1,537,-0.02496170289327462,-0.0008201203302759,0.021280331611644606,0.046242034504919226,-0.0036813712816300137,-0.00053658605414585,0.4823091247672253,-1.4296818193309044,-0.0499482228182219,1.5440631257652393,5
16,feat_5m_1h_positive_return_share,2,489,-0.0199065410881906,0.0001971932829211,0.02192017111291802,0.04182671220110862,0.0020136300247274204,0.00037206520139774753,0.5030674846625767,-1.4465382672260854,0.0124019732574508,1.5816436678688652,5
16,feat_5m_1h_positive_return_share,3,496,-0.019430665045672,0.0019063092609008002,0.0263392393552347,0.0457699044009067,0.006908574309562699,0.002636286323096294,0.5383064516129032,-1.288714550059837,0.09232852077432195,1.8516102914959107,5
16,feat_5m_1h_positive_return_share,4,419,-0.02615592629546592,-0.0009350836861892,0.02059615062547779,0.046752076920943714,-0.005559775669988127,-0.001758534026356337,0.4630071599045346,-1.6420965916653398,-0.0582807298958475,1.3566937225148121,5
16,feat_5m_1h_positive_return_share,5,309,-0.018317193767504483,0.0006726306838653,0.019497542757499757,0.037814736525004236,0.0011803489899952745,0.000805439621925153,0.5242718446601942,-1.2919395390606747,0.0460185395472214,1.4250414236461488,4
16,feat_5m_1h_ret_sum,1,374,-0.02410088255652998,0.00181043990061695,0.02426616674693404,0.04836704930346402,0.00016528419040406223,0.0015727855981763216,0.5454545454545454,-1.286594467774778,0.079724151178699,1.5884448082437015,5
16,feat_5m_1h_ret_sum,2,473,-0.022668711852346056,-0.0026748069855233,0.0240962115992429,0.04676492345158896,0.0014274997468968452,-0.000724965836466475,0.4418604651162791,-1.4499390598582873,-0.1469545730606309,1.7683660937387415,5
16,feat_5m_1h_ret_sum,3,462,-0.01881427477297574,0.000182450469387,0.01933282858555681,0.03814710335853255,0.0005185538125810699,0.0005634758604920136,0.5021645021645021,-1.6221893458854106,0.011600348757876251,1.6145714281067538,5
16,feat_5m_1h_ret_sum,4,468,-0.02203343760871692,-0.00047751205614500003,0.02410258307134938,0.0461360206800663,0.0020691454626324615,0.00040585192570420116,0.4893162393162393,-1.6205584307341474,-0.027250468030888,1.727302530976704,5
16,feat_5m_1h_ret_sum,5,473,-0.02106087420348314,0.0014601080292613,0.020151139331668243,0.04121201353515139,-0.0009097348718148969,3.777749037701501e-05,0.5369978858350951,-1.3601688478692229,0.0610574459242964,1.3151434297114868,5
16,feat_5m_1h_rv,1,546,-0.0217028731429471,-0.0009787006993189,0.01990781788380165,0.04161069102674875,-0.0017950552591454484,-0.0003244851101885985,0.47985347985347987,-1.914977556884378,-0.07364564607658305,1.7865333778630934,5
16,feat_5m_1h_rv,2,481,-0.0199153097009414,0.0010752046911235,0.0222912545665738,0.042206564267515206,0.0023759448656324005,0.0005398821310861657,0.5176715176715176,-1.2890569085414167,0.0497726030267177,1.6577011454408983,5
16,feat_5m_1h_rv,3,430,-0.02231461291039444,-0.00067184682671935,0.02251787096933468,0.04483248387972912,0.0002032580589402394,0.00018750622516518735,0.47674418604651164,-1.2116477904259244,-0.03808741247222265,1.6146466398689958,5
16,feat_5m_1h_rv,4,428,-0.020284466005567308,0.00012581247188076257,0.02555561072131899,0.045840076726886295,0.005271144715751682,0.0010761845145236622,0.5046728971962616,-1.2328302682622276,0.00798376806820975,1.5737783714938667,5
16,feat_5m_1h_rv,5,365,-0.02620068109168214,0.0011127339627861,0.022772302308714843,0.048972983400396984,-0.003428378782967298,0.0002457457284051415,0.536986301369863,-1.3011734216477047,0.0463653254903434,1.3020918037604932,5
16,feat_5m_4h_gap_sq,1,490,-0.018977220697514514,0.00032481779484615,0.024309471976451842,0.04328669267396636,0.005332251278937328,0.001251311118712692,0.5061224489795918,-1.7752836394218752,0.02709161914094655,2.5394773231400487,5
16,feat_5m_4h_gap_sq,2,363,-0.0274927368024321,-0.0023798374193178,0.02488284259684708,0.052375579399279185,-0.0026098942055850193,-0.0014844658684600915,0.44352617079889806,-2.1329025243237547,-0.2011420714931498,1.9271737388339882,5
16,feat_5m_4h_gap_sq,3,633,-0.02201043898207942,-0.0009609445450831,0.016292361711597113,0.03830280069367653,-0.005718077270482309,-0.0020454584269548118,0.47235387045813587,-1.4548695131433242,-0.0638472563979329,1.1793078169366091,5
16,feat_5m_4h_gap_sq,4,391,-0.0210960686910189,0.0029295151528727,0.0219079295086925,0.0430039981997114,0.0008118608176736,0.0012526351735864766,0.5524296675191815,-1.2859183632583455,0.1748680011405461,1.2972950332465083,5
16,feat_5m_4h_gap_sq,5,373,-0.018960895924687637,0.0014601080292613,0.030321104848423982,0.04928200077311162,0.011360208923736344,0.003871742006076095,0.546916890080429,-0.5781653390144976,0.0567365255740655,1.281014731584098,5
16,feat_5m_4h_jump_share,1,520,-0.01822903504183711,-0.0032296301496793,0.01758796548992174,0.03581700053175885,-0.0006410695519153721,-0.001535043256819358,0.4096153846153846,-1.3753791428266176,-0.1606430828265962,1.3714137741595867,5
16,feat_5m_4h_jump_share,2,487,-0.0167249760567722,0.0011612155359416,0.021572075021517645,0.038297051078289845,0.004847098964745444,0.002505047906633709,0.5462012320328542,-1.0862306913468247,0.0693086261885406,1.563553626075443,5
16,feat_5m_4h_jump_share,3,533,-0.022970164623581677,-0.0011394389496577,0.024421537967976064,0.04739170259155774,0.0014513733443943869,3.191413286466662e-05,0.47842401500938087,-1.4295951714193256,-0.0598069106504584,1.593835223175436,5
16,feat_5m_4h_jump_share,4,469,-0.0303652416588882,0.0023902389037572,0.025370220079925017,0.05573546173881322,-0.004995021578963182,-0.0006402628489918445,0.5543710021321961,-2.0075651322843027,0.1388118116194228,1.675537874846345,5
16,feat_5m_4h_jump_share,5,241,-0.0204616005088219,0.0035986023240755,0.0230341805931514,0.0434957811019733,0.0025725800843294996,0.002385823573320594,0.5560165975103735,-1.2590456975154445,0.2142084840691465,1.7912595587883238,4
16,feat_5m_4h_neg_semivar_share,1,417,-0.017714558724447,0.0014910539541801,0.017711407505399006,0.035425966229846007,-3.1512190479948687e-06,0.0008501164415692508,0.5419664268585132,-0.9710703128279394,0.0676682894005813,1.2530770626278627,5
16,feat_5m_4h_neg_semivar_share,2,569,-0.01841208645852668,-0.000214216859686,0.023945854470556357,0.042357940929083036,0.005533768012029677,0.0008463444048689688,0.4938488576449912,-1.4989687637665028,-0.024550745184077,1.7404085184689808,5
16,feat_5m_4h_neg_semivar_share,3,469,-0.0187969726698669,-6.56318708600916e-05,0.02311062425956328,0.04190759692943018,0.00431365158969638,0.0005314813768071764,0.4946695095948827,-1.5889205973569165,-0.0045362324315511,1.808490573110098,5
16,feat_5m_4h_neg_semivar_share,4,379,-0.02837271190033906,-0.0019879404863672,0.02152144604465946,0.04989415794499852,-0.006851265855679599,-0.0022803008499353997,0.44591029023746703,-2.2103372033830966,-0.1537435188465631,1.4179570896939155,5
16,feat_5m_4h_neg_semivar_share,5,416,-0.0266594614597812,0.0010577402109468001,0.0270408599547122,0.0537003214144934,0.00038139849493099703,0.0011835264632034522,0.5288461538461539,-1.0687670892284493,0.0597040186232041,1.6856111234987714,5
16,feat_5m_4h_ret_sum,1,339,-0.024659684222771882,0.0001847120037267,0.02812755813859177,0.05278724236136365,0.0034678739158198885,0.0014276105475347258,0.5014749262536873,-0.871561584350877,0.0077844730386642,1.7241398532588823,5
16,feat_5m_4h_ret_sum,2,440,-0.023874314482916947,0.0002891038322578,0.024238790530046822,0.04811310501296377,0.0003644760471298754,5.847203554390854e-05,0.5113636363636364,-1.6010352000591563,0.026433496668209253,1.5846715253960695,5
16,feat_5m_4h_ret_sum,3,471,-0.0253810171117089,-0.003385139407366,0.023030984669579,0.048412001781287906,-0.0023500324421299006,-0.0018829073132010565,0.416135881104034,-2.0759289731388257,-0.2460401446045894,1.7881138428082302,5
16,feat_5m_4h_ret_sum,4,522,-0.020576914554999968,0.00255878698362025,0.020627695993364937,0.041204610548364905,5.078143836496907e-05,0.0007773889632081353,0.5459770114942529,-1.67367905078342,0.19509711554167655,1.6083303513543294,5
16,feat_5m_4h_ret_sum,5,478,-0.01562963685893403,0.00070003675323995,0.01923600666767641,0.03486564352661044,0.0036063698087423803,0.0014326588059915585,0.5271966527196653,-0.9117978318296991,0.0418932063665763,1.369380760128509,5
16,feat_5m_4h_rv,1,609,-0.020281032266376137,0.0011360979602712,0.024218503165988822,0.044499535432364956,0.003937470899612685,0.0016025467331105049,0.5238095238095238,-2.125066838874199,0.0964456314688665,2.5885455527636396,5
16,feat_5m_4h_rv,2,535,-0.021646395017123097,-0.0023069626190266,0.018183699806739683,0.03983009482386278,-0.003462695210383414,-0.0020217240839766944,0.4504672897196262,-1.607262454770664,-0.1666021738652256,1.3677041781412231,5
16,feat_5m_4h_rv,3,461,-0.0170932829376417,0.0019825978517503,0.0220136664767117,0.0391069494143534,0.004920383539069997,0.0020299698197284656,0.5466377440347071,-1.046225317608405,0.1223291509989904,1.3371982720179685,5
16,feat_5m_4h_rv,4,294,-0.021054688788859927,0.0,0.03330519091063683,0.05435987969949675,0.012250502121776901,0.002604465757806394,0.4965986394557823,-1.0393892482399532,0.0,1.6036585551158289,5
16,feat_5m_4h_rv,5,351,-0.0296613788104762,-0.0011323426546072,0.0198889158982048,0.049550294708681,-0.0097724629122714,-0.002513992365903598,0.4843304843304843,-0.8214867450513257,-0.038755659201995,0.6984438450199724,5
16,feat_5m_8h_rv,1,726,-0.0218060413217449,-0.0009048054165626,0.01946792046949035,0.04127396179123525,-0.0023381208522545507,-0.0003517285042174939,0.4793388429752066,-1.9966853816089785,-0.0678999478397243,1.6808259044310265,5
16,feat_5m_8h_rv,2,596,-0.0182944536630321,0.00024146183701695,0.01641404622734925,0.03470849989038135,-0.0018804074356828515,-0.0006393125405939704,0.5067114093959731,-1.3371679113280597,0.01772272859629795,1.22321063724667,5
16,feat_5m_8h_rv,3,320,-0.021300277702200818,0.00095736147679015,0.025904538956635272,0.04720481665883609,0.0046042612544344545,0.001738636266080598,0.509375,-1.326643829900362,0.04771401759996515,1.785802359151156,5
16,feat_5m_8h_rv,4,230,-0.0178271664396506,0.00123678232070345,0.02853548462738725,0.04636265106703785,0.01070831818773665,0.003137536350661205,0.5304347826086957,-1.032823855465614,0.06648026697108425,1.9747519616634495,5
16,feat_5m_8h_rv,5,378,-0.02994219586537742,0.00022900811894975,0.030440146234413542,0.06038234209979096,0.0004979503690361216,0.00019003829960990474,0.5105820105820106,-1.0341574551616108,0.0098631109613096,1.7049342488815682,4
16,feat_5m_rv_rate_ratio_1h_4h,1,403,-0.028009833015348817,-0.0015944728331575,0.0199215470442436,0.04793138005959242,-0.008088285971105218,-0.0022459550221364697,0.46898263027295284,-1.2996454505451513,-0.077947089296468,1.1793553741110976,5
16,feat_5m_rv_rate_ratio_1h_4h,2,421,-0.0190956995871341,0.0001289823295997,0.0249172218581879,0.044012921445322,0.0058215222710538,0.0013182977092177964,0.5106888361045131,-1.286409152406503,0.0082403025127159,1.6139367225742072,5
16,feat_5m_rv_rate_ratio_1h_4h,3,535,-0.01936403881663082,-0.0019879404863672,0.020520168166154686,0.039884206982785504,0.001156129349523867,-0.0005816813425669446,0.45607476635514016,-1.6264129503555222,-0.1236132396047261,1.7503810899848884,5
16,feat_5m_rv_rate_ratio_1h_4h,4,450,-0.01776826929151124,0.0022403688455123,0.02374850175662935,0.04151677104814059,0.005980232465118113,0.0024283155000854365,0.5666666666666667,-1.4939895107310592,0.16179259235789395,1.8144673450817697,5
16,feat_5m_rv_rate_ratio_1h_4h,5,441,-0.0218335664509013,0.000598106015504,0.0235966004383978,0.0454301668892991,0.0017630339874964984,0.0006395019418813603,0.5102040816326531,-1.4717999495338685,0.0276918658851745,1.7089352637593238,5
16,feat_5m_rv_rate_ratio_4h_8h,1,418,-0.019920217374549628,0.00391274744276405,0.028550817893527203,0.048471035268076834,0.008630600518977575,0.003780753368026769,0.562200956937799,-1.8026959566366139,0.3947382712995025,2.59680835224536,5
16,feat_5m_rv_rate_ratio_4h_8h,2,513,-0.021700987277040798,-7.043989718690309e-05,0.02493811538880584,0.046639102665846636,0.0032371281117650405,0.0005945559589328456,0.49317738791423,-1.8868615977332306,-0.0060490699306443,1.82323800217077,5
16,feat_5m_rv_rate_ratio_4h_8h,3,448,-0.017070337951957337,-0.0006477008219641,0.021691839936571363,0.038762177888528704,0.004621501984614026,0.0006507089474198761,0.49330357142857145,-1.231689815794281,-0.0442462461567188,1.3636031687167565,5
16,feat_5m_rv_rate_ratio_4h_8h,4,447,-0.02168996396806994,-0.0020233284693682,0.017978252406405975,0.039668216374475915,-0.003711711561663965,-0.0012539839498282262,0.44966442953020136,-1.1508711424022762,-0.1073425300211559,1.1222801522815473,5
16,feat_5m_rv_rate_ratio_4h_8h,5,424,-0.02922004251611396,0.00058621143670245,0.019178139824079288,0.048398182340193246,-0.010041902692034671,-0.0021294873180285863,0.5141509433962265,-1.071483756169667,0.0240824806508508,0.8829235512296715,5
16,feat_time_after_long_gap,1,2006,-0.0216447933785441,-6.001474627471896e-05,0.02172757791461165,0.043372371293155756,8.27845360675504e-05,0.00017042547028154326,0.49700897308075775,-1.4207246105531663,-0.0040880542729567,1.5554683781622716,5
16,feat_time_after_long_gap,2,244,-0.02274766788736781,0.0012246475250180999,0.025087972872272834,0.04783564075964064,0.0023403049849050235,0.0015228392680726637,0.5368852459016393,-1.9142987473549589,0.0858975550117036,1.9966695833879555,5
16,feat_time_bars_since_segment_start,1,488,-0.020474770292735922,0.0035548310408172,0.02387886093194973,0.04435363122468565,0.003404090639213809,0.0024029361174140455,0.569672131147541,-1.6065686307497071,0.19558653754583483,1.7937884574808003,5
16,feat_time_bars_since_segment_start,2,486,-0.02139140830417515,0.00164606969870575,0.02555675037765565,0.046948158681830804,0.004165342073480498,0.0018262138458629994,0.5493827160493827,-1.4628254108850252,0.09101926150984,1.7603983753837775,5
16,feat_time_bars_since_segment_start,3,423,-0.0183150567107645,6.293068187469741e-05,0.019145104366812223,0.03746016107757672,0.0008300476560477235,0.0001646856034185074,0.5011820330969267,-1.1501677158156618,0.0032240451178907,1.259840416259174,5
16,feat_time_bars_since_segment_start,4,426,-0.02528371556865195,-0.0035430103479759,0.01853865391561755,0.0438223694842695,-0.006745061653034401,-0.0022560329300061062,0.4225352112676056,-1.160784979185658,-0.22204095384340014,1.1125354676556747,5
16,feat_time_bars_since_segment_start,5,427,-0.02290323601797176,-0.0031445557758342,0.022938345052838184,0.04584158107080995,3.5109034866424166e-05,-0.0010663195823334736,0.44730679156908665,-1.9777456712183268,-0.1838292852853186,2.1178497445145545,5
