ns,contract
1760536800000000000,SHFE.ag2512
1760540400000000000,SHFE.ag2512
1760544000000000000,SHFE.ag2512
1760547600000000000,SHFE.ag2512
1760551200000000000,SHFE.ag2512
1760576400000000000,SHFE.ag2512
1760580000000000000,SHFE.ag2512
1760583600000000000,SHFE.ag2512
1760590800000000000,SHFE.ag2512
1760594400000000000,SHFE.ag2512
1760619600000000000,SHFE.ag2512
1760623200000000000,SHFE.ag2512
1760626800000000000,SHFE.ag2512
1760630400000000000,SHFE.ag2512
1760634000000000000,SHFE.ag2512
1760637600000000000,SHFE.ag2512
1760662800000000000,SHFE.ag2512
1760666400000000000,SHFE.ag2512
1760670000000000000,SHFE.ag2512
1760677200000000000,SHFE.ag2512
1760680800000000000,SHFE.ag2512
1760706000000000000,SHFE.ag2512
1760709600000000000,SHFE.ag2512
1760713200000000000,SHFE.ag2512
1760716800000000000,SHFE.ag2512
1760720400000000000,SHFE.ag2512
1760724000000000000,SHFE.ag2512
1760922000000000000,SHFE.ag2512
1760925600000000000,SHFE.ag2512
1760929200000000000,SHFE.ag2512
1760936400000000000,SHFE.ag2512
1760940000000000000,SHFE.ag2512
1760965200000000000,SHFE.ag2512
1760968800000000000,SHFE.ag2512
1760972400000000000,SHFE.ag2512
1760976000000000000,SHFE.ag2512
1760979600000000000,SHFE.ag2512
1760983200000000000,SHFE.ag2512
1761008400000000000,SHFE.ag2512
1761012000000000000,SHFE.ag2512
1761015600000000000,SHFE.ag2512
1761022800000000000,SHFE.ag2512
1761026400000000000,SHFE.ag2512
1761051600000000000,SHFE.ag2512
1761055200000000000,SHFE.ag2512
1761058800000000000,SHFE.ag2512
1761062400000000000,SHFE.ag2512
1761066000000000000,SHFE.ag2512
1761069600000000000,SHFE.ag2512
1761094800000000000,SHFE.ag2512
1761098400000000000,SHFE.ag2512
1761102000000000000,SHFE.ag2512
1761109200000000000,SHFE.ag2512
1761112800000000000,SHFE.ag2512
1761138000000000000,SHFE.ag2512
1761141600000000000,SHFE.ag2512
1761145200000000000,SHFE.ag2512
1761148800000000000,SHFE.ag2512
1761152400000000000,SHFE.ag2512
1761156000000000000,SHFE.ag2512
1761181200000000000,SHFE.ag2512
1761184800000000000,SHFE.ag2512
1761188400000000000,SHFE.ag2512
1761195600000000000,SHFE.ag2512
1761199200000000000,SHFE.ag2512
1761224400000000000,SHFE.ag2512
1761228000000000000,SHFE.ag2512
1761231600000000000,SHFE.ag2512
1761235200000000000,SHFE.ag2512
1761238800000000000,SHFE.ag2512
1761242400000000000,SHFE.ag2512
1761267600000000000,SHFE.ag2512
1761271200000000000,SHFE.ag2512
1761274800000000000,SHFE.ag2512
1761282000000000000,SHFE.ag2512
1761285600000000000,SHFE.ag2512
1761310800000000000,SHFE.ag2512
1761314400000000000,SHFE.ag2512
1761318000000000000,SHFE.ag2512
1761321600000000000,SHFE.ag2512
1761325200000000000,SHFE.ag2512
1761328800000000000,SHFE.ag2512
1761526800000000000,SHFE.ag2512
1761530400000000000,SHFE.ag2512
1761534000000000000,SHFE.ag2512
1761541200000000000,SHFE.ag2512
1761544800000000000,SHFE.ag2512
1761570000000000000,SHFE.ag2512
1761573600000000000,SHFE.ag2512
1761577200000000000,SHFE.ag2512
1761580800000000000,SHFE.ag2512
1761584400000000000,SHFE.ag2512
1761588000000000000,SHFE.ag2512
1761613200000000000,SHFE.ag2512
1761616800000000000,SHFE.ag2512
1761620400000000000,SHFE.ag2512
1761627600000000000,SHFE.ag2512
1761631200000000000,SHFE.ag2512
1761656400000000000,SHFE.ag2512
1761660000000000000,SHFE.ag2512
1761663600000000000,SHFE.ag2512
1761667200000000000,SHFE.ag2512
1761670800000000000,SHFE.ag2512
1761674400000000000,SHFE.ag2512
1761699600000000000,SHFE.ag2512
1761703200000000000,SHFE.ag2512
1761706800000000000,SHFE.ag2512
1761714000000000000,SHFE.ag2512
1761717600000000000,SHFE.ag2512
1761742800000000000,SHFE.ag2512
1761746400000000000,SHFE.ag2512
1761750000000000000,SHFE.ag2512
1761753600000000000,SHFE.ag2512
1761757200000000000,SHFE.ag2512
1761760800000000000,SHFE.ag2512
1761786000000000000,SHFE.ag2512
1761789600000000000,SHFE.ag2512
1761793200000000000,SHFE.ag2512
1761800400000000000,SHFE.ag2512
1761804000000000000,SHFE.ag2512
1761829200000000000,SHFE.ag2512
1761832800000000000,SHFE.ag2512
1761836400000000000,SHFE.ag2512
1761840000000000000,SHFE.ag2512
1761843600000000000,SHFE.ag2512
1761847200000000000,SHFE.ag2512
1761872400000000000,SHFE.ag2512
1761876000000000000,SHFE.ag2512
1761879600000000000,SHFE.ag2512
1761886800000000000,SHFE.ag2512
1761890400000000000,SHFE.ag2512
1761915600000000000,SHFE.ag2512
1761919200000000000,SHFE.ag2512
1761922800000000000,SHFE.ag2512
1761926400000000000,SHFE.ag2512
1761930000000000000,SHFE.ag2512
1761933600000000000,SHFE.ag2512
1762131600000000000,SHFE.ag2512
1762135200000000000,SHFE.ag2512
1762138800000000000,SHFE.ag2512
1762146000000000000,SHFE.ag2512
1762149600000000000,SHFE.ag2512
1762174800000000000,SHFE.ag2512
1762178400000000000,SHFE.ag2512
1762182000000000000,SHFE.ag2512
1762185600000000000,SHFE.ag2512
1762189200000000000,SHFE.ag2512
1762192800000000000,SHFE.ag2512
1762218000000000000,SHFE.ag2512
1762221600000000000,SHFE.ag2512
1762225200000000000,SHFE.ag2512
1762232400000000000,SHFE.ag2512
1762236000000000000,SHFE.ag2512
1762261200000000000,SHFE.ag2512
1762264800000000000,SHFE.ag2512
1762268400000000000,SHFE.ag2512
1762272000000000000,SHFE.ag2512
1762275600000000000,SHFE.ag2512
1762279200000000000,SHFE.ag2512
1762304400000000000,SHFE.ag2512
1762308000000000000,SHFE.ag2512
1762311600000000000,SHFE.ag2512
1762318800000000000,SHFE.ag2512
1762322400000000000,SHFE.ag2512
1762347600000000000,SHFE.ag2512
1762351200000000000,SHFE.ag2512
1762354800000000000,SHFE.ag2512
1762358400000000000,SHFE.ag2512
1762362000000000000,SHFE.ag2512
1762365600000000000,SHFE.ag2512
1762390800000000000,SHFE.ag2512
1762394400000000000,SHFE.ag2512
1762398000000000000,SHFE.ag2512
1762405200000000000,SHFE.ag2512
1762408800000000000,SHFE.ag2512
1762434000000000000,SHFE.ag2512
1762437600000000000,SHFE.ag2512
1762441200000000000,SHFE.ag2512
1762444800000000000,SHFE.ag2512
1762448400000000000,SHFE.ag2512
1762452000000000000,SHFE.ag2512
1762477200000000000,SHFE.ag2512
1762480800000000000,SHFE.ag2512
1762484400000000000,SHFE.ag2512
1762491600000000000,SHFE.ag2512
1762495200000000000,SHFE.ag2512
1762520400000000000,SHFE.ag2512
1762524000000000000,SHFE.ag2512
1762527600000000000,SHFE.ag2512
1762531200000000000,SHFE.ag2512
1762534800000000000,SHFE.ag2512
1762538400000000000,SHFE.ag2512
1762736400000000000,SHFE.ag2512
1762740000000000000,SHFE.ag2512
1762743600000000000,SHFE.ag2512
1762750800000000000,SHFE.ag2512
1762754400000000000,SHFE.ag2512
1762779600000000000,SHFE.ag2512
1762783200000000000,SHFE.ag2512
1762786800000000000,SHFE.ag2512
1762790400000000000,SHFE.ag2512
1762794000000000000,SHFE.ag2512
1762797600000000000,SHFE.ag2512
1762822800000000000,SHFE.ag2512
1762826400000000000,SHFE.ag2512
1762830000000000000,SHFE.ag2512
1762837200000000000,SHFE.ag2512
1762840800000000000,SHFE.ag2512
1762866000000000000,SHFE.ag2512
1762869600000000000,SHFE.ag2512
1762873200000000000,SHFE.ag2512
1762876800000000000,SHFE.ag2512
1762880400000000000,SHFE.ag2512
1762884000000000000,SHFE.ag2512
1762909200000000000,SHFE.ag2512
1762912800000000000,SHFE.ag2512
1762916400000000000,SHFE.ag2512
1762923600000000000,SHFE.ag2512
1762927200000000000,SHFE.ag2512
1762952400000000000,SHFE.ag2512
1762956000000000000,SHFE.ag2512
1762959600000000000,SHFE.ag2512
1762963200000000000,SHFE.ag2512
1762966800000000000,SHFE.ag2512
1762970400000000000,SHFE.ag2512
1762995600000000000,SHFE.ag2512
1762999200000000000,SHFE.ag2512
1763002800000000000,SHFE.ag2512
1763010000000000000,SHFE.ag2512
1763013600000000000,SHFE.ag2512
1763038800000000000,SHFE.ag2512
1763042400000000000,SHFE.ag2512
1763046000000000000,SHFE.ag2512
1763049600000000000,SHFE.ag2512
1763053200000000000,SHFE.ag2512
1763056800000000000,SHFE.ag2512
1763082000000000000,SHFE.ag2512
1763085600000000000,SHFE.ag2512
1763089200000000000,SHFE.ag2512
1763096400000000000,SHFE.ag2512
1763100000000000000,SHFE.ag2512
1763125200000000000,SHFE.ag2602
1763128800000000000,SHFE.ag2602
1763132400000000000,SHFE.ag2602
1763136000000000000,SHFE.ag2602
1763139600000000000,SHFE.ag2602
1763143200000000000,SHFE.ag2602
1763341200000000000,SHFE.ag2602
1763344800000000000,SHFE.ag2602
1763348400000000000,SHFE.ag2602
1763355600000000000,SHFE.ag2602
1763359200000000000,SHFE.ag2602
1763384400000000000,SHFE.ag2602
1763388000000000000,SHFE.ag2602
1763391600000000000,SHFE.ag2602
1763395200000000000,SHFE.ag2602
1763398800000000000,SHFE.ag2602
1763402400000000000,SHFE.ag2602
1763427600000000000,SHFE.ag2602
1763431200000000000,SHFE.ag2602
1763434800000000000,SHFE.ag2602
1763442000000000000,SHFE.ag2602
1763445600000000000,SHFE.ag2602
1763470800000000000,SHFE.ag2602
1763474400000000000,SHFE.ag2602
1763478000000000000,SHFE.ag2602
1763481600000000000,SHFE.ag2602
1763485200000000000,SHFE.ag2602
1763488800000000000,SHFE.ag2603
1763514000000000000,SHFE.ag2602
1763517600000000000,SHFE.ag2602
1763521200000000000,SHFE.ag2602
1763528400000000000,SHFE.ag2602
1763532000000000000,SHFE.ag2602
1763557200000000000,SHFE.ag2602
1763560800000000000,SHFE.ag2602
1763564400000000000,SHFE.ag2602
1763568000000000000,SHFE.ag2602
1763571600000000000,SHFE.ag2602
1763575200000000000,SHFE.ag2602
1763600400000000000,SHFE.ag2602
1763604000000000000,SHFE.ag2602
1763607600000000000,SHFE.ag2602
1763614800000000000,SHFE.ag2603
1763618400000000000,SHFE.ag2602
1763643600000000000,SHFE.ag2602
1763647200000000000,SHFE.ag2602
1763650800000000000,SHFE.ag2602
1763654400000000000,SHFE.ag2602
1763658000000000000,SHFE.ag2602
1763661600000000000,SHFE.ag2602
1763686800000000000,SHFE.ag2602
1763690400000000000,SHFE.ag2602
1763694000000000000,SHFE.ag2602
1763701200000000000,SHFE.ag2602
1763704800000000000,SHFE.ag2602
1763730000000000000,SHFE.ag2602
1763733600000000000,SHFE.ag2602
1763737200000000000,SHFE.ag2602
1763740800000000000,SHFE.ag2602
1763744400000000000,SHFE.ag2602
1763748000000000000,SHFE.ag2602
1763946000000000000,SHFE.ag2611
1763949600000000000,SHFE.ag2602
1763953200000000000,SHFE.ag2602
1763960400000000000,SHFE.ag2602
1763964000000000000,SHFE.ag2603
1763989200000000000,SHFE.ag2602
1763992800000000000,SHFE.ag2602
1763996400000000000,SHFE.ag2603
1764000000000000000,SHFE.ag2603
1764003600000000000,SHFE.ag2602
1764007200000000000,SHFE.ag2603
1764032400000000000,SHFE.ag2602
1764036000000000000,SHFE.ag2602
1764039600000000000,SHFE.ag2602
1764046800000000000,SHFE.ag2602
1764050400000000000,SHFE.ag2602
1764075600000000000,SHFE.ag2602
1764079200000000000,SHFE.ag2603
1764082800000000000,SHFE.ag2602
1764086400000000000,SHFE.ag2602
1764090000000000000,SHFE.ag2602
1764093600000000000,SHFE.ag2602
1764118800000000000,SHFE.ag2602
1764122400000000000,SHFE.ag2602
1764126000000000000,SHFE.ag2602
1764133200000000000,SHFE.ag2602
1764136800000000000,SHFE.ag2602
1764162000000000000,SHFE.ag2602
1764165600000000000,SHFE.ag2602
1764169200000000000,SHFE.ag2603
1764172800000000000,SHFE.ag2602
1764176400000000000,SHFE.ag2603
1764180000000000000,SHFE.ag2602
1764205200000000000,SHFE.ag2602
1764208800000000000,SHFE.ag2602
1764212400000000000,SHFE.ag2602
1764219600000000000,SHFE.ag2602
1764223200000000000,SHFE.ag2602
1764248400000000000,SHFE.ag2602
1764252000000000000,SHFE.ag2602
1764255600000000000,SHFE.ag2602
1764259200000000000,SHFE.ag2602
1764262800000000000,SHFE.ag2602
1764266400000000000,SHFE.ag2602
1764291600000000000,SHFE.ag2602
1764295200000000000,SHFE.ag2602
1764298800000000000,SHFE.ag2602
1764306000000000000,SHFE.ag2602
1764309600000000000,SHFE.ag2602
1764334800000000000,SHFE.ag2602
1764338400000000000,SHFE.ag2602
1764342000000000000,SHFE.ag2602
1764345600000000000,SHFE.ag2602
1764349200000000000,SHFE.ag2602
1764352800000000000,SHFE.ag2602
1764550800000000000,SHFE.ag2602
1764554400000000000,SHFE.ag2602
1764558000000000000,SHFE.ag2602
1764565200000000000,SHFE.ag2602
1764568800000000000,SHFE.ag2602
1764594000000000000,SHFE.ag2602
1764597600000000000,SHFE.ag2602
1764601200000000000,SHFE.ag2602
1764604800000000000,SHFE.ag2605
1764608400000000000,SHFE.ag2602
1764612000000000000,SHFE.ag2610
1764637200000000000,SHFE.ag2602
1764640800000000000,SHFE.ag2603
1764644400000000000,SHFE.ag2603
1764651600000000000,SHFE.ag2602
1764655200000000000,SHFE.ag2602
1764680400000000000,SHFE.ag2602
1764684000000000000,SHFE.ag2611
1764687600000000000,SHFE.ag2608
1764691200000000000,SHFE.ag2602
1764694800000000000,SHFE.ag2602
1764698400000000000,SHFE.ag2602
1764723600000000000,SHFE.ag2602
1764727200000000000,SHFE.ag2602
1764730800000000000,SHFE.ag2602
1764738000000000000,SHFE.ag2602
1764741600000000000,SHFE.ag2602
1764766800000000000,SHFE.ag2602
1764770400000000000,SHFE.ag2605
1764774000000000000,SHFE.ag2602
1764777600000000000,SHFE.ag2609
1764781200000000000,SHFE.ag2602
1764784800000000000,SHFE.ag2610
1764810000000000000,SHFE.ag2602
1764813600000000000,SHFE.ag2602
1764817200000000000,SHFE.ag2602
1764824400000000000,SHFE.ag2602
1764828000000000000,SHFE.ag2611
1764853200000000000,SHFE.ag2607
1764856800000000000,SHFE.ag2606
1764860400000000000,SHFE.ag2606
1764864000000000000,SHFE.ag2604
1764867600000000000,SHFE.ag2603
1764871200000000000,SHFE.ag2606
1764896400000000000,SHFE.ag2609
1764900000000000000,SHFE.ag2602
1764903600000000000,SHFE.ag2602
1764910800000000000,SHFE.ag2603
1764914400000000000,SHFE.ag2607
1764939600000000000,SHFE.ag2607
1764943200000000000,SHFE.ag2602
1764946800000000000,SHFE.ag2602
1764950400000000000,SHFE.ag2602
1764954000000000000,SHFE.ag2602
1764957600000000000,SHFE.ag2608
1765155600000000000,SHFE.ag2602
1765159200000000000,SHFE.ag2602
1765162800000000000,SHFE.ag2603
1765170000000000000,SHFE.ag2602
1765173600000000000,SHFE.ag2602
1765198800000000000,SHFE.ag2602
1765202400000000000,SHFE.ag2602
1765206000000000000,SHFE.ag2602
1765209600000000000,SHFE.ag2605
1765213200000000000,SHFE.ag2602
1765216800000000000,SHFE.ag2602
1765242000000000000,SHFE.ag2602
1765245600000000000,SHFE.ag2602
1765249200000000000,SHFE.ag2602
1765256400000000000,SHFE.ag2602
1765260000000000000,SHFE.ag2602
1765285200000000000,SHFE.ag2608
1765288800000000000,SHFE.ag2602
1765292400000000000,SHFE.ag2602
1765296000000000000,SHFE.ag2602
1765299600000000000,SHFE.ag2602
1765303200000000000,SHFE.ag2602
1765328400000000000,SHFE.ag2602
1765332000000000000,SHFE.ag2602
1765335600000000000,SHFE.ag2611
1765342800000000000,SHFE.ag2602
1765346400000000000,SHFE.ag2605
1765371600000000000,SHFE.ag2602
1765375200000000000,SHFE.ag2602
1765378800000000000,SHFE.ag2602
1765382400000000000,SHFE.ag2602
1765386000000000000,SHFE.ag2602
1765389600000000000,SHFE.ag2602
1765414800000000000,SHFE.ag2602
1765418400000000000,SHFE.ag2602
1765422000000000000,SHFE.ag2602
1765429200000000000,SHFE.ag2602
1765432800000000000,SHFE.ag2602
1765458000000000000,SHFE.ag2602
1765461600000000000,SHFE.ag2602
1765465200000000000,SHFE.ag2602
1765468800000000000,SHFE.ag2602
1765472400000000000,SHFE.ag2602
1765476000000000000,SHFE.ag2602
1765501200000000000,SHFE.ag2602
1765504800000000000,SHFE.ag2602
1765508400000000000,SHFE.ag2602
1765515600000000000,SHFE.ag2602
1765519200000000000,SHFE.ag2602
1765544400000000000,SHFE.ag2602
1765548000000000000,SHFE.ag2602
1765551600000000000,SHFE.ag2602
1765555200000000000,SHFE.ag2602
1765558800000000000,SHFE.ag2602
1765562400000000000,SHFE.ag2602
1765760400000000000,SHFE.ag2602
1765764000000000000,SHFE.ag2602
1765767600000000000,SHFE.ag2602
1765774800000000000,SHFE.ag2602
1765778400000000000,SHFE.ag2602
1765803600000000000,SHFE.ag2602
1765807200000000000,SHFE.ag2602
1765810800000000000,SHFE.ag2602
1765814400000000000,SHFE.ag2602
1765818000000000000,SHFE.ag2602
1765821600000000000,SHFE.ag2602
1765846800000000000,SHFE.ag2602
1765850400000000000,SHFE.ag2602
1765854000000000000,SHFE.ag2607
1765861200000000000,SHFE.ag2602
1765864800000000000,SHFE.ag2602
1765890000000000000,SHFE.ag2602
1765893600000000000,SHFE.ag2602
1765897200000000000,SHFE.ag2602
1765900800000000000,SHFE.ag2602
1765904400000000000,SHFE.ag2602
1765908000000000000,SHFE.ag2602
1765933200000000000,SHFE.ag2604
1765936800000000000,SHFE.ag2602
1765940400000000000,SHFE.ag2602
1765947600000000000,SHFE.ag2602
1765951200000000000,SHFE.ag2602
1765976400000000000,SHFE.ag2602
1765980000000000000,SHFE.ag2602
1765983600000000000,SHFE.ag2602
1765987200000000000,SHFE.ag2602
1765990800000000000,SHFE.ag2602
1765994400000000000,SHFE.ag2602
1766019600000000000,SHFE.ag2602
1766023200000000000,SHFE.ag2602
1766026800000000000,SHFE.ag2602
1766034000000000000,SHFE.ag2602
1766037600000000000,SHFE.ag2602
1766062800000000000,SHFE.ag2602
1766066400000000000,SHFE.ag2602
1766070000000000000,SHFE.ag2602
1766073600000000000,SHFE.ag2602
1766077200000000000,SHFE.ag2602
1766080800000000000,SHFE.ag2602
1766106000000000000,SHFE.ag2602
1766109600000000000,SHFE.ag2602
1766113200000000000,SHFE.ag2602
1766120400000000000,SHFE.ag2602
1766124000000000000,SHFE.ag2607
1766149200000000000,SHFE.ag2602
1766152800000000000,SHFE.ag2602
1766156400000000000,SHFE.ag2602
1766160000000000000,SHFE.ag2602
1766163600000000000,SHFE.ag2602
1766167200000000000,SHFE.ag2602
1766365200000000000,SHFE.ag2602
1766368800000000000,SHFE.ag2602
1766372400000000000,SHFE.ag2604
1766379600000000000,SHFE.ag2602
1766383200000000000,SHFE.ag2602
1766408400000000000,SHFE.ag2602
1766412000000000000,SHFE.ag2609
1766415600000000000,SHFE.ag2602
1766419200000000000,SHFE.ag2602
1766422800000000000,SHFE.ag2602
1766426400000000000,SHFE.ag2607
1766451600000000000,SHFE.ag2602
1766455200000000000,SHFE.ag2602
1766458800000000000,SHFE.ag2602
1766466000000000000,SHFE.ag2602
1766469600000000000,SHFE.ag2602
1766494800000000000,SHFE.ag2602
1766498400000000000,SHFE.ag2602
1766502000000000000,SHFE.ag2602
1766505600000000000,SHFE.ag2602
1766509200000000000,SHFE.ag2602
1766512800000000000,SHFE.ag2602
1766538000000000000,SHFE.ag2602
1766541600000000000,SHFE.ag2602
1766545200000000000,SHFE.ag2602
1766552400000000000,SHFE.ag2602
1766556000000000000,SHFE.ag2605
1766581200000000000,SHFE.ag2602
1766584800000000000,SHFE.ag2602
1766588400000000000,SHFE.ag2602
1766592000000000000,SHFE.ag2602
1766595600000000000,SHFE.ag2602
1766599200000000000,SHFE.ag2602
1766624400000000000,SHFE.ag2602
1766628000000000000,SHFE.ag2602
1766631600000000000,SHFE.ag2602
1766638800000000000,SHFE.ag2602
1766642400000000000,SHFE.ag2602
1766667600000000000,SHFE.ag2602
1766671200000000000,SHFE.ag2602
1766674800000000000,SHFE.ag2602
1766678400000000000,SHFE.ag2602
1766682000000000000,SHFE.ag2602
1766685600000000000,SHFE.ag2602
1766710800000000000,SHFE.ag2602
1766714400000000000,SHFE.ag2602
1766718000000000000,SHFE.ag2602
1766725200000000000,SHFE.ag2602
1766728800000000000,SHFE.ag2602
1766754000000000000,SHFE.ag2602
1766757600000000000,SHFE.ag2602
1766761200000000000,SHFE.ag2602
1766764800000000000,SHFE.ag2602
1766768400000000000,SHFE.ag2602
1766772000000000000,SHFE.ag2602
1766970000000000000,SHFE.ag2611
1766973600000000000,SHFE.ag2602
1766977200000000000,SHFE.ag2602
1766984400000000000,SHFE.ag2602
1766988000000000000,SHFE.ag2602
1767013200000000000,SHFE.ag2605
1767016800000000000,SHFE.ag2604
1767020400000000000,SHFE.ag2604
1767024000000000000,SHFE.ag2604
1767027600000000000,SHFE.ag2604
1767031200000000000,SHFE.ag2604
1767056400000000000,SHFE.ag2604
1767060000000000000,SHFE.ag2604
1767063600000000000,SHFE.ag2608
1767070800000000000,SHFE.ag2604
1767074400000000000,SHFE.ag2604
1767099600000000000,SHFE.ag2604
1767103200000000000,SHFE.ag2604
1767106800000000000,SHFE.ag2604
1767110400000000000,SHFE.ag2604
1767114000000000000,SHFE.ag2604
1767117600000000000,SHFE.ag2604
1767142800000000000,SHFE.ag2604
1767146400000000000,SHFE.ag2604
1767150000000000000,SHFE.ag2604
1767157200000000000,SHFE.ag2604
1767160800000000000,SHFE.ag2606
1767574800000000000,SHFE.ag2604
1767578400000000000,SHFE.ag2604
1767582000000000000,SHFE.ag2604
1767589200000000000,SHFE.ag2604
1767592800000000000,SHFE.ag2604
1767618000000000000,SHFE.ag2604
1767621600000000000,SHFE.ag2604
1767625200000000000,SHFE.ag2604
1767628800000000000,SHFE.ag2604
1767632400000000000,SHFE.ag2604
1767636000000000000,SHFE.ag2604
1767661200000000000,SHFE.ag2604
1767664800000000000,SHFE.ag2604
1767668400000000000,SHFE.ag2604
1767675600000000000,SHFE.ag2604
1767679200000000000,SHFE.ag2604
1767704400000000000,SHFE.ag2604
1767708000000000000,SHFE.ag2604
1767711600000000000,SHFE.ag2604
1767715200000000000,SHFE.ag2604
1767718800000000000,SHFE.ag2604
1767722400000000000,SHFE.ag2604
1767747600000000000,SHFE.ag2604
1767751200000000000,SHFE.ag2604
1767754800000000000,SHFE.ag2604
1767762000000000000,SHFE.ag2604
1767765600000000000,SHFE.ag2604
1767790800000000000,SHFE.ag2604
1767794400000000000,SHFE.ag2604
1767798000000000000,SHFE.ag2604
1767801600000000000,SHFE.ag2604
1767805200000000000,SHFE.ag2604
1767808800000000000,SHFE.ag2604
1767834000000000000,SHFE.ag2604
1767837600000000000,SHFE.ag2604
1767841200000000000,SHFE.ag2604
1767848400000000000,SHFE.ag2604
1767852000000000000,SHFE.ag2604
1767877200000000000,SHFE.ag2604
1767880800000000000,SHFE.ag2604
1767884400000000000,SHFE.ag2604
1767888000000000000,SHFE.ag2604
1767891600000000000,SHFE.ag2604
1767895200000000000,SHFE.ag2604
1767920400000000000,SHFE.ag2604
1767924000000000000,SHFE.ag2604
1767927600000000000,SHFE.ag2604
1767934800000000000,SHFE.ag2604
1767938400000000000,SHFE.ag2604
1767963600000000000,SHFE.ag2604
1767967200000000000,SHFE.ag2604
1767970800000000000,SHFE.ag2604
1767974400000000000,SHFE.ag2604
1767978000000000000,SHFE.ag2604
1767981600000000000,SHFE.ag2604
1768179600000000000,SHFE.ag2604
1768183200000000000,SHFE.ag2604
1768186800000000000,SHFE.ag2604
1768194000000000000,SHFE.ag2604
1768197600000000000,SHFE.ag2604
1768222800000000000,SHFE.ag2604
1768226400000000000,SHFE.ag2604
1768230000000000000,SHFE.ag2604
1768233600000000000,SHFE.ag2604
1768237200000000000,SHFE.ag2604
1768240800000000000,SHFE.ag2604
1768266000000000000,SHFE.ag2604
1768269600000000000,SHFE.ag2604
1768273200000000000,SHFE.ag2605
1768280400000000000,SHFE.ag2604
1768284000000000000,SHFE.ag2604
1768309200000000000,SHFE.ag2604
1768312800000000000,SHFE.ag2604
1768316400000000000,SHFE.ag2604
1768320000000000000,SHFE.ag2604
1768323600000000000,SHFE.ag2604
1768327200000000000,SHFE.ag2604
1768352400000000000,SHFE.ag2604
1768356000000000000,SHFE.ag2604
1768359600000000000,SHFE.ag2604
1768366800000000000,SHFE.ag2604
1768370400000000000,SHFE.ag2604
1768395600000000000,SHFE.ag2604
1768399200000000000,SHFE.ag2604
1768402800000000000,SHFE.ag2604
1768406400000000000,SHFE.ag2604
1768410000000000000,SHFE.ag2604
1768413600000000000,SHFE.ag2604
1768438800000000000,SHFE.ag2604
1768442400000000000,SHFE.ag2604
1768446000000000000,SHFE.ag2604
1768453200000000000,SHFE.ag2604
1768456800000000000,SHFE.ag2604
1768482000000000000,SHFE.ag2604
1768485600000000000,SHFE.ag2604
1768489200000000000,SHFE.ag2604
1768492800000000000,SHFE.ag2604
1768496400000000000,SHFE.ag2604
1768500000000000000,SHFE.ag2604
1768525200000000000,SHFE.ag2604
1768528800000000000,SHFE.ag2604
1768532400000000000,SHFE.ag2604
1768539600000000000,SHFE.ag2604
1768543200000000000,SHFE.ag2604
1768568400000000000,SHFE.ag2604
1768572000000000000,SHFE.ag2604
1768575600000000000,SHFE.ag2604
1768579200000000000,SHFE.ag2604
1768582800000000000,SHFE.ag2604
1768586400000000000,SHFE.ag2606
1768784400000000000,SHFE.ag2604
1768788000000000000,SHFE.ag2604
1768791600000000000,SHFE.ag2604
1768798800000000000,SHFE.ag2604
1768802400000000000,SHFE.ag2604
1768827600000000000,SHFE.ag2604
1768831200000000000,SHFE.ag2604
1768834800000000000,SHFE.ag2604
1768838400000000000,SHFE.ag2604
1768842000000000000,SHFE.ag2604
1768845600000000000,SHFE.ag2604
1768870800000000000,SHFE.ag2604
1768874400000000000,SHFE.ag2604
1768878000000000000,SHFE.ag2604
1768885200000000000,SHFE.ag2604
1768888800000000000,SHFE.ag2604
1768914000000000000,SHFE.ag2604
1768917600000000000,SHFE.ag2604
1768921200000000000,SHFE.ag2604
1768924800000000000,SHFE.ag2604
1768928400000000000,SHFE.ag2604
1768932000000000000,SHFE.ag2604
1768957200000000000,SHFE.ag2604
1768960800000000000,SHFE.ag2604
1768964400000000000,SHFE.ag2604
1768971600000000000,SHFE.ag2604
1768975200000000000,SHFE.ag2604
1769000400000000000,SHFE.ag2604
1769004000000000000,SHFE.ag2604
1769007600000000000,SHFE.ag2604
1769011200000000000,SHFE.ag2604
1769014800000000000,SHFE.ag2604
1769018400000000000,SHFE.ag2604
1769043600000000000,SHFE.ag2604
1769047200000000000,SHFE.ag2604
1769050800000000000,SHFE.ag2604
1769058000000000000,SHFE.ag2604
1769061600000000000,SHFE.ag2604
1769086800000000000,SHFE.ag2604
1769090400000000000,SHFE.ag2604
1769094000000000000,SHFE.ag2604
1769097600000000000,SHFE.ag2604
1769101200000000000,SHFE.ag2604
1769104800000000000,SHFE.ag2604
1769130000000000000,SHFE.ag2604
1769133600000000000,SHFE.ag2604
1769137200000000000,SHFE.ag2604
1769144400000000000,SHFE.ag2604
1769148000000000000,SHFE.ag2604
1769173200000000000,SHFE.ag2604
1769176800000000000,SHFE.ag2604
1769180400000000000,SHFE.ag2604
1769184000000000000,SHFE.ag2604
1769187600000000000,SHFE.ag2604
1769191200000000000,SHFE.ag2604
1769389200000000000,SHFE.ag2604
1769392800000000000,SHFE.ag2607
1769396400000000000,SHFE.ag2604
1769403600000000000,SHFE.ag2604
1769407200000000000,SHFE.ag2604
1769432400000000000,SHFE.ag2604
1769436000000000000,SHFE.ag2604
1769439600000000000,SHFE.ag2604
1769443200000000000,SHFE.ag2604
1769446800000000000,SHFE.ag2604
1769450400000000000,SHFE.ag2604
1769475600000000000,SHFE.ag2604
1769479200000000000,SHFE.ag2604
1769482800000000000,SHFE.ag2604
1769490000000000000,SHFE.ag2604
1769493600000000000,SHFE.ag2604
1769518800000000000,SHFE.ag2604
1769522400000000000,SHFE.ag2604
1769526000000000000,SHFE.ag2604
1769529600000000000,SHFE.ag2604
1769533200000000000,SHFE.ag2604
1769536800000000000,SHFE.ag2604
1769562000000000000,SHFE.ag2604
1769565600000000000,SHFE.ag2604
1769569200000000000,SHFE.ag2604
1769576400000000000,SHFE.ag2604
1769580000000000000,SHFE.ag2604
1769605200000000000,SHFE.ag2604
1769608800000000000,SHFE.ag2604
1769612400000000000,SHFE.ag2604
1769616000000000000,SHFE.ag2604
1769619600000000000,SHFE.ag2604
1769623200000000000,SHFE.ag2604
1769648400000000000,SHFE.ag2604
1769652000000000000,SHFE.ag2604
1769655600000000000,SHFE.ag2604
1769662800000000000,SHFE.ag2604
1769666400000000000,SHFE.ag2604
1769691600000000000,SHFE.ag2604
1769695200000000000,SHFE.ag2604
1769698800000000000,SHFE.ag2604
1769702400000000000,SHFE.ag2604
1769706000000000000,SHFE.ag2604
1769709600000000000,SHFE.ag2604
1769734800000000000,SHFE.ag2604
1769738400000000000,SHFE.ag2604
1769742000000000000,SHFE.ag2604
1769749200000000000,SHFE.ag2604
1769752800000000000,SHFE.ag2604
1769778000000000000,SHFE.ag2604
1769781600000000000,SHFE.ag2604
1769785200000000000,SHFE.ag2604
1769788800000000000,SHFE.ag2604
1769792400000000000,SHFE.ag2604
1769796000000000000,SHFE.ag2604
1769994000000000000,SHFE.ag2604
1769997600000000000,SHFE.ag2604
1770001200000000000,SHFE.ag2604
1770008400000000000,SHFE.ag2604
1770012000000000000,SHFE.ag2604
1770037200000000000,SHFE.ag2604
1770040800000000000,SHFE.ag2604
1770044400000000000,SHFE.ag2604
1770048000000000000,SHFE.ag2604
1770051600000000000,SHFE.ag2604
1770055200000000000,SHFE.ag2604
1770080400000000000,SHFE.ag2604
1770084000000000000,SHFE.ag2604
1770087600000000000,SHFE.ag2604
1770094800000000000,SHFE.ag2604
1770098400000000000,SHFE.ag2604
1770123600000000000,SHFE.ag2604
1770127200000000000,SHFE.ag2604
1770130800000000000,SHFE.ag2604
1770134400000000000,SHFE.ag2604
1770138000000000000,SHFE.ag2604
1770141600000000000,SHFE.ag2604
1770166800000000000,SHFE.ag2604
1770170400000000000,SHFE.ag2604
1770174000000000000,SHFE.ag2604
1770181200000000000,SHFE.ag2604
1770184800000000000,SHFE.ag2604
1770210000000000000,SHFE.ag2604
1770213600000000000,SHFE.ag2604
1770217200000000000,SHFE.ag2604
1770220800000000000,SHFE.ag2604
1770224400000000000,SHFE.ag2604
1770228000000000000,SHFE.ag2604
1770253200000000000,SHFE.ag2604
1770256800000000000,SHFE.ag2604
1770260400000000000,SHFE.ag2604
1770267600000000000,SHFE.ag2604
1770271200000000000,SHFE.ag2604
1770296400000000000,SHFE.ag2604
1770300000000000000,SHFE.ag2604
1770303600000000000,SHFE.ag2604
1770307200000000000,SHFE.ag2604
1770310800000000000,SHFE.ag2604
1770314400000000000,SHFE.ag2604
1770339600000000000,SHFE.ag2604
1770343200000000000,SHFE.ag2604
1770346800000000000,SHFE.ag2604
1770354000000000000,SHFE.ag2604
1770357600000000000,SHFE.ag2604
1770382800000000000,SHFE.ag2604
1770386400000000000,SHFE.ag2604
1770390000000000000,SHFE.ag2604
1770393600000000000,SHFE.ag2604
1770397200000000000,SHFE.ag2604
1770400800000000000,SHFE.ag2604
1770598800000000000,SHFE.ag2604
1770602400000000000,SHFE.ag2604
1770606000000000000,SHFE.ag2604
1770613200000000000,SHFE.ag2604
1770616800000000000,SHFE.ag2604
1770642000000000000,SHFE.ag2604
1770645600000000000,SHFE.ag2604
1770649200000000000,SHFE.ag2604
1770652800000000000,SHFE.ag2604
1770656400000000000,SHFE.ag2604
1770660000000000000,SHFE.ag2604
1770685200000000000,SHFE.ag2604
1770688800000000000,SHFE.ag2604
1770692400000000000,SHFE.ag2604
1770699600000000000,SHFE.ag2604
1770703200000000000,SHFE.ag2604
1770728400000000000,SHFE.ag2604
1770732000000000000,SHFE.ag2604
1770735600000000000,SHFE.ag2604
1770739200000000000,SHFE.ag2604
1770742800000000000,SHFE.ag2604
1770746400000000000,SHFE.ag2604
1770771600000000000,SHFE.ag2604
1770775200000000000,SHFE.ag2604
1770778800000000000,SHFE.ag2604
1770786000000000000,SHFE.ag2604
1770789600000000000,SHFE.ag2604
1770814800000000000,SHFE.ag2604
1770818400000000000,SHFE.ag2604
1770822000000000000,SHFE.ag2604
1770825600000000000,SHFE.ag2604
1770829200000000000,SHFE.ag2604
1770832800000000000,SHFE.ag2604
1770858000000000000,SHFE.ag2604
1770861600000000000,SHFE.ag2604
1770865200000000000,SHFE.ag2604
1770872400000000000,SHFE.ag2604
1770876000000000000,SHFE.ag2604
1770901200000000000,SHFE.ag2604
1770904800000000000,SHFE.ag2604
1770908400000000000,SHFE.ag2604
1770912000000000000,SHFE.ag2604
1770915600000000000,SHFE.ag2604
1770919200000000000,SHFE.ag2604
1770944400000000000,SHFE.ag2604
1770948000000000000,SHFE.ag2604
1770951600000000000,SHFE.ag2604
1770958800000000000,SHFE.ag2604
1770962400000000000,SHFE.ag2604
1771894800000000000,SHFE.ag2604
1771898400000000000,SHFE.ag2604
1771902000000000000,SHFE.ag2604
1771909200000000000,SHFE.ag2604
1771912800000000000,SHFE.ag2604
1771938000000000000,SHFE.ag2604
1771941600000000000,SHFE.ag2604
1771945200000000000,SHFE.ag2604
1771948800000000000,SHFE.ag2604
1771952400000000000,SHFE.ag2604
1771956000000000000,SHFE.ag2604
1771981200000000000,SHFE.ag2604
1771984800000000000,SHFE.ag2604
1771988400000000000,SHFE.ag2604
1771995600000000000,SHFE.ag2604
1771999200000000000,SHFE.ag2604
1772024400000000000,SHFE.ag2604
1772028000000000000,SHFE.ag2604
1772031600000000000,SHFE.ag2604
1772035200000000000,SHFE.ag2604
1772038800000000000,SHFE.ag2604
1772042400000000000,SHFE.ag2604
1772067600000000000,SHFE.ag2604
1772071200000000000,SHFE.ag2604
1772074800000000000,SHFE.ag2604
1772082000000000000,SHFE.ag2604
1772085600000000000,SHFE.ag2604
1772110800000000000,SHFE.ag2604
1772114400000000000,SHFE.ag2604
1772118000000000000,SHFE.ag2604
1772121600000000000,SHFE.ag2604
1772125200000000000,SHFE.ag2604
1772128800000000000,SHFE.ag2604
1772154000000000000,SHFE.ag2604
1772157600000000000,SHFE.ag2604
1772161200000000000,SHFE.ag2604
1772168400000000000,SHFE.ag2604
1772172000000000000,SHFE.ag2604
1772197200000000000,SHFE.ag2604
1772200800000000000,SHFE.ag2604
1772204400000000000,SHFE.ag2604
1772208000000000000,SHFE.ag2604
1772211600000000000,SHFE.ag2604
1772215200000000000,SHFE.ag2604
1772413200000000000,SHFE.ag2604
1772416800000000000,SHFE.ag2604
1772420400000000000,SHFE.ag2604
1772427600000000000,SHFE.ag2604
1772431200000000000,SHFE.ag2604
1772456400000000000,SHFE.ag2604
1772460000000000000,SHFE.ag2604
1772463600000000000,SHFE.ag2604
1772467200000000000,SHFE.ag2604
1772470800000000000,SHFE.ag2604
1772474400000000000,SHFE.ag2604
1772499600000000000,SHFE.ag2604
1772503200000000000,SHFE.ag2604
1772506800000000000,SHFE.ag2604
1772514000000000000,SHFE.ag2604
1772517600000000000,SHFE.ag2604
1772542800000000000,SHFE.ag2604
1772546400000000000,SHFE.ag2604
1772550000000000000,SHFE.ag2604
1772553600000000000,SHFE.ag2604
1772557200000000000,SHFE.ag2604
1772560800000000000,SHFE.ag2604
1772586000000000000,SHFE.ag2604
1772589600000000000,SHFE.ag2604
1772593200000000000,SHFE.ag2604
1772600400000000000,SHFE.ag2604
1772604000000000000,SHFE.ag2604
1772629200000000000,SHFE.ag2604
1772632800000000000,SHFE.ag2604
1772636400000000000,SHFE.ag2604
1772640000000000000,SHFE.ag2604
1772643600000000000,SHFE.ag2604
1772647200000000000,SHFE.ag2604
1772672400000000000,SHFE.ag2604
1772676000000000000,SHFE.ag2604
1772679600000000000,SHFE.ag2604
1772686800000000000,SHFE.ag2604
1772690400000000000,SHFE.ag2604
1772715600000000000,SHFE.ag2604
1772719200000000000,SHFE.ag2604
1772722800000000000,SHFE.ag2604
1772726400000000000,SHFE.ag2604
1772730000000000000,SHFE.ag2604
1772733600000000000,SHFE.ag2604
1772758800000000000,SHFE.ag2604
1772762400000000000,SHFE.ag2604
1772766000000000000,SHFE.ag2604
1772773200000000000,SHFE.ag2604
1772776800000000000,SHFE.ag2604
1772802000000000000,SHFE.ag2606
1772805600000000000,SHFE.ag2606
1772809200000000000,SHFE.ag2606
1772812800000000000,SHFE.ag2606
1772816400000000000,SHFE.ag2606
1772820000000000000,SHFE.ag2606
1773018000000000000,SHFE.ag2606
1773021600000000000,SHFE.ag2606
1773025200000000000,SHFE.ag2606
1773032400000000000,SHFE.ag2606
1773036000000000000,SHFE.ag2606
1773061200000000000,SHFE.ag2606
1773064800000000000,SHFE.ag2606
1773068400000000000,SHFE.ag2606
1773072000000000000,SHFE.ag2606
1773075600000000000,SHFE.ag2606
1773079200000000000,SHFE.ag2606
1773104400000000000,SHFE.ag2606
1773108000000000000,SHFE.ag2606
1773111600000000000,SHFE.ag2606
1773118800000000000,SHFE.ag2606
1773122400000000000,SHFE.ag2606
1773147600000000000,SHFE.ag2606
1773151200000000000,SHFE.ag2606
1773154800000000000,SHFE.ag2606
1773158400000000000,SHFE.ag2606
1773162000000000000,SHFE.ag2606
1773165600000000000,SHFE.ag2606
1773190800000000000,SHFE.ag2606
1773194400000000000,SHFE.ag2606
1773198000000000000,SHFE.ag2606
1773205200000000000,SHFE.ag2606
1773208800000000000,SHFE.ag2606
1773234000000000000,SHFE.ag2606
1773237600000000000,SHFE.ag2606
1773241200000000000,SHFE.ag2606
1773244800000000000,SHFE.ag2606
1773248400000000000,SHFE.ag2606
1773252000000000000,SHFE.ag2606
1773277200000000000,SHFE.ag2606
1773280800000000000,SHFE.ag2606
1773284400000000000,SHFE.ag2606
1773291600000000000,SHFE.ag2606
1773295200000000000,SHFE.ag2606
1773320400000000000,SHFE.ag2606
1773324000000000000,SHFE.ag2606
1773327600000000000,SHFE.ag2606
1773331200000000000,SHFE.ag2606
1773334800000000000,SHFE.ag2606
1773338400000000000,SHFE.ag2606
1773363600000000000,SHFE.ag2606
1773367200000000000,SHFE.ag2606
1773370800000000000,SHFE.ag2606
1773378000000000000,SHFE.ag2606
1773381600000000000,SHFE.ag2606
1773406800000000000,SHFE.ag2606
1773410400000000000,SHFE.ag2606
1773414000000000000,SHFE.ag2606
1773417600000000000,SHFE.ag2606
1773421200000000000,SHFE.ag2606
1773424800000000000,SHFE.ag2606
1773622800000000000,SHFE.ag2606
1773626400000000000,SHFE.ag2606
1773630000000000000,SHFE.ag2606
1773637200000000000,SHFE.ag2606
1773640800000000000,SHFE.ag2606
1773666000000000000,SHFE.ag2606
1773669600000000000,SHFE.ag2606
1773673200000000000,SHFE.ag2606
1773676800000000000,SHFE.ag2606
1773680400000000000,SHFE.ag2606
1773684000000000000,SHFE.ag2606
1773709200000000000,SHFE.ag2606
1773712800000000000,SHFE.ag2606
1773716400000000000,SHFE.ag2606
1773723600000000000,SHFE.ag2606
1773727200000000000,SHFE.ag2606
1773752400000000000,SHFE.ag2606
1773756000000000000,SHFE.ag2606
1773759600000000000,SHFE.ag2606
1773763200000000000,SHFE.ag2606
1773766800000000000,SHFE.ag2606
1773770400000000000,SHFE.ag2609
1773795600000000000,SHFE.ag2606
1773799200000000000,SHFE.ag2606
1773802800000000000,SHFE.ag2610
1773810000000000000,SHFE.ag2611
1773813600000000000,SHFE.ag2606
1773838800000000000,SHFE.ag2606
1773842400000000000,SHFE.ag2606
1773846000000000000,SHFE.ag2606
1773849600000000000,SHFE.ag2606
1773853200000000000,SHFE.ag2606
1773856800000000000,SHFE.ag2606
1773882000000000000,SHFE.ag2606
1773885600000000000,SHFE.ag2606
1773889200000000000,SHFE.ag2606
1773896400000000000,SHFE.ag2606
1773900000000000000,SHFE.ag2606
1773925200000000000,SHFE.ag2606
1773928800000000000,SHFE.ag2606
1773932400000000000,SHFE.ag2606
1773936000000000000,SHFE.ag2606
1773939600000000000,SHFE.ag2606
1773943200000000000,SHFE.ag2606
1773968400000000000,SHFE.ag2606
1773972000000000000,SHFE.ag2606
1773975600000000000,SHFE.ag2606
1773982800000000000,SHFE.ag2606
1773986400000000000,SHFE.ag2606
1774011600000000000,SHFE.ag2606
1774015200000000000,SHFE.ag2606
1774018800000000000,SHFE.ag2606
1774022400000000000,SHFE.ag2606
1774026000000000000,SHFE.ag2606
1774029600000000000,SHFE.ag2606
1774227600000000000,SHFE.ag2606
1774231200000000000,SHFE.ag2606
1774234800000000000,SHFE.ag2606
1774242000000000000,SHFE.ag2606
1774245600000000000,SHFE.ag2606
1774270800000000000,SHFE.ag2606
1774274400000000000,SHFE.ag2606
1774278000000000000,SHFE.ag2606
1774281600000000000,SHFE.ag2606
1774285200000000000,SHFE.ag2606
1774288800000000000,SHFE.ag2606
1774314000000000000,SHFE.ag2606
1774317600000000000,SHFE.ag2606
1774321200000000000,SHFE.ag2606
1774328400000000000,SHFE.ag2606
1774332000000000000,SHFE.ag2606
1774357200000000000,SHFE.ag2606
1774360800000000000,SHFE.ag2606
1774364400000000000,SHFE.ag2606
1774368000000000000,SHFE.ag2606
1774371600000000000,SHFE.ag2606
1774375200000000000,SHFE.ag2606
1774400400000000000,SHFE.ag2606
1774404000000000000,SHFE.ag2606
1774407600000000000,SHFE.ag2606
1774414800000000000,SHFE.ag2606
1774418400000000000,SHFE.ag2606
1774443600000000000,SHFE.ag2606
1774447200000000000,SHFE.ag2606
1774450800000000000,SHFE.ag2606
1774454400000000000,SHFE.ag2606
1774458000000000000,SHFE.ag2606
1774461600000000000,SHFE.ag2606
1774486800000000000,SHFE.ag2606
1774490400000000000,SHFE.ag2609
1774494000000000000,SHFE.ag2606
1774501200000000000,SHFE.ag2606
1774504800000000000,SHFE.ag2606
1774530000000000000,SHFE.ag2606
1774533600000000000,SHFE.ag2606
1774537200000000000,SHFE.ag2606
1774540800000000000,SHFE.ag2606
1774544400000000000,SHFE.ag2606
1774548000000000000,SHFE.ag2606
1774573200000000000,SHFE.ag2606
1774576800000000000,SHFE.ag2606
1774580400000000000,SHFE.ag2606
1774587600000000000,SHFE.ag2606
1774591200000000000,SHFE.ag2606
1774616400000000000,SHFE.ag2606
1774620000000000000,SHFE.ag2606
1774623600000000000,SHFE.ag2606
1774627200000000000,SHFE.ag2606
1774630800000000000,SHFE.ag2606
1774634400000000000,SHFE.ag2606
1774832400000000000,SHFE.ag2606
1774836000000000000,SHFE.ag2606
1774839600000000000,SHFE.ag2606
1774846800000000000,SHFE.ag2606
1774850400000000000,SHFE.ag2606
1774875600000000000,SHFE.ag2606
1774879200000000000,SHFE.ag2606
1774882800000000000,SHFE.ag2606
1774886400000000000,SHFE.ag2606
1774890000000000000,SHFE.ag2606
1774893600000000000,SHFE.ag2606
1774918800000000000,SHFE.ag2606
1774922400000000000,SHFE.ag2606
1774926000000000000,SHFE.ag2607
1774933200000000000,SHFE.ag2606
1774936800000000000,SHFE.ag2606
1774962000000000000,SHFE.ag2606
1774965600000000000,SHFE.ag2606
1774969200000000000,SHFE.ag2606
1774972800000000000,SHFE.ag2606
1774976400000000000,SHFE.ag2606
1774980000000000000,SHFE.ag2606
1775005200000000000,SHFE.ag2606
1775008800000000000,SHFE.ag2606
1775012400000000000,SHFE.ag2606
1775019600000000000,SHFE.ag2606
1775023200000000000,SHFE.ag2606
1775048400000000000,SHFE.ag2606
1775052000000000000,SHFE.ag2606
1775055600000000000,SHFE.ag2606
1775059200000000000,SHFE.ag2606
1775062800000000000,SHFE.ag2606
1775066400000000000,SHFE.ag2606
1775091600000000000,SHFE.ag2606
1775095200000000000,SHFE.ag2606
1775098800000000000,SHFE.ag2606
1775106000000000000,SHFE.ag2606
1775109600000000000,SHFE.ag2606
1775134800000000000,SHFE.ag2606
1775138400000000000,SHFE.ag2606
1775142000000000000,SHFE.ag2606
1775145600000000000,SHFE.ag2606
1775149200000000000,SHFE.ag2606
1775152800000000000,SHFE.ag2606
1775178000000000000,SHFE.ag2606
1775181600000000000,SHFE.ag2606
1775185200000000000,SHFE.ag2606
1775192400000000000,SHFE.ag2606
1775196000000000000,SHFE.ag2606
1775523600000000000,SHFE.ag2606
1775527200000000000,SHFE.ag2606
1775530800000000000,SHFE.ag2606
1775538000000000000,SHFE.ag2606
1775541600000000000,SHFE.ag2606
1775566800000000000,SHFE.ag2606
1775570400000000000,SHFE.ag2606
1775574000000000000,SHFE.ag2606
1775577600000000000,SHFE.ag2606
1775581200000000000,SHFE.ag2606
1775584800000000000,SHFE.ag2606
1775610000000000000,SHFE.ag2606
1775613600000000000,SHFE.ag2606
1775617200000000000,SHFE.ag2606
1775624400000000000,SHFE.ag2606
1775628000000000000,SHFE.ag2606
1775653200000000000,SHFE.ag2606
1775656800000000000,SHFE.ag2606
1775660400000000000,SHFE.ag2606
1775664000000000000,SHFE.ag2606
1775667600000000000,SHFE.ag2606
1775671200000000000,SHFE.ag2606
1775696400000000000,SHFE.ag2606
1775700000000000000,SHFE.ag2606
1775703600000000000,SHFE.ag2606
1775710800000000000,SHFE.ag2606
1775714400000000000,SHFE.ag2606
1775739600000000000,SHFE.ag2606
1775743200000000000,SHFE.ag2606
1775746800000000000,SHFE.ag2606
1775750400000000000,SHFE.ag2606
1775754000000000000,SHFE.ag2606
1775757600000000000,SHFE.ag2606
1775782800000000000,SHFE.ag2606
1775786400000000000,SHFE.ag2606
1775790000000000000,SHFE.ag2606
1775797200000000000,SHFE.ag2606
1775800800000000000,SHFE.ag2607
1775826000000000000,SHFE.ag2606
1775829600000000000,SHFE.ag2606
1775833200000000000,SHFE.ag2606
1775836800000000000,SHFE.ag2606
1775840400000000000,SHFE.ag2606
1775844000000000000,SHFE.ag2606
1776042000000000000,SHFE.ag2606
1776045600000000000,SHFE.ag2606
1776049200000000000,SHFE.ag2606
1776056400000000000,SHFE.ag2606
1776060000000000000,SHFE.ag2606
1776085200000000000,SHFE.ag2606
1776088800000000000,SHFE.ag2606
1776092400000000000,SHFE.ag2606
1776096000000000000,SHFE.ag2606
1776099600000000000,SHFE.ag2606
1776103200000000000,SHFE.ag2606
1776128400000000000,SHFE.ag2606
1776132000000000000,SHFE.ag2606
1776135600000000000,SHFE.ag2606
1776142800000000000,SHFE.ag2606
1776146400000000000,SHFE.ag2606
1776171600000000000,SHFE.ag2606
1776175200000000000,SHFE.ag2606
1776178800000000000,SHFE.ag2606
1776182400000000000,SHFE.ag2606
1776186000000000000,SHFE.ag2606
1776189600000000000,SHFE.ag2606
1776214800000000000,SHFE.ag2606
1776218400000000000,SHFE.ag2606
1776222000000000000,SHFE.ag2606
1776229200000000000,SHFE.ag2606
1776232800000000000,SHFE.ag2606
1776258000000000000,SHFE.ag2606
1776261600000000000,SHFE.ag2606
1776265200000000000,SHFE.ag2606
1776268800000000000,SHFE.ag2606
1776272400000000000,SHFE.ag2606
1776276000000000000,SHFE.ag2607
1776301200000000000,SHFE.ag2606
1776304800000000000,SHFE.ag2606
1776308400000000000,SHFE.ag2607
1776315600000000000,SHFE.ag2608
1776319200000000000,SHFE.ag2606
1776344400000000000,SHFE.ag2606
1776348000000000000,SHFE.ag2606
1776351600000000000,SHFE.ag2606
1776355200000000000,SHFE.ag2606
1776358800000000000,SHFE.ag2607
1776362400000000000,SHFE.ag2606
1776387600000000000,SHFE.ag2606
1776391200000000000,SHFE.ag2606
1776394800000000000,SHFE.ag2607
1776402000000000000,SHFE.ag2608
1776405600000000000,SHFE.ag2606
1776430800000000000,SHFE.ag2606
1776434400000000000,SHFE.ag2606
1776438000000000000,SHFE.ag2606
1776441600000000000,SHFE.ag2606
1776445200000000000,SHFE.ag2606
1776448800000000000,SHFE.ag2606
1776646800000000000,SHFE.ag2606
1776650400000000000,SHFE.ag2606
1776654000000000000,SHFE.ag2606
1776661200000000000,SHFE.ag2606
1776664800000000000,SHFE.ag2606
1776690000000000000,SHFE.ag2607
1776693600000000000,SHFE.ag2606
1776697200000000000,SHFE.ag2606
1776700800000000000,SHFE.ag2606
1776704400000000000,SHFE.ag2606
1776708000000000000,SHFE.ag2606
1776733200000000000,SHFE.ag2606
1776736800000000000,SHFE.ag2606
1776740400000000000,SHFE.ag2606
1776747600000000000,SHFE.ag2606
1776751200000000000,SHFE.ag2607
1776776400000000000,SHFE.ag2606
1776780000000000000,SHFE.ag2606
1776783600000000000,SHFE.ag2606
1776787200000000000,SHFE.ag2606
1776790800000000000,SHFE.ag2606
1776794400000000000,SHFE.ag2606
1776819600000000000,SHFE.ag2606
1776823200000000000,SHFE.ag2606
1776826800000000000,SHFE.ag2606
1776834000000000000,SHFE.ag2606
1776837600000000000,SHFE.ag2606
1776862800000000000,SHFE.ag2606
1776866400000000000,SHFE.ag2606
1776870000000000000,SHFE.ag2606
1776873600000000000,SHFE.ag2606
1776877200000000000,SHFE.ag2606
1776880800000000000,SHFE.ag2606
1776906000000000000,SHFE.ag2606
1776909600000000000,SHFE.ag2606
1776913200000000000,SHFE.ag2608
1776920400000000000,SHFE.ag2606
1776924000000000000,SHFE.ag2606
1776949200000000000,SHFE.ag2606
1776952800000000000,SHFE.ag2606
1776956400000000000,SHFE.ag2606
1776960000000000000,SHFE.ag2606
1776963600000000000,SHFE.ag2606
1776967200000000000,SHFE.ag2606
1776992400000000000,SHFE.ag2606
1776996000000000000,SHFE.ag2606
1776999600000000000,SHFE.ag2606
1777006800000000000,SHFE.ag2606
1777010400000000000,SHFE.ag2606
1777035600000000000,SHFE.ag2606
1777039200000000000,SHFE.ag2606
1777042800000000000,SHFE.ag2606
1777046400000000000,SHFE.ag2606
1777050000000000000,SHFE.ag2606
1777053600000000000,SHFE.ag2606
1777251600000000000,SHFE.ag2606
1777255200000000000,SHFE.ag2606
1777258800000000000,SHFE.ag2606
1777266000000000000,SHFE.ag2606
1777269600000000000,SHFE.ag2606
1777294800000000000,SHFE.ag2606
1777298400000000000,SHFE.ag2606
1777302000000000000,SHFE.ag2606
1777305600000000000,SHFE.ag2606
1777309200000000000,SHFE.ag2606
1777312800000000000,SHFE.ag2606
1777338000000000000,SHFE.ag2606
1777341600000000000,SHFE.ag2606
1777345200000000000,SHFE.ag2606
1777352400000000000,SHFE.ag2606
1777356000000000000,SHFE.ag2606
1777381200000000000,SHFE.ag2606
1777384800000000000,SHFE.ag2606
1777388400000000000,SHFE.ag2606
1777392000000000000,SHFE.ag2606
1777395600000000000,SHFE.ag2606
1777399200000000000,SHFE.ag2606
1777424400000000000,SHFE.ag2606
1777428000000000000,SHFE.ag2606
1777431600000000000,SHFE.ag2606
1777438800000000000,SHFE.ag2606
1777442400000000000,SHFE.ag2606
1777467600000000000,SHFE.ag2609
1777471200000000000,SHFE.ag2606
1777474800000000000,SHFE.ag2606
1777478400000000000,SHFE.ag2606
1777482000000000000,SHFE.ag2606
1777485600000000000,SHFE.ag2606
1777510800000000000,SHFE.ag2606
1777514400000000000,SHFE.ag2606
1777518000000000000,SHFE.ag2606
1777525200000000000,SHFE.ag2606
1777528800000000000,SHFE.ag2606
1778029200000000000,SHFE.ag2606
1778032800000000000,SHFE.ag2606
1778036400000000000,SHFE.ag2606
1778043600000000000,SHFE.ag2606
1778047200000000000,SHFE.ag2606
1778072400000000000,SHFE.ag2606
1778076000000000000,SHFE.ag2606
1778079600000000000,SHFE.ag2611
1778083200000000000,SHFE.ag2606
1778086800000000000,SHFE.ag2606
1778090400000000000,SHFE.ag2606
1778115600000000000,SHFE.ag2606
1778119200000000000,SHFE.ag2606
1778122800000000000,SHFE.ag2606
1778130000000000000,SHFE.ag2606
1778133600000000000,SHFE.ag2606
1778158800000000000,SHFE.ag2606
1778162400000000000,SHFE.ag2607
1778166000000000000,SHFE.ag2606
1778169600000000000,SHFE.ag2606
1778173200000000000,SHFE.ag2606
1778176800000000000,SHFE.ag2606
1778202000000000000,SHFE.ag2606
1778205600000000000,SHFE.ag2606
1778209200000000000,SHFE.ag2606
1778216400000000000,SHFE.ag2606
1778220000000000000,SHFE.ag2606
1778245200000000000,SHFE.ag2606
1778248800000000000,SHFE.ag2606
1778252400000000000,SHFE.ag2606
1778256000000000000,SHFE.ag2606
1778259600000000000,SHFE.ag2606
1778263200000000000,SHFE.ag2606
1778461200000000000,SHFE.ag2606
1778464800000000000,SHFE.ag2606
1778468400000000000,SHFE.ag2606
1778475600000000000,SHFE.ag2606
1778479200000000000,SHFE.ag2606
1778504400000000000,SHFE.ag2606
1778508000000000000,SHFE.ag2606
1778511600000000000,SHFE.ag2606
1778515200000000000,SHFE.ag2606
1778518800000000000,SHFE.ag2606
1778522400000000000,SHFE.ag2606
1778547600000000000,SHFE.ag2606
1778551200000000000,SHFE.ag2606
1778554800000000000,SHFE.ag2606
1778562000000000000,SHFE.ag2606
1778565600000000000,SHFE.ag2606
1778590800000000000,SHFE.ag2606
1778594400000000000,SHFE.ag2606
1778598000000000000,SHFE.ag2606
1778601600000000000,SHFE.ag2606
1778605200000000000,SHFE.ag2606
1778608800000000000,SHFE.ag2606
1778634000000000000,SHFE.ag2606
1778637600000000000,SHFE.ag2606
1778641200000000000,SHFE.ag2606
1778648400000000000,SHFE.ag2606
1778652000000000000,SHFE.ag2606
1778677200000000000,SHFE.ag2606
1778680800000000000,SHFE.ag2606
1778684400000000000,SHFE.ag2606
1778688000000000000,SHFE.ag2606
1778691600000000000,SHFE.ag2606
1778695200000000000,SHFE.ag2606
1778720400000000000,SHFE.ag2606
1778724000000000000,SHFE.ag2606
1778727600000000000,SHFE.ag2606
1778734800000000000,SHFE.ag2606
1778738400000000000,SHFE.ag2606
1778763600000000000,SHFE.ag2606
1778767200000000000,SHFE.ag2606
1778770800000000000,SHFE.ag2606
1778774400000000000,SHFE.ag2606
1778778000000000000,SHFE.ag2606
1778781600000000000,SHFE.ag2606
1778806800000000000,SHFE.ag2606
1778810400000000000,SHFE.ag2606
1778814000000000000,SHFE.ag2606
1778821200000000000,SHFE.ag2606
1778824800000000000,SHFE.ag2606
1778850000000000000,SHFE.ag2606
1778853600000000000,SHFE.ag2606
1778857200000000000,SHFE.ag2606
1778860800000000000,SHFE.ag2606
1778864400000000000,SHFE.ag2606
1778868000000000000,SHFE.ag2606
1779066000000000000,SHFE.ag2606
1779069600000000000,SHFE.ag2606
1779073200000000000,SHFE.ag2606
1779080400000000000,SHFE.ag2606
1779084000000000000,SHFE.ag2606
1779109200000000000,SHFE.ag2608
1779112800000000000,SHFE.ag2608
1779116400000000000,SHFE.ag2608
1779120000000000000,SHFE.ag2608
1779123600000000000,SHFE.ag2608
1779127200000000000,SHFE.ag2608
1779152400000000000,SHFE.ag2608
1779156000000000000,SHFE.ag2608
1779159600000000000,SHFE.ag2608
1779166800000000000,SHFE.ag2608
1779170400000000000,SHFE.ag2608
1779195600000000000,SHFE.ag2608
1779199200000000000,SHFE.ag2608
1779202800000000000,SHFE.ag2608
1779206400000000000,SHFE.ag2608
1779210000000000000,SHFE.ag2608
1779213600000000000,SHFE.ag2608
1779238800000000000,SHFE.ag2608
1779242400000000000,SHFE.ag2608
1779246000000000000,SHFE.ag2608
1779253200000000000,SHFE.ag2608
1779256800000000000,SHFE.ag2608
1779282000000000000,SHFE.ag2608
1779285600000000000,SHFE.ag2608
1779289200000000000,SHFE.ag2608
1779292800000000000,SHFE.ag2608
1779296400000000000,SHFE.ag2608
1779300000000000000,SHFE.ag2608
1779325200000000000,SHFE.ag2608
1779328800000000000,SHFE.ag2608
1779332400000000000,SHFE.ag2608
1779339600000000000,SHFE.ag2608
1779343200000000000,SHFE.ag2609
1779368400000000000,SHFE.ag2608
1779372000000000000,SHFE.ag2608
1779375600000000000,SHFE.ag2608
1779379200000000000,SHFE.ag2608
1779382800000000000,SHFE.ag2608
1779386400000000000,SHFE.ag2608
1779411600000000000,SHFE.ag2608
1779415200000000000,SHFE.ag2608
1779418800000000000,SHFE.ag2608
1779426000000000000,SHFE.ag2608
1779429600000000000,SHFE.ag2608
1779454800000000000,SHFE.ag2608
1779458400000000000,SHFE.ag2608
1779462000000000000,SHFE.ag2608
1779465600000000000,SHFE.ag2608
1779469200000000000,SHFE.ag2608
1779472800000000000,SHFE.ag2608
1779670800000000000,SHFE.ag2608
1779674400000000000,SHFE.ag2608
1779678000000000000,SHFE.ag2608
1779685200000000000,SHFE.ag2608
1779688800000000000,SHFE.ag2608
1779714000000000000,SHFE.ag2608
1779717600000000000,SHFE.ag2608
1779721200000000000,SHFE.ag2608
1779724800000000000,SHFE.ag2608
1779728400000000000,SHFE.ag2608
1779732000000000000,SHFE.ag2608
1779757200000000000,SHFE.ag2608
1779760800000000000,SHFE.ag2608
1779764400000000000,SHFE.ag2608
1779771600000000000,SHFE.ag2608
1779775200000000000,SHFE.ag2608
1779800400000000000,SHFE.ag2608
1779804000000000000,SHFE.ag2608
1779807600000000000,SHFE.ag2608
1779811200000000000,SHFE.ag2608
1779814800000000000,SHFE.ag2608
1779818400000000000,SHFE.ag2608
1779843600000000000,SHFE.ag2608
1779847200000000000,SHFE.ag2608
1779850800000000000,SHFE.ag2608
1779858000000000000,SHFE.ag2608
1779861600000000000,SHFE.ag2608
1779886800000000000,SHFE.ag2608
1779890400000000000,SHFE.ag2608
1779894000000000000,SHFE.ag2608
1779897600000000000,SHFE.ag2608
1779901200000000000,SHFE.ag2608
1779904800000000000,SHFE.ag2608
1779930000000000000,SHFE.ag2608
1779933600000000000,SHFE.ag2608
1779937200000000000,SHFE.ag2608
1779944400000000000,SHFE.ag2608
1779948000000000000,SHFE.ag2608
1779973200000000000,SHFE.ag2608
1779976800000000000,SHFE.ag2608
1779980400000000000,SHFE.ag2608
1779984000000000000,SHFE.ag2608
1779987600000000000,SHFE.ag2608
1779991200000000000,SHFE.ag2608
1780016400000000000,SHFE.ag2608
1780020000000000000,SHFE.ag2608
1780023600000000000,SHFE.ag2608
1780030800000000000,SHFE.ag2608
1780034400000000000,SHFE.ag2608
1780059600000000000,SHFE.ag2608
1780063200000000000,SHFE.ag2608
1780066800000000000,SHFE.ag2608
1780070400000000000,SHFE.ag2608
1780074000000000000,SHFE.ag2608
1780077600000000000,SHFE.ag2608
1780275600000000000,SHFE.ag2608
1780279200000000000,SHFE.ag2608
1780282800000000000,SHFE.ag2608
1780290000000000000,SHFE.ag2608
1780293600000000000,SHFE.ag2608
1780318800000000000,SHFE.ag2608
1780322400000000000,SHFE.ag2608
1780326000000000000,SHFE.ag2608
1780329600000000000,SHFE.ag2608
1780333200000000000,SHFE.ag2608
1780336800000000000,SHFE.ag2608
1780362000000000000,SHFE.ag2608
1780365600000000000,SHFE.ag2608
1780369200000000000,SHFE.ag2608
1780376400000000000,SHFE.ag2608
1780380000000000000,SHFE.ag2608
1780405200000000000,SHFE.ag2608
1780408800000000000,SHFE.ag2608
1780412400000000000,SHFE.ag2608
1780416000000000000,SHFE.ag2608
1780419600000000000,SHFE.ag2608
1780423200000000000,SHFE.ag2608
1780448400000000000,SHFE.ag2608
1780452000000000000,SHFE.ag2608
1780455600000000000,SHFE.ag2608
1780462800000000000,SHFE.ag2608
1780466400000000000,SHFE.ag2608
1780491600000000000,SHFE.ag2608
1780495200000000000,SHFE.ag2608
1780498800000000000,SHFE.ag2608
1780502400000000000,SHFE.ag2608
1780506000000000000,SHFE.ag2608
1780509600000000000,SHFE.ag2608
1780534800000000000,SHFE.ag2608
1780538400000000000,SHFE.ag2608
1780542000000000000,SHFE.ag2608
1780549200000000000,SHFE.ag2608
1780552800000000000,SHFE.ag2608
1780578000000000000,SHFE.ag2608
1780581600000000000,SHFE.ag2608
1780585200000000000,SHFE.ag2608
1780588800000000000,SHFE.ag2608
1780592400000000000,SHFE.ag2608
1780596000000000000,SHFE.ag2608
1780621200000000000,SHFE.ag2608
1780624800000000000,SHFE.ag2608
1780628400000000000,SHFE.ag2608
1780635600000000000,SHFE.ag2608
1780639200000000000,SHFE.ag2608
1780664400000000000,SHFE.ag2608
1780668000000000000,SHFE.ag2608
1780671600000000000,SHFE.ag2608
1780675200000000000,SHFE.ag2608
1780678800000000000,SHFE.ag2608
1780682400000000000,SHFE.ag2608
1780880400000000000,SHFE.ag2608
1780884000000000000,SHFE.ag2608
1780887600000000000,SHFE.ag2608
1780894800000000000,SHFE.ag2608
1780898400000000000,SHFE.ag2608
1780923600000000000,SHFE.ag2608
1780927200000000000,SHFE.ag2608
1780930800000000000,SHFE.ag2608
1780934400000000000,SHFE.ag2608
1780938000000000000,SHFE.ag2608
1780941600000000000,SHFE.ag2608
1780966800000000000,SHFE.ag2608
1780970400000000000,SHFE.ag2608
1780974000000000000,SHFE.ag2608
1780981200000000000,SHFE.ag2608
1780984800000000000,SHFE.ag2608
1781010000000000000,SHFE.ag2608
1781013600000000000,SHFE.ag2608
1781017200000000000,SHFE.ag2608
1781020800000000000,SHFE.ag2608
1781024400000000000,SHFE.ag2608
1781028000000000000,SHFE.ag2608
1781053200000000000,SHFE.ag2608
1781056800000000000,SHFE.ag2608
1781060400000000000,SHFE.ag2608
1781067600000000000,SHFE.ag2608
1781071200000000000,SHFE.ag2608
1781096400000000000,SHFE.ag2608
1781100000000000000,SHFE.ag2608
1781103600000000000,SHFE.ag2608
1781107200000000000,SHFE.ag2608
1781110800000000000,SHFE.ag2608
1781114400000000000,SHFE.ag2608
1781139600000000000,SHFE.ag2608
1781143200000000000,SHFE.ag2608
1781146800000000000,SHFE.ag2608
1781154000000000000,SHFE.ag2608
1781157600000000000,SHFE.ag2608
1781182800000000000,SHFE.ag2608
1781186400000000000,SHFE.ag2608
1781190000000000000,SHFE.ag2608
1781193600000000000,SHFE.ag2608
1781197200000000000,SHFE.ag2608
1781200800000000000,SHFE.ag2608
1781226000000000000,SHFE.ag2608
1781229600000000000,SHFE.ag2608
1781233200000000000,SHFE.ag2608
1781240400000000000,SHFE.ag2608
1781244000000000000,SHFE.ag2608
1781269200000000000,SHFE.ag2608
1781272800000000000,SHFE.ag2608
1781276400000000000,SHFE.ag2608
1781280000000000000,SHFE.ag2608
1781283600000000000,SHFE.ag2608
1781287200000000000,SHFE.ag2608
1781485200000000000,SHFE.ag2608
1781488800000000000,SHFE.ag2608
1781492400000000000,SHFE.ag2608
1781499600000000000,SHFE.ag2608
1781503200000000000,SHFE.ag2608
1781528400000000000,SHFE.ag2608
1781532000000000000,SHFE.ag2608
1781535600000000000,SHFE.ag2608
1781539200000000000,SHFE.ag2608
1781542800000000000,SHFE.ag2608
1781546400000000000,SHFE.ag2608
1781571600000000000,SHFE.ag2608
1781575200000000000,SHFE.ag2608
1781578800000000000,SHFE.ag2608
1781586000000000000,SHFE.ag2608
1781589600000000000,SHFE.ag2608
1781614800000000000,SHFE.ag2608
1781618400000000000,SHFE.ag2608
1781622000000000000,SHFE.ag2608
1781625600000000000,SHFE.ag2608
1781629200000000000,SHFE.ag2608
1781632800000000000,SHFE.ag2608
1781658000000000000,SHFE.ag2608
1781661600000000000,SHFE.ag2608
1781665200000000000,SHFE.ag2608
1781672400000000000,SHFE.ag2608
1781676000000000000,SHFE.ag2608
1781701200000000000,SHFE.ag2608
1781704800000000000,SHFE.ag2608
1781708400000000000,SHFE.ag2608
1781712000000000000,SHFE.ag2608
1781715600000000000,SHFE.ag2608
1781719200000000000,SHFE.ag2608
1781744400000000000,SHFE.ag2608
1781748000000000000,SHFE.ag2608
1781751600000000000,SHFE.ag2608
1781758800000000000,SHFE.ag2608
1781762400000000000,SHFE.ag2608
1782090000000000000,SHFE.ag2608
1782093600000000000,SHFE.ag2608
1782097200000000000,SHFE.ag2608
1782104400000000000,SHFE.ag2608
1782108000000000000,SHFE.ag2608
1782133200000000000,SHFE.ag2608
1782136800000000000,SHFE.ag2608
1782140400000000000,SHFE.ag2608
1782144000000000000,SHFE.ag2608
1782147600000000000,SHFE.ag2608
1782151200000000000,SHFE.ag2608
1782176400000000000,SHFE.ag2608
1782180000000000000,SHFE.ag2608
1782183600000000000,SHFE.ag2608
1782190800000000000,SHFE.ag2608
1782194400000000000,SHFE.ag2608
1782219600000000000,SHFE.ag2608
1782223200000000000,SHFE.ag2608
1782226800000000000,SHFE.ag2608
1782230400000000000,SHFE.ag2608
1782234000000000000,SHFE.ag2608
1782237600000000000,SHFE.ag2608
1782262800000000000,SHFE.ag2608
1782266400000000000,SHFE.ag2608
1782270000000000000,SHFE.ag2608
1782277200000000000,SHFE.ag2608
1782280800000000000,SHFE.ag2608
1782306000000000000,SHFE.ag2608
1782309600000000000,SHFE.ag2608
1782313200000000000,SHFE.ag2608
1782316800000000000,SHFE.ag2608
1782320400000000000,SHFE.ag2608
1782324000000000000,SHFE.ag2608
1782349200000000000,SHFE.ag2608
1782352800000000000,SHFE.ag2608
1782356400000000000,SHFE.ag2608
1782363600000000000,SHFE.ag2608
1782367200000000000,SHFE.ag2608
1782392400000000000,SHFE.ag2608
1782396000000000000,SHFE.ag2608
1782399600000000000,SHFE.ag2608
1782403200000000000,SHFE.ag2608
1782406800000000000,SHFE.ag2608
1782410400000000000,SHFE.ag2608
1782435600000000000,SHFE.ag2608
1782439200000000000,SHFE.ag2608
1782442800000000000,SHFE.ag2608
1782450000000000000,SHFE.ag2608
1782453600000000000,SHFE.ag2608
1782478800000000000,SHFE.ag2608
1782482400000000000,SHFE.ag2608
1782486000000000000,SHFE.ag2608
1782489600000000000,SHFE.ag2608
1782493200000000000,SHFE.ag2608
1782496800000000000,SHFE.ag2608
1782694800000000000,SHFE.ag2608
1782698400000000000,SHFE.ag2608
1782702000000000000,SHFE.ag2608
1782709200000000000,SHFE.ag2608
1782712800000000000,SHFE.ag2608
1782738000000000000,SHFE.ag2608
1782741600000000000,SHFE.ag2608
1782745200000000000,SHFE.ag2608
1782748800000000000,SHFE.ag2608
1782752400000000000,SHFE.ag2608
1782756000000000000,SHFE.ag2608
1782781200000000000,SHFE.ag2608
1782784800000000000,SHFE.ag2608
1782788400000000000,SHFE.ag2608
1782795600000000000,SHFE.ag2608
1782799200000000000,SHFE.ag2608
1782824400000000000,SHFE.ag2608
1782828000000000000,SHFE.ag2608
1782831600000000000,SHFE.ag2608
1782835200000000000,SHFE.ag2608
1782838800000000000,SHFE.ag2608
1782842400000000000,SHFE.ag2608
1782867600000000000,SHFE.ag2608
1782871200000000000,SHFE.ag2608
1782874800000000000,SHFE.ag2608
1782882000000000000,SHFE.ag2608
1782885600000000000,SHFE.ag2608
1782910800000000000,SHFE.ag2608
1782914400000000000,SHFE.ag2608
1782918000000000000,SHFE.ag2608
1782921600000000000,SHFE.ag2608
1782925200000000000,SHFE.ag2608
1782928800000000000,SHFE.ag2608
1782954000000000000,SHFE.ag2608
1782957600000000000,SHFE.ag2608
1782961200000000000,SHFE.ag2608
1782968400000000000,SHFE.ag2608
1782972000000000000,SHFE.ag2608
1782997200000000000,SHFE.ag2608
1783000800000000000,SHFE.ag2608
1783004400000000000,SHFE.ag2608
1783008000000000000,SHFE.ag2608
1783011600000000000,SHFE.ag2608
1783015200000000000,SHFE.ag2608
1783040400000000000,SHFE.ag2608
1783044000000000000,SHFE.ag2608
1783047600000000000,SHFE.ag2608
1783054800000000000,SHFE.ag2608
1783058400000000000,SHFE.ag2608
1783083600000000000,SHFE.ag2608
1783087200000000000,SHFE.ag2608
1783090800000000000,SHFE.ag2608
1783094400000000000,SHFE.ag2608
1783098000000000000,SHFE.ag2608
1783101600000000000,SHFE.ag2608
1783299600000000000,SHFE.ag2608
1783303200000000000,SHFE.ag2608
1783306800000000000,SHFE.ag2608
1783314000000000000,SHFE.ag2608
1783317600000000000,SHFE.ag2608
1783342800000000000,SHFE.ag2608
1783346400000000000,SHFE.ag2608
1783350000000000000,SHFE.ag2608
1783353600000000000,SHFE.ag2608
1783357200000000000,SHFE.ag2608
1783360800000000000,SHFE.ag2608
1783386000000000000,SHFE.ag2608
1783389600000000000,SHFE.ag2608
1783393200000000000,SHFE.ag2608
1783400400000000000,SHFE.ag2608
1783404000000000000,SHFE.ag2608
1783429200000000000,SHFE.ag2608
1783432800000000000,SHFE.ag2608
1783436400000000000,SHFE.ag2608
1783440000000000000,SHFE.ag2608
1783443600000000000,SHFE.ag2608
1783447200000000000,SHFE.ag2608
1783472400000000000,SHFE.ag2608
1783476000000000000,SHFE.ag2608
1783479600000000000,SHFE.ag2608
1783486800000000000,SHFE.ag2608
1783490400000000000,SHFE.ag2608
1783515600000000000,SHFE.ag2608
1783519200000000000,SHFE.ag2608
1783522800000000000,SHFE.ag2608
1783526400000000000,SHFE.ag2608
1783530000000000000,SHFE.ag2608
1783533600000000000,SHFE.ag2608
1783558800000000000,SHFE.ag2608
1783562400000000000,SHFE.ag2608
1783566000000000000,SHFE.ag2608
1783573200000000000,SHFE.ag2608
1783576800000000000,SHFE.ag2608
1783602000000000000,SHFE.ag2608
1783605600000000000,SHFE.ag2608
1783609200000000000,SHFE.ag2608
1783612800000000000,SHFE.ag2608
1783616400000000000,SHFE.ag2608
1783620000000000000,SHFE.ag2608
1783645200000000000,SHFE.ag2608
1783648800000000000,SHFE.ag2608
1783652400000000000,SHFE.ag2608
1783659600000000000,SHFE.ag2608
1783663200000000000,SHFE.ag2608
1783688400000000000,SHFE.ag2608
1783692000000000000,SHFE.ag2608
1783695600000000000,SHFE.ag2608
1783699200000000000,SHFE.ag2608
1783702800000000000,SHFE.ag2608
1783706400000000000,SHFE.ag2608
1783904400000000000,SHFE.ag2608
1783908000000000000,SHFE.ag2608
1783911600000000000,SHFE.ag2608
1783918800000000000,SHFE.ag2608
1783922400000000000,SHFE.ag2608
1783947600000000000,SHFE.ag2608
1783951200000000000,SHFE.ag2608
1783954800000000000,SHFE.ag2608
1783958400000000000,SHFE.ag2608
1783962000000000000,SHFE.ag2608
1783965600000000000,SHFE.ag2608
1783990800000000000,SHFE.ag2608
1783994400000000000,SHFE.ag2608
1783998000000000000,SHFE.ag2608
1784005200000000000,SHFE.ag2608
1784008800000000000,SHFE.ag2608
1784034000000000000,SHFE.ag2608
1784037600000000000,SHFE.ag2608
1784041200000000000,SHFE.ag2608
1784044800000000000,SHFE.ag2608
1784048400000000000,SHFE.ag2608
1784052000000000000,SHFE.ag2608
1784077200000000000,SHFE.ag2608
1784080800000000000,SHFE.ag2608
1784084400000000000,SHFE.ag2608
1784091600000000000,SHFE.ag2608
1784095200000000000,SHFE.ag2608
1784120400000000000,SHFE.ag2608
1784124000000000000,SHFE.ag2608
1784127600000000000,SHFE.ag2608
1784131200000000000,SHFE.ag2608
1784134800000000000,SHFE.ag2608
1784138400000000000,SHFE.ag2608
1784163600000000000,SHFE.ag2608
1784167200000000000,SHFE.ag2608
1784170800000000000,SHFE.ag2608
1784178000000000000,SHFE.ag2608
1784181600000000000,SHFE.ag2608
1784206800000000000,SHFE.ag2608
1784210400000000000,SHFE.ag2608
1784214000000000000,SHFE.ag2608
1784217600000000000,SHFE.ag2608
1784221200000000000,SHFE.ag2608
1784224800000000000,SHFE.ag2608
1784250000000000000,SHFE.ag2608
1784253600000000000,SHFE.ag2608
1784257200000000000,SHFE.ag2608
1784264400000000000,SHFE.ag2608
1784268000000000000,SHFE.ag2608
1784293200000000000,
1784296800000000000,SHFE.ag2610
1784300400000000000,SHFE.ag2610
1784304000000000000,SHFE.ag2610
1784307600000000000,SHFE.ag2610
1784311200000000000,SHFE.ag2610
1784509200000000000,SHFE.ag2610
1784512800000000000,SHFE.ag2610
1784516400000000000,SHFE.ag2610
1784523600000000000,SHFE.ag2610
1784527200000000000,SHFE.ag2610
1784552400000000000,SHFE.ag2610
1784556000000000000,SHFE.ag2610
1784559600000000000,SHFE.ag2610
1784563200000000000,SHFE.ag2610
1784566800000000000,SHFE.ag2610
1784570400000000000,SHFE.ag2610
1784595600000000000,SHFE.ag2610
1784599200000000000,SHFE.ag2610
1784602800000000000,SHFE.ag2610
1784610000000000000,SHFE.ag2610
1784613600000000000,SHFE.ag2610
1784638800000000000,SHFE.ag2610
1784642400000000000,SHFE.ag2610
1784646000000000000,SHFE.ag2610
1784649600000000000,SHFE.ag2610
1784653200000000000,SHFE.ag2610
1784656800000000000,SHFE.ag2610
1784682000000000000,SHFE.ag2610
1784685600000000000,SHFE.ag2610
1784689200000000000,SHFE.ag2610
1784696400000000000,SHFE.ag2610
1784700000000000000,SHFE.ag2610
1784725200000000000,SHFE.ag2610
1784728800000000000,SHFE.ag2610
1784732400000000000,SHFE.ag2610
1784736000000000000,SHFE.ag2610
1784739600000000000,SHFE.ag2610
1784743200000000000,SHFE.ag2610
1784768400000000000,SHFE.ag2610
1784772000000000000,SHFE.ag2610
1784775600000000000,SHFE.ag2610
1784782800000000000,SHFE.ag2610
1784786400000000000,SHFE.ag2610
1784811600000000000,SHFE.ag2610
1784815200000000000,SHFE.ag2610
1784818800000000000,SHFE.ag2610
1784822400000000000,SHFE.ag2610
1784826000000000000,SHFE.ag2610
1784829600000000000,SHFE.ag2610
1784854800000000000,SHFE.ag2610
1784858400000000000,SHFE.ag2610
1784862000000000000,SHFE.ag2610
1784869200000000000,SHFE.ag2610
1784872800000000000,SHFE.ag2610
1784898000000000000,SHFE.ag2610
1784901600000000000,SHFE.ag2610
1784905200000000000,SHFE.ag2610
1784908800000000000,SHFE.ag2610
1784912400000000000,SHFE.ag2610
1784916000000000000,SHFE.ag2610
1785114000000000000,SHFE.ag2610
1785117600000000000,SHFE.ag2610
1785121200000000000,SHFE.ag2610
1785128400000000000,SHFE.ag2610
1785132000000000000,SHFE.ag2610
1785157200000000000,SHFE.ag2610
1785160800000000000,SHFE.ag2610
1785164400000000000,SHFE.ag2610
1785168000000000000,SHFE.ag2610
1785171600000000000,SHFE.ag2610
1785175200000000000,SHFE.ag2610
1785200400000000000,SHFE.ag2610
1785204000000000000,SHFE.ag2610
1785207600000000000,SHFE.ag2610
1785214800000000000,SHFE.ag2610
1785218400000000000,SHFE.ag2610
1785243600000000000,SHFE.ag2610
1785247200000000000,SHFE.ag2610
1785250800000000000,SHFE.ag2610
1785254400000000000,SHFE.ag2610
1785258000000000000,SHFE.ag2610
1785261600000000000,SHFE.ag2610
1785286800000000000,SHFE.ag2610
1785290400000000000,SHFE.ag2610
1785294000000000000,SHFE.ag2610
1785301200000000000,SHFE.ag2610
1785304800000000000,SHFE.ag2610
1785330000000000000,SHFE.ag2610
1785333600000000000,SHFE.ag2610
1785337200000000000,SHFE.ag2610
1785340800000000000,SHFE.ag2610
1785344400000000000,SHFE.ag2610
1785348000000000000,SHFE.ag2610
1785373200000000000,SHFE.ag2610
1785376800000000000,SHFE.ag2610
1785380400000000000,SHFE.ag2610
1785387600000000000,SHFE.ag2610
1785391200000000000,SHFE.ag2610
1785416400000000000,SHFE.ag2610
1785420000000000000,SHFE.ag2610
1785423600000000000,SHFE.ag2610
1785427200000000000,SHFE.ag2610
1785430800000000000,SHFE.ag2610
1785434400000000000,SHFE.ag2610
1785459600000000000,SHFE.ag2610
1785463200000000000,SHFE.ag2610
1785466800000000000,SHFE.ag2610
1785474000000000000,SHFE.ag2610
1785477600000000000,SHFE.ag2610
1785502800000000000,SHFE.ag2610
1785506400000000000,SHFE.ag2610
1785510000000000000,SHFE.ag2610
1785513600000000000,SHFE.ag2610
1785517200000000000,SHFE.ag2610
1785520800000000000,SHFE.ag2610
1785718800000000000,SHFE.ag2610
1785722400000000000,SHFE.ag2610
1785726000000000000,SHFE.ag2610
1785733200000000000,SHFE.ag2610
1785736800000000000,SHFE.ag2610
1785762000000000000,SHFE.ag2610
1785765600000000000,SHFE.ag2610
1785769200000000000,SHFE.ag2610
1785772800000000000,SHFE.ag2610
1785776400000000000,SHFE.ag2610
1785780000000000000,SHFE.ag2610
1785805200000000000,SHFE.ag2610
1785808800000000000,SHFE.ag2610
1785812400000000000,SHFE.ag2610
1785819600000000000,SHFE.ag2610
1785823200000000000,SHFE.ag2610
1785848400000000000,SHFE.ag2610
1785852000000000000,SHFE.ag2610
1785855600000000000,SHFE.ag2610
1785859200000000000,SHFE.ag2610
1785862800000000000,SHFE.ag2610
1785866400000000000,SHFE.ag2610
1785891600000000000,SHFE.ag2610
1785895200000000000,SHFE.ag2610
1785898800000000000,SHFE.ag2610
1785906000000000000,SHFE.ag2610
1785909600000000000,SHFE.ag2610
1785934800000000000,SHFE.ag2610
1785938400000000000,SHFE.ag2610
1785942000000000000,SHFE.ag2610
1785945600000000000,SHFE.ag2610
1785949200000000000,SHFE.ag2610
1785952800000000000,SHFE.ag2610
1785978000000000000,SHFE.ag2610
1785981600000000000,SHFE.ag2610
1785985200000000000,SHFE.ag2610
1785992400000000000,SHFE.ag2610
1785996000000000000,SHFE.ag2610
1786021200000000000,SHFE.ag2610
1786024800000000000,SHFE.ag2610
1786028400000000000,SHFE.ag2610
1786032000000000000,SHFE.ag2610
1786035600000000000,SHFE.ag2610
1786039200000000000,SHFE.ag2610
1786064400000000000,SHFE.ag2610
1786068000000000000,SHFE.ag2610
1786071600000000000,SHFE.ag2610
1786078800000000000,SHFE.ag2610
1786082400000000000,SHFE.ag2610
1786107600000000000,SHFE.ag2610
1786111200000000000,SHFE.ag2610
1786114800000000000,SHFE.ag2610
1786118400000000000,SHFE.ag2610
1786122000000000000,SHFE.ag2610
1786125600000000000,SHFE.ag2610
1786323600000000000,SHFE.ag2610
1786327200000000000,SHFE.ag2610
1786330800000000000,SHFE.ag2610
1786338000000000000,SHFE.ag2610
1786341600000000000,SHFE.ag2610
1786366800000000000,SHFE.ag2610
1786370400000000000,SHFE.ag2610
1786374000000000000,SHFE.ag2610
1786377600000000000,SHFE.ag2610
1786381200000000000,SHFE.ag2610
1786384800000000000,SHFE.ag2610
1786410000000000000,SHFE.ag2610
1786413600000000000,SHFE.ag2610
1786417200000000000,SHFE.ag2610
1786424400000000000,SHFE.ag2610
1786428000000000000,SHFE.ag2610
1786453200000000000,SHFE.ag2610
1786456800000000000,SHFE.ag2610
1786460400000000000,SHFE.ag2610
1786464000000000000,SHFE.ag2610
1786467600000000000,SHFE.ag2610
1786471200000000000,SHFE.ag2610
1786496400000000000,SHFE.ag2610
1786500000000000000,SHFE.ag2610
1786503600000000000,SHFE.ag2610
1786510800000000000,SHFE.ag2610
1786514400000000000,SHFE.ag2610
1786539600000000000,SHFE.ag2610
1786543200000000000,SHFE.ag2610
1786546800000000000,SHFE.ag2610
1786550400000000000,SHFE.ag2610
1786554000000000000,SHFE.ag2610
1786557600000000000,SHFE.ag2610
1786582800000000000,SHFE.ag2610
1786586400000000000,SHFE.ag2610
1786590000000000000,SHFE.ag2610
1786597200000000000,SHFE.ag2610
1786600800000000000,SHFE.ag2610
1786626000000000000,SHFE.ag2610
1786629600000000000,SHFE.ag2610
1786633200000000000,SHFE.ag2610
1786636800000000000,SHFE.ag2610
1786640400000000000,SHFE.ag2610
1786644000000000000,SHFE.ag2610
1786669200000000000,SHFE.ag2610
1786672800000000000,SHFE.ag2610
1786676400000000000,SHFE.ag2610
1786683600000000000,SHFE.ag2610
1786687200000000000,SHFE.ag2610
1786712400000000000,SHFE.ag2610
1786716000000000000,SHFE.ag2610
1786719600000000000,SHFE.ag2610
1786723200000000000,SHFE.ag2610
1786726800000000000,SHFE.ag2610
1786730400000000000,SHFE.ag2610
1786928400000000000,SHFE.ag2610
1786932000000000000,SHFE.ag2610
1786935600000000000,SHFE.ag2610
1786942800000000000,SHFE.ag2610
1786946400000000000,SHFE.ag2610
1786971600000000000,SHFE.ag2610
1786975200000000000,SHFE.ag2610
1786978800000000000,SHFE.ag2610
1786982400000000000,SHFE.ag2610
1786986000000000000,SHFE.ag2610
1786989600000000000,SHFE.ag2610
1787014800000000000,SHFE.ag2610
1787018400000000000,SHFE.ag2610
1787022000000000000,SHFE.ag2610
1787029200000000000,SHFE.ag2610
1787032800000000000,SHFE.ag2610
1787058000000000000,SHFE.ag2610
1787061600000000000,SHFE.ag2610
1787065200000000000,SHFE.ag2610
1787068800000000000,SHFE.ag2610
1787072400000000000,SHFE.ag2610
1787076000000000000,SHFE.ag2610
1787101200000000000,SHFE.ag2610
1787104800000000000,SHFE.ag2610
1787108400000000000,SHFE.ag2610
1787115600000000000,SHFE.ag2610
1787119200000000000,SHFE.ag2610
1787144400000000000,SHFE.ag2610
1787148000000000000,SHFE.ag2610
1787151600000000000,SHFE.ag2610
1787155200000000000,SHFE.ag2610
1787158800000000000,SHFE.ag2610
1787162400000000000,SHFE.ag2610
1787187600000000000,SHFE.ag2610
1787191200000000000,SHFE.ag2610
1787194800000000000,SHFE.ag2610
1787202000000000000,SHFE.ag2610
1787205600000000000,SHFE.ag2610
1787230800000000000,SHFE.ag2610
1787234400000000000,SHFE.ag2610
1787238000000000000,SHFE.ag2610
1787241600000000000,SHFE.ag2610
1787245200000000000,SHFE.ag2610
1787248800000000000,SHFE.ag2610
1787274000000000000,SHFE.ag2610
1787277600000000000,SHFE.ag2610
1787281200000000000,SHFE.ag2610
1787288400000000000,SHFE.ag2610
1787292000000000000,SHFE.ag2610
1787317200000000000,SHFE.ag2610
1787320800000000000,SHFE.ag2610
1787324400000000000,SHFE.ag2610
1787328000000000000,SHFE.ag2610
1787331600000000000,SHFE.ag2610
1787335200000000000,SHFE.ag2610
1787533200000000000,SHFE.ag2610
1787536800000000000,SHFE.ag2610
1787540400000000000,SHFE.ag2610
1787547600000000000,SHFE.ag2610
1787551200000000000,SHFE.ag2610
1787576400000000000,SHFE.ag2610
1787580000000000000,SHFE.ag2610
1787583600000000000,SHFE.ag2610
1787587200000000000,SHFE.ag2610
1787590800000000000,SHFE.ag2610
1787594400000000000,SHFE.ag2610
1787619600000000000,SHFE.ag2610
1787623200000000000,SHFE.ag2610
1787626800000000000,SHFE.ag2610
1787634000000000000,SHFE.ag2610
1787637600000000000,SHFE.ag2610
1787662800000000000,SHFE.ag2610
1787666400000000000,SHFE.ag2610
1787670000000000000,SHFE.ag2610
1787673600000000000,SHFE.ag2610
1787677200000000000,SHFE.ag2610
1787680800000000000,SHFE.ag2610
1787706000000000000,SHFE.ag2610
1787709600000000000,SHFE.ag2610
1787713200000000000,SHFE.ag2610
1787720400000000000,SHFE.ag2610
1787724000000000000,SHFE.ag2610
1787749200000000000,SHFE.ag2610
1787752800000000000,SHFE.ag2610
1787756400000000000,SHFE.ag2610
1787760000000000000,SHFE.ag2610
1787763600000000000,SHFE.ag2610
1787767200000000000,SHFE.ag2610
1787792400000000000,SHFE.ag2610
1787796000000000000,SHFE.ag2610
1787799600000000000,SHFE.ag2610
1787806800000000000,SHFE.ag2610
1787810400000000000,SHFE.ag2610
1787835600000000000,SHFE.ag2610
1787839200000000000,SHFE.ag2610
1787842800000000000,SHFE.ag2610
1787846400000000000,SHFE.ag2610
1787850000000000000,SHFE.ag2610
1787853600000000000,SHFE.ag2610
1787878800000000000,SHFE.ag2610
1787882400000000000,SHFE.ag2610
1787886000000000000,SHFE.ag2610
1787893200000000000,SHFE.ag2610
1787896800000000000,SHFE.ag2610
1787922000000000000,SHFE.ag2610
1787925600000000000,SHFE.ag2610
1787929200000000000,SHFE.ag2610
1787932800000000000,SHFE.ag2610
1787936400000000000,SHFE.ag2610
1787940000000000000,SHFE.ag2610
1788138000000000000,SHFE.ag2610
1788141600000000000,SHFE.ag2610
1788145200000000000,SHFE.ag2610
1788152400000000000,SHFE.ag2610
1788156000000000000,SHFE.ag2610
1788181200000000000,SHFE.ag2610
1788184800000000000,SHFE.ag2610
1788188400000000000,SHFE.ag2610
1788192000000000000,SHFE.ag2610
1788195600000000000,SHFE.ag2610
1788199200000000000,SHFE.ag2610
1788224400000000000,SHFE.ag2610
1788228000000000000,SHFE.ag2610
1788231600000000000,SHFE.ag2610
1788238800000000000,SHFE.ag2610
1788242400000000000,SHFE.ag2610
1788267600000000000,SHFE.ag2610
1788271200000000000,SHFE.ag2610
1788274800000000000,SHFE.ag2610
1788278400000000000,SHFE.ag2610
1788282000000000000,SHFE.ag2610
1788285600000000000,SHFE.ag2610
1788310800000000000,SHFE.ag2610
1788314400000000000,SHFE.ag2610
1788318000000000000,SHFE.ag2610
1788325200000000000,SHFE.ag2610
1788328800000000000,SHFE.ag2610
1788354000000000000,SHFE.ag2610
1788357600000000000,SHFE.ag2610
1788361200000000000,SHFE.ag2610
1788364800000000000,SHFE.ag2610
1788368400000000000,SHFE.ag2610
1788372000000000000,SHFE.ag2610
1788397200000000000,SHFE.ag2610
1788400800000000000,SHFE.ag2610
1788404400000000000,SHFE.ag2610
1788411600000000000,SHFE.ag2610
1788415200000000000,SHFE.ag2610
1788440400000000000,SHFE.ag2610
1788444000000000000,SHFE.ag2610
1788447600000000000,SHFE.ag2610
1788451200000000000,SHFE.ag2610
1788454800000000000,SHFE.ag2610
1788458400000000000,SHFE.ag2610
1788483600000000000,SHFE.ag2610
1788487200000000000,SHFE.ag2610
1788490800000000000,SHFE.ag2610
1788498000000000000,SHFE.ag2610
1788501600000000000,SHFE.ag2610
1788526800000000000,SHFE.ag2610
1788530400000000000,SHFE.ag2610
1788534000000000000,SHFE.ag2610
