switch_at,from_contract,to_contract,ref_bar,old_close,new_close,spread_pct,ratio,cum_factor
2025-11-14 21:00:00,SHFE.ag2512,SHFE.ag2602,2025-11-14 14:45:00,12351.0,12375.0,0.19431624969639127,1.001943162496964,0.9808593563543294
2025-11-19 02:15:00,SHFE.ag2602,SHFE.ag2603,2025-11-19 02:00:00,11956.0,11960.0,0.033456005352960894,1.0003345600535296,0.9789570836632179
2025-11-19 09:00:00,SHFE.ag2603,SHFE.ag2602,2025-11-19 02:15:00,11949.0,11949.0,0.0,1.0,0.9786296732673438
2025-11-20 13:45:00,SHFE.ag2602,SHFE.ag2603,2025-11-20 13:30:00,12090.0,12096.0,0.04962779156327812,1.0004962779156328,0.9786296732673438
2025-11-20 14:00:00,SHFE.ag2603,SHFE.ag2602,2025-11-20 13:45:00,12074.0,12074.0,0.0,1.0,0.9781442418817945
2025-11-20 14:30:00,SHFE.ag2602,SHFE.ag2603,2025-11-20 14:15:00,12069.0,12072.0,0.024857071836947853,1.0002485707183695,0.9781442418817945
2025-11-20 14:45:00,SHFE.ag2603,SHFE.ag2602,2025-11-20 14:30:00,12065.0,12065.0,0.0,1.0,0.9779011642868933
2025-11-20 21:00:00,SHFE.ag2602,SHFE.ag2606,2025-11-20 14:45:00,12050.0,12052.0,0.016597510373439484,1.0001659751037344,0.9779011642868933
2025-11-20 21:15:00,SHFE.ag2606,SHFE.ag2608,2025-11-20 21:00:00,12090.0,12100.0,0.08271298593878207,1.0008271298593878,0.9777388839742006
2025-11-20 21:30:00,SHFE.ag2608,SHFE.ag2602,2025-11-20 21:15:00,12025.0,12025.0,0.0,1.0,0.9769308353097592
2025-11-21 14:00:00,SHFE.ag2602,SHFE.ag2603,2025-11-21 13:45:00,11708.0,11703.0,-0.042705842159207474,0.9995729415784079,0.9769308353097592
2025-11-21 14:30:00,SHFE.ag2603,SHFE.ag2602,2025-11-21 14:15:00,11687.0,11687.0,0.0,1.0,0.9773482200979801
2025-11-21 21:00:00,SHFE.ag2602,SHFE.ag2603,2025-11-21 14:45:00,11680.0,11678.0,-0.01712328767122795,0.9998287671232877,0.9773482200979801
2025-11-21 21:15:00,SHFE.ag2603,SHFE.ag2602,2025-11-21 21:00:00,11703.0,11703.0,0.0,1.0,0.9775156029066969
2025-11-21 22:30:00,SHFE.ag2602,SHFE.ag2603,2025-11-21 22:15:00,11727.0,11726.0,-0.008527330092944485,0.9999147266990706,0.9775156029066969
2025-11-21 22:45:00,SHFE.ag2603,SHFE.ag2602,2025-11-21 22:30:00,11719.0,11719.0,0.0,1.0,0.9775989659975127
2025-11-22 02:00:00,SHFE.ag2602,SHFE.ag2603,2025-11-22 01:45:00,11907.0,11901.0,-0.05039052658100118,0.99949609473419,0.9775989659975127
2025-11-22 02:15:00,SHFE.ag2603,SHFE.ag2602,2025-11-22 02:00:00,11892.0,11892.0,0.0,1.0,0.9780918316219128
2025-11-24 09:45:00,SHFE.ag2602,SHFE.ag2611,2025-11-24 09:30:00,11810.0,11804.0,-0.05080440304826572,0.9994919559695173,0.9780918316219128
2025-11-24 10:00:00,SHFE.ag2611,SHFE.ag2602,2025-11-24 09:45:00,11791.0,11791.0,0.0,1.0,0.9785889979206024
2025-11-24 14:45:00,SHFE.ag2602,SHFE.ag2603,2025-11-24 14:30:00,11832.0,11828.0,-0.033806626098720205,0.9996619337390128,0.9785889979206024
2025-11-24 21:00:00,SHFE.ag2603,SHFE.ag2602,2025-11-24 14:45:00,11808.0,11808.0,0.0,1.0,0.9789199377237545
2025-11-24 23:15:00,SHFE.ag2602,SHFE.ag2603,2025-11-24 23:00:00,11922.0,11920.0,-0.016775708773697495,0.999832242912263,0.9789199377237545
2025-11-24 23:30:00,SHFE.ag2603,SHFE.ag2602,2025-11-24 23:15:00,11915.0,11915.0,0.0,1.0,0.9790841860354531
2025-11-24 23:45:00,SHFE.ag2602,SHFE.ag2603,2025-11-24 23:30:00,11929.0,11923.0,-0.050297594098414056,0.9994970240590159,0.9790841860354531
2025-11-25 00:15:00,SHFE.ag2603,SHFE.ag2602,2025-11-25 00:00:00,11943.0,11943.0,0.0,1.0,0.9795768896432877
2025-11-25 00:45:00,SHFE.ag2602,SHFE.ag2603,2025-11-25 00:30:00,11948.0,11950.0,0.016739203213922416,1.0001673920321392,0.9795768896432877
2025-11-25 01:00:00,SHFE.ag2603,SHFE.ag2602,2025-11-25 00:45:00,11952.0,11952.0,0.0,1.0,0.9794129437203349
2025-11-25 02:15:00,SHFE.ag2602,SHFE.ag2603,2025-11-25 02:00:00,11980.0,11979.0,-0.008347245409012771,0.9999165275459099,0.9794129437203349
2025-11-25 09:00:00,SHFE.ag2603,SHFE.ag2602,2025-11-25 02:15:00,11975.0,11975.0,0.0,1.0,0.9794947045470918
2025-11-25 21:15:00,SHFE.ag2602,SHFE.ag2611,2025-11-25 21:00:00,12131.0,12129.0,-0.016486687000250022,0.9998351331299975,0.9794947045470918
2025-11-25 21:30:00,SHFE.ag2611,SHFE.ag2602,2025-11-25 21:15:00,12137.0,12137.0,0.0,1.0,0.9796562174013332
2025-11-25 22:30:00,SHFE.ag2602,SHFE.ag2611,2025-11-25 22:15:00,12126.0,12131.0,0.04123371268349718,1.000412337126835,0.9796562174013332
2025-11-25 22:45:00,SHFE.ag2611,SHFE.ag2603,2025-11-25 22:30:00,12051.0,12048.0,-0.024894199651481763,0.9997510580034852,0.9792524352657296
2025-11-25 23:00:00,SHFE.ag2603,SHFE.ag2602,2025-11-25 22:45:00,12025.0,12025.0,0.0,1.0,0.9794962730235148
2025-11-25 23:15:00,SHFE.ag2602,SHFE.ag2611,2025-11-25 23:00:00,12045.0,12037.0,-0.06641760066418145,0.9993358239933582,0.9794962730235148
2025-11-25 23:30:00,SHFE.ag2611,SHFE.ag2602,2025-11-25 23:15:00,12022.0,12022.0,0.0,1.0,0.9801472633187868
2025-11-26 01:00:00,SHFE.ag2602,SHFE.ag2603,2025-11-26 00:45:00,12056.0,12058.0,0.016589250165899294,1.000165892501659,0.9801472633187868
2025-11-26 01:15:00,SHFE.ag2603,SHFE.ag2602,2025-11-26 01:00:00,12121.0,12121.0,0.0,1.0,0.979984691206775
2025-11-26 01:30:00,SHFE.ag2602,SHFE.ag2603,2025-11-26 01:15:00,12116.0,12117.0,0.00825354902607156,1.0000825354902607,0.979984691206775
2025-11-26 01:45:00,SHFE.ag2603,SHFE.ag2602,2025-11-26 01:30:00,12126.0,12126.0,0.0,1.0,0.979903814365048
2025-11-26 23:30:00,SHFE.ag2602,SHFE.ag2611,2025-11-26 23:15:00,12235.0,12223.0,-0.09807928075193928,0.9990192071924806,0.979903814365048
2025-11-26 23:45:00,SHFE.ag2611,SHFE.ag2603,2025-11-26 23:30:00,12246.0,12251.0,0.04082965866405441,1.0004082965866405,0.980865840526578
2025-11-27 00:00:00,SHFE.ag2603,SHFE.ag2602,2025-11-26 23:45:00,12315.0,12315.0,0.0,1.0,0.9804655198015243
2025-11-27 01:45:00,SHFE.ag2602,SHFE.ag2603,2025-11-27 01:30:00,12394.0,12393.0,-0.008068420203322102,0.9999193157979668,0.9804655198015243
2025-11-27 02:00:00,SHFE.ag2603,SHFE.ag2602,2025-11-27 01:45:00,12402.0,12402.0,0.0,1.0,0.9805446342628977
2025-11-27 10:00:00,SHFE.ag2602,SHFE.ag2603,2025-11-27 09:45:00,12399.0,12401.0,0.01613033309137979,1.0001613033309138,0.9805446342628977
2025-11-27 10:30:00,SHFE.ag2603,SHFE.ag2602,2025-11-27 10:00:00,12402.0,12402.0,0.0,1.0,0.9803864946557268
2025-12-02 00:45:00,SHFE.ag2602,SHFE.ag2605,2025-12-02 00:30:00,13758.0,13730.0,-0.20351795319086818,0.9979648204680913,0.9803864946557268
2025-12-02 01:00:00,SHFE.ag2605,SHFE.ag2602,2025-12-02 00:45:00,13650.0,13650.0,0.0,1.0,0.9823858261816089
2025-12-02 01:30:00,SHFE.ag2602,SHFE.ag2608,2025-12-02 01:15:00,13697.0,13694.0,-0.021902606410162395,0.9997809739358984,0.9823858261816089
2025-12-02 01:45:00,SHFE.ag2608,SHFE.ag2602,2025-12-02 01:30:00,13684.0,13684.0,0.0,1.0,0.9826010414202933
2025-12-02 02:15:00,SHFE.ag2602,SHFE.ag2610,2025-12-02 02:00:00,13754.0,13758.0,0.029082448742179245,1.0002908244874218,0.9826010414202933
2025-12-02 09:00:00,SHFE.ag2610,SHFE.ag2602,2025-12-02 02:15:00,13766.0,13766.0,0.0,1.0,0.9823153600592175
2025-12-02 10:30:00,SHFE.ag2602,SHFE.ag2609,2025-12-02 10:00:00,13417.0,13410.0,-0.05217261682939345,0.9994782738317061,0.9823153600592175
2025-12-02 10:45:00,SHFE.ag2609,SHFE.ag2603,2025-12-02 10:30:00,13485.0,13489.0,0.029662588060808126,1.000296625880608,0.9828281272121193
2025-12-02 11:00:00,SHFE.ag2603,SHFE.ag2602,2025-12-02 10:45:00,13468.0,13468.0,0.0,1.0,0.9825366814037682
2025-12-02 11:15:00,SHFE.ag2602,SHFE.ag2603,2025-12-02 11:00:00,13507.0,13511.0,0.029614274080103087,1.000296142740801,0.9825366814037682
2025-12-02 13:30:00,SHFE.ag2603,SHFE.ag2609,2025-12-02 11:15:00,13485.0,13484.0,-0.007415647015207583,0.9999258435298479,0.9822457964414697
2025-12-02 13:45:00,SHFE.ag2609,SHFE.ag2602,2025-12-02 13:30:00,13441.0,13441.0,0.0,1.0,0.9823186417245046
2025-12-02 21:00:00,SHFE.ag2602,SHFE.ag2603,2025-12-02 14:45:00,13423.0,13420.0,-0.02234969827907829,0.9997765030172092,0.9823186417245046
2025-12-02 21:15:00,SHFE.ag2603,SHFE.ag2602,2025-12-02 21:00:00,13488.0,13488.0,0.0,1.0,0.9825382360557396
2025-12-02 22:45:00,SHFE.ag2602,SHFE.ag2611,2025-12-02 22:30:00,13615.0,13608.0,-0.05141388174807471,0.9994858611825193,0.9825382360557396
2025-12-02 23:00:00,SHFE.ag2611,SHFE.ag2602,2025-12-02 22:45:00,13669.0,13669.0,0.0,1.0,0.9830436569590605
2025-12-02 23:45:00,SHFE.ag2602,SHFE.ag2608,2025-12-02 23:30:00,13531.0,13530.0,-0.007390436774812326,0.9999260956322519,0.9830436569590605
2025-12-03 00:00:00,SHFE.ag2608,SHFE.ag2602,2025-12-02 23:45:00,13451.0,13451.0,0.0,1.0,0.9831163135486362
2025-12-03 14:30:00,SHFE.ag2602,SHFE.ag2607,2025-12-03 14:15:00,13636.0,13630.0,-0.04400117336462728,0.9995599882663537,0.9831163135486362
2025-12-03 14:45:00,SHFE.ag2607,SHFE.ag2602,2025-12-03 14:30:00,13573.0,13573.0,0.0,1.0,0.9835490866873957
2025-12-03 22:00:00,SHFE.ag2602,SHFE.ag2609,2025-12-03 21:45:00,13807.0,13792.0,-0.10864054465126172,0.9989135945534874,0.9835490866873957
2025-12-03 22:15:00,SHFE.ag2609,SHFE.ag2602,2025-12-03 22:00:00,13648.0,13648.0,0.0,1.0,0.9846187818947848
2025-12-03 22:45:00,SHFE.ag2602,SHFE.ag2605,2025-12-03 22:30:00,13693.0,13695.0,0.014606003067263451,1.0001460600306726,0.9846187818947848
2025-12-03 23:00:00,SHFE.ag2605,SHFE.ag2609,2025-12-03 22:45:00,13652.0,13647.0,-0.03662467037797157,0.9996337532962203,0.9844749894476297
2025-12-03 23:15:00,SHFE.ag2609,SHFE.ag2608,2025-12-03 23:00:00,13650.0,13652.0,0.014652014652005718,1.00014652014652,0.9848356822700257
2025-12-03 23:30:00,SHFE.ag2608,SHFE.ag2602,2025-12-03 23:15:00,13680.0,13680.0,0.0,1.0,0.9846914051410675
2025-12-04 00:45:00,SHFE.ag2602,SHFE.ag2609,2025-12-04 00:30:00,13717.0,13705.0,-0.08748268571845408,0.9991251731428155,0.9846914051410675
2025-12-04 01:00:00,SHFE.ag2609,SHFE.ag2602,2025-12-04 00:45:00,13609.0,13609.0,0.0,1.0,0.9855535938942008
2025-12-04 02:15:00,SHFE.ag2602,SHFE.ag2610,2025-12-04 02:00:00,13627.0,13624.0,-0.02201511704703618,0.9997798488295296,0.9855535938942008
2025-12-04 09:00:00,SHFE.ag2610,SHFE.ag2602,2025-12-04 02:15:00,13600.0,13600.0,0.0,1.0,0.9857706124483466
2025-12-04 10:00:00,SHFE.ag2602,SHFE.ag2607,2025-12-04 09:45:00,13719.0,13693.0,-0.18951818645673857,0.9981048181354326,0.9857706124483466
2025-12-04 10:30:00,SHFE.ag2607,SHFE.ag2611,2025-12-04 10:00:00,13705.0,13700.0,-0.036483035388545915,0.9996351696461145,0.9876423743649213
2025-12-04 10:45:00,SHFE.ag2611,SHFE.ag2602,2025-12-04 10:30:00,13672.0,13672.0,0.0,1.0,0.9880028277862224
2025-12-04 14:00:00,SHFE.ag2602,SHFE.ag2610,2025-12-04 13:45:00,13455.0,13452.0,-0.022296544035671495,0.9997770345596433,0.9880028277862224
2025-12-04 14:30:00,SHFE.ag2610,SHFE.ag2611,2025-12-04 14:15:00,13349.0,13342.0,-0.052438384897746104,0.9994756161510225,0.9882231673999124
2025-12-04 21:00:00,SHFE.ag2611,SHFE.ag2602,2025-12-04 14:45:00,13424.0,13424.0,0.0,1.0,0.9887416475506994
2025-12-04 21:30:00,SHFE.ag2602,SHFE.ag2605,2025-12-04 21:15:00,13416.0,13417.0,0.007453786523559103,1.0000745378652356,0.9887416475506994
2025-12-04 21:45:00,SHFE.ag2605,SHFE.ag2607,2025-12-04 21:30:00,13360.0,13355.0,-0.037425149700598404,0.999625748502994,0.9886679543519551
2025-12-04 22:00:00,SHFE.ag2607,SHFE.ag2602,2025-12-04 21:45:00,13397.0,13397.0,0.0,1.0,0.989038103342727
2025-12-04 22:15:00,SHFE.ag2602,SHFE.ag2608,2025-12-04 22:00:00,13461.0,13460.0,-0.007428868583314596,0.9999257113141669,0.989038103342727
2025-12-04 22:30:00,SHFE.ag2608,SHFE.ag2602,2025-12-04 22:15:00,13465.0,13465.0,0.0,1.0,0.989111583142381
2025-12-04 22:45:00,SHFE.ag2602,SHFE.ag2606,2025-12-04 22:30:00,13329.0,13327.0,-0.015004876584889804,0.9998499512341511,0.989111583142381
2025-12-04 23:00:00,SHFE.ag2606,SHFE.ag2604,2025-12-04 22:45:00,13297.0,13298.0,0.007520493344359558,1.0000752049334436,0.9892600203875438
2025-12-04 23:30:00,SHFE.ag2604,SHFE.ag2607,2025-12-04 23:15:00,13323.0,13325.0,0.015011634016359743,1.0001501163401636,0.9891856287481704
2025-12-04 23:45:00,SHFE.ag2607,SHFE.ag2606,2025-12-04 23:30:00,13331.0,13327.0,-0.03000525091890749,0.9996999474908109,0.9890371581097092
2025-12-05 00:00:00,SHFE.ag2606,SHFE.ag2602,2025-12-04 23:45:00,13321.0,13321.0,0.0,1.0,0.9893340102619144
2025-12-05 00:15:00,SHFE.ag2602,SHFE.ag2604,2025-12-05 00:00:00,13341.0,13343.0,0.014991379956530437,1.0001499137995653,0.9893340102619144
2025-12-05 00:30:00,SHFE.ag2604,SHFE.ag2602,2025-12-05 00:15:00,13347.0,13347.0,0.0,1.0,0.9891857176725023
2025-12-05 00:45:00,SHFE.ag2602,SHFE.ag2604,2025-12-05 00:30:00,13335.0,13333.0,-0.014998125234344517,0.9998500187476566,0.9891857176725023
2025-12-05 01:15:00,SHFE.ag2604,SHFE.ag2602,2025-12-05 01:00:00,13364.0,13364.0,0.0,1.0,0.9893340992396923
2025-12-05 01:30:00,SHFE.ag2602,SHFE.ag2605,2025-12-05 01:15:00,13359.0,13362.0,0.02245677071637253,1.0002245677071637,0.9893340992396923
2025-12-05 01:45:00,SHFE.ag2605,SHFE.ag2603,2025-12-05 01:30:00,13364.0,13365.0,0.0074827895839568725,1.0000748278958396,0.9891119766309721
2025-12-05 02:15:00,SHFE.ag2603,SHFE.ag2606,2025-12-05 02:00:00,13348.0,13345.0,-0.022475277195088683,0.9997752472280491,0.9890379690008463
2025-12-05 09:00:00,SHFE.ag2606,SHFE.ag2602,2025-12-05 02:15:00,13366.0,13366.0,0.0,1.0,0.9892603079972496
2025-12-05 09:15:00,SHFE.ag2602,SHFE.ag2607,2025-12-05 09:00:00,13342.0,13339.0,-0.022485384500070538,0.9997751461549993,0.9892603079972496
2025-12-05 09:30:00,SHFE.ag2607,SHFE.ag2602,2025-12-05 09:15:00,13362.0,13362.0,0.0,1.0,0.9894827970087191
2025-12-05 09:45:00,SHFE.ag2602,SHFE.ag2609,2025-12-05 09:30:00,13376.0,13385.0,0.06728468899521722,1.0006728468899522,0.9894827970087191
2025-12-05 10:00:00,SHFE.ag2609,SHFE.ag2602,2025-12-05 09:45:00,13412.0,13412.0,0.0,1.0,0.9888174742464421
2025-12-05 11:00:00,SHFE.ag2602,SHFE.ag2609,2025-12-05 10:45:00,13522.0,13518.0,-0.029581422866442608,0.9997041857713356,0.9888174742464421
2025-12-05 11:15:00,SHFE.ag2609,SHFE.ag2602,2025-12-05 11:00:00,13498.0,13498.0,0.0,1.0,0.989110067077999
2025-12-05 13:45:00,SHFE.ag2602,SHFE.ag2603,2025-12-05 13:30:00,13619.0,13616.0,-0.022028049049127585,0.9997797195095087,0.989110067077999
2025-12-05 14:00:00,SHFE.ag2603,SHFE.ag2602,2025-12-05 13:45:00,13660.0,13660.0,0.0,1.0,0.9893279967343763
2025-12-05 14:15:00,SHFE.ag2602,SHFE.ag2609,2025-12-05 14:00:00,13697.0,13692.0,-0.036504344016941026,0.9996349565598306,0.9893279967343763
2025-12-05 14:30:00,SHFE.ag2609,SHFE.ag2602,2025-12-05 14:15:00,13694.0,13694.0,0.0,1.0,0.9896892763125003
2025-12-05 14:45:00,SHFE.ag2602,SHFE.ag2607,2025-12-05 14:30:00,13677.0,13669.0,-0.05849235943554687,0.9994150764056445,0.9896892763125003
2025-12-05 21:00:00,SHFE.ag2607,SHFE.ag2602,2025-12-05 14:45:00,13687.0,13687.0,0.0,1.0,0.9902685077274171
2025-12-05 21:30:00,SHFE.ag2602,SHFE.ag2603,2025-12-05 21:15:00,13669.0,13670.0,0.007315824127585024,1.0000731582412759,0.9902685077274171
2025-12-05 21:45:00,SHFE.ag2603,SHFE.ag2607,2025-12-05 21:30:00,13661.0,13653.0,-0.05856086670082972,0.9994143913329917,0.9901960667246573
2025-12-05 22:00:00,SHFE.ag2607,SHFE.ag2609,2025-12-05 21:45:00,13670.0,13681.0,0.08046817849305388,1.0008046817849305,0.990776273897718
2025-12-05 22:15:00,SHFE.ag2609,SHFE.ag2602,2025-12-05 22:00:00,13724.0,13724.0,0.0,1.0,0.989979655301645
2025-12-05 23:00:00,SHFE.ag2602,SHFE.ag2608,2025-12-05 22:45:00,13758.0,13760.0,0.0145369966565001,1.000145369966565,0.989979655301645
2025-12-05 23:15:00,SHFE.ag2608,SHFE.ag2602,2025-12-05 23:00:00,13749.0,13749.0,0.0,1.0,0.989835762909886
2025-12-06 01:15:00,SHFE.ag2602,SHFE.ag2608,2025-12-06 01:00:00,13747.0,13754.0,0.05092020077108739,1.0005092020077109,0.989835762909886
2025-12-06 01:30:00,SHFE.ag2608,SHFE.ag2603,2025-12-06 01:15:00,13785.0,13783.0,-0.014508523757705838,0.9998549147624229,0.9893319930727207
2025-12-06 01:45:00,SHFE.ag2603,SHFE.ag2602,2025-12-06 01:30:00,13762.0,13762.0,0.0,1.0,0.9894755513681677
2025-12-06 02:00:00,SHFE.ag2602,SHFE.ag2608,2025-12-06 01:45:00,13804.0,13802.0,-0.014488554042302315,0.999855114459577,0.9894755513681677
2025-12-08 09:00:00,SHFE.ag2608,SHFE.ag2602,2025-12-06 02:15:00,13788.0,13788.0,0.0,1.0,0.9896189328420654
2025-12-08 09:30:00,SHFE.ag2602,SHFE.ag2607,2025-12-08 09:15:00,13675.0,13678.0,0.0219378427787964,1.000219378427788,0.9896189328420654
2025-12-08 09:45:00,SHFE.ag2607,SHFE.ag2602,2025-12-08 09:30:00,13612.0,13612.0,0.0,1.0,0.9894018794133093
2025-12-08 11:00:00,SHFE.ag2602,SHFE.ag2607,2025-12-08 10:45:00,13579.0,13582.0,0.022092937624274,1.0002209293762427,0.9894018794133093
2025-12-08 11:15:00,SHFE.ag2607,SHFE.ag2603,2025-12-08 11:00:00,13563.0,13567.0,0.029492000294917275,1.0002949200029492,0.9891833397550674
2025-12-08 13:30:00,SHFE.ag2603,SHFE.ag2602,2025-12-08 11:15:00,13590.0,13590.0,0.0,1.0,0.9888916958132218
2025-12-08 14:00:00,SHFE.ag2602,SHFE.ag2606,2025-12-08 13:45:00,13694.0,13696.0,0.01460493646852079,1.0001460493646852,0.9888916958132218
2025-12-08 14:15:00,SHFE.ag2606,SHFE.ag2603,2025-12-08 14:00:00,13687.0,13688.0,0.007306202966317343,1.0000730620296632,0.9887472898996977
2025-12-08 14:30:00,SHFE.ag2603,SHFE.ag2605,2025-12-08 14:15:00,13701.0,13704.0,0.021896211955341194,1.0002189621195534,0.9886750552934807
2025-12-08 14:45:00,SHFE.ag2605,SHFE.ag2602,2025-12-08 14:30:00,13707.0,13707.0,0.0,1.0,0.9884586202988892
2025-12-08 21:15:00,SHFE.ag2602,SHFE.ag2607,2025-12-08 21:00:00,13669.0,13673.0,0.029263296510362302,1.0002926329651036,0.9884586202988892
2025-12-08 21:30:00,SHFE.ag2607,SHFE.ag2606,2025-12-08 21:15:00,13642.0,13642.0,0.0,1.0,0.9881694493429032
2025-12-08 21:45:00,SHFE.ag2606,SHFE.ag2602,2025-12-08 21:30:00,13674.0,13674.0,0.0,1.0,0.9881694493429032
2025-12-08 22:00:00,SHFE.ag2602,SHFE.ag2607,2025-12-08 21:45:00,13660.0,13664.0,0.02928257686676261,1.0002928257686676,0.9881694493429032
2025-12-08 22:15:00,SHFE.ag2607,SHFE.ag2606,2025-12-08 22:00:00,13675.0,13676.0,0.007312614259591399,1.000073126142596,0.9878801725720183
2025-12-08 22:45:00,SHFE.ag2606,SHFE.ag2602,2025-12-08 22:30:00,13659.0,13659.0,0.0,1.0,0.9878079379878877
2025-12-09 00:45:00,SHFE.ag2602,SHFE.ag2605,2025-12-09 00:30:00,13615.0,13616.0,0.0073448402497344745,1.0000734484024973,0.9878079379878877
2025-12-09 01:00:00,SHFE.ag2605,SHFE.ag2602,2025-12-09 00:45:00,13616.0,13616.0,0.0,1.0,0.9877353904013726
2025-12-09 01:15:00,SHFE.ag2602,SHFE.ag2603,2025-12-09 01:00:00,13604.0,13605.0,0.007350779182591083,1.000073507791826,0.9877353904013726
2025-12-09 01:45:00,SHFE.ag2603,SHFE.ag2602,2025-12-09 01:30:00,13615.0,13615.0,0.0,1.0,0.9876627894906486
2025-12-09 09:00:00,SHFE.ag2602,SHFE.ag2607,2025-12-09 02:15:00,13606.0,13611.0,0.03674849331176677,1.0003674849331177,0.9876627894906486
2025-12-09 09:15:00,SHFE.ag2607,SHFE.ag2602,2025-12-09 09:00:00,13654.0,13654.0,0.0,1.0,0.9872999716266083
2025-12-09 09:30:00,SHFE.ag2602,SHFE.ag2607,2025-12-09 09:15:00,13634.0,13637.0,0.022003813994420085,1.0002200381399442,0.9872999716266083
2025-12-09 09:45:00,SHFE.ag2607,SHFE.ag2602,2025-12-09 09:30:00,13651.0,13651.0,0.0,1.0,0.9870827757686572
2025-12-09 21:00:00,SHFE.ag2602,SHFE.ag2604,2025-12-09 14:45:00,13607.0,13609.0,0.014698317042705078,1.000146983170427,0.9870827757686572
2025-12-09 21:45:00,SHFE.ag2604,SHFE.ag2608,2025-12-09 21:30:00,13779.0,13780.0,0.007257420712680762,1.0000725742071268,0.9869377125346549
2025-12-09 22:00:00,SHFE.ag2608,SHFE.ag2602,2025-12-09 21:45:00,13815.0,13815.0,0.0,1.0,0.9868660915105232
2025-12-09 22:30:00,SHFE.ag2602,SHFE.ag2609,2025-12-09 22:15:00,13811.0,13815.0,0.028962421258427185,1.0002896242125843,0.9868660915105232
2025-12-09 22:45:00,SHFE.ag2609,SHFE.ag2602,2025-12-09 22:30:00,13880.0,13880.0,0.0,1.0,0.9865803539523587
2025-12-10 10:00:00,SHFE.ag2602,SHFE.ag2603,2025-12-10 09:45:00,14344.0,14342.0,-0.013943112102621225,0.9998605688789738,0.9865803539523587
2025-12-10 10:30:00,SHFE.ag2603,SHFE.ag2602,2025-12-10 10:00:00,14340.0,14340.0,0.0,1.0,0.9867179331399131
2025-12-10 11:00:00,SHFE.ag2602,SHFE.ag2603,2025-12-10 10:45:00,14350.0,14349.0,-0.0069686411149794125,0.9999303135888502,0.9867179331399131
2025-12-10 11:15:00,SHFE.ag2603,SHFE.ag2611,2025-12-10 11:00:00,14249.0,14259.0,0.07018036353427792,1.0007018036353428,0.9867866987635202
2025-12-10 13:30:00,SHFE.ag2611,SHFE.ag2602,2025-12-10 11:15:00,14268.0,14268.0,0.0,1.0,0.9860946539505856
2025-12-10 14:45:00,SHFE.ag2602,SHFE.ag2605,2025-12-10 14:30:00,14397.0,14399.0,0.01389178301034466,1.0001389178301034,0.9860946539505856
2025-12-10 21:00:00,SHFE.ag2605,SHFE.ag2602,2025-12-10 14:45:00,14373.0,14373.0,0.0,1.0,0.9859576868481549
2025-12-10 21:15:00,SHFE.ag2602,SHFE.ag2606,2025-12-10 21:00:00,14320.0,14317.0,-0.020949720670393468,0.9997905027932961,0.9859576868481549
2025-12-10 21:30:00,SHFE.ag2606,SHFE.ag2602,2025-12-10 21:15:00,14324.0,14324.0,0.0,1.0,0.9861642855113207
2025-12-11 09:30:00,SHFE.ag2602,SHFE.ag2604,2025-12-11 09:15:00,14593.0,14596.0,0.020557801685749943,1.0002055780168575,0.9861642855113207
2025-12-11 09:45:00,SHFE.ag2604,SHFE.ag2602,2025-12-11 09:30:00,14599.0,14599.0,0.0,1.0,0.985961593482235
2025-12-11 21:30:00,SHFE.ag2602,SHFE.ag2604,2025-12-11 21:15:00,14528.0,14533.0,0.0344162995594699,1.0003441629955947,0.985961593482235
2025-12-11 21:45:00,SHFE.ag2604,SHFE.ag2602,2025-12-11 21:30:00,14576.0,14576.0,0.0,1.0,0.9856223787318454
2025-12-11 22:30:00,SHFE.ag2602,SHFE.ag2604,2025-12-11 22:15:00,14647.0,14651.0,0.027309346623871633,1.0002730934662387,0.9856223787318454
2025-12-11 22:45:00,SHFE.ag2604,SHFE.ag2602,2025-12-11 22:30:00,14683.0,14683.0,0.0,1.0,0.9853532851877238
2025-12-11 23:15:00,SHFE.ag2602,SHFE.ag2608,2025-12-11 23:00:00,14649.0,14651.0,0.013652809065467508,1.0001365280906547,0.9853532851877238
2025-12-11 23:45:00,SHFE.ag2608,SHFE.ag2602,2025-12-11 23:30:00,14773.0,14773.0,0.0,1.0,0.9852187751494755
2025-12-12 00:00:00,SHFE.ag2602,SHFE.ag2609,2025-12-11 23:45:00,14825.0,14828.0,0.02023608768970675,1.000202360876897,0.9852187751494755
2025-12-12 00:15:00,SHFE.ag2609,SHFE.ag2602,2025-12-12 00:00:00,14842.0,14842.0,0.0,1.0,0.9850194457506728
2025-12-12 00:30:00,SHFE.ag2602,SHFE.ag2610,2025-12-12 00:15:00,14836.0,14845.0,0.060663251550274744,1.0006066325155027,0.9850194457506728
2025-12-12 00:45:00,SHFE.ag2610,SHFE.ag2602,2025-12-12 00:30:00,14869.0,14869.0,0.0,1.0,0.9844222631968328
2025-12-12 01:00:00,SHFE.ag2602,SHFE.ag2609,2025-12-12 00:45:00,14955.0,14969.0,0.09361417586091214,1.0009361417586091,0.9844222631968328
2025-12-12 01:15:00,SHFE.ag2609,SHFE.ag2602,2025-12-12 01:00:00,14948.0,14948.0,0.0,1.0,0.9835015663109516
2025-12-12 01:30:00,SHFE.ag2602,SHFE.ag2603,2025-12-12 01:15:00,14944.0,14943.0,-0.0066916488222656945,0.9999330835117773,0.9835015663109516
2025-12-12 01:45:00,SHFE.ag2603,SHFE.ag2602,2025-12-12 01:30:00,14961.0,14961.0,0.0,1.0,0.9835673831861648
2025-12-12 10:30:00,SHFE.ag2602,SHFE.ag2604,2025-12-12 10:00:00,14931.0,14928.0,-0.02009242515571552,0.9997990757484428,0.9835673831861648
2025-12-12 10:45:00,SHFE.ag2604,SHFE.ag2602,2025-12-12 10:30:00,14931.0,14931.0,0.0,1.0,0.9837650454416282
2025-12-12 11:00:00,SHFE.ag2602,SHFE.ag2606,2025-12-12 10:45:00,14886.0,14884.0,-0.013435442697840028,0.9998656455730216,0.9837650454416282
2025-12-12 11:15:00,SHFE.ag2606,SHFE.ag2602,2025-12-12 11:00:00,14879.0,14879.0,0.0,1.0,0.9838972363910292
2025-12-12 21:00:00,SHFE.ag2602,SHFE.ag2606,2025-12-12 14:45:00,14892.0,14893.0,0.006715014773028827,1.0000671501477303,0.9838972363910292
2025-12-12 21:15:00,SHFE.ag2606,SHFE.ag2602,2025-12-12 21:00:00,15117.0,15117.0,0.0,1.0,0.9838311719824889
2025-12-16 10:00:00,SHFE.ag2602,SHFE.ag2606,2025-12-16 09:45:00,14851.0,14859.0,0.05386842636858624,1.0005386842636859,0.9838311719824889
2025-12-16 10:30:00,SHFE.ag2606,SHFE.ag2602,2025-12-16 10:00:00,14851.0,14851.0,0.0,1.0,0.9833014829471663
2025-12-16 11:15:00,SHFE.ag2602,SHFE.ag2607,2025-12-16 11:00:00,14558.0,14581.0,0.1579887347163078,1.001579887347163,0.9833014829471663
2025-12-16 13:30:00,SHFE.ag2607,SHFE.ag2602,2025-12-16 11:15:00,14600.0,14600.0,0.0,1.0,0.9817504278681056
2025-12-17 09:00:00,SHFE.ag2602,SHFE.ag2607,2025-12-17 02:15:00,14731.0,14745.0,0.09503767565000043,1.0009503767565,0.9817504278681056
2025-12-17 09:15:00,SHFE.ag2607,SHFE.ag2602,2025-12-17 09:00:00,14975.0,14975.0,0.0,1.0,0.98081828097152
2025-12-17 09:45:00,SHFE.ag2602,SHFE.ag2604,2025-12-17 09:30:00,15242.0,15239.0,-0.019682456370551105,0.9998031754362945,0.98081828097152
2025-12-17 10:00:00,SHFE.ag2604,SHFE.ag2602,2025-12-17 09:45:00,15329.0,15329.0,0.0,1.0,0.9810113681060376
2025-12-17 13:30:00,SHFE.ag2602,SHFE.ag2603,2025-12-17 11:15:00,15428.0,15416.0,-0.07778065854291416,0.9992221934145709,0.9810113681060376
2025-12-17 13:45:00,SHFE.ag2603,SHFE.ag2602,2025-12-17 13:30:00,15519.0,15519.0,0.0,1.0,0.9817749991657985
2025-12-19 14:45:00,SHFE.ag2602,SHFE.ag2607,2025-12-19 14:30:00,15346.0,15349.0,0.01954906816108437,1.0001954906816108,0.9817749991657985
2025-12-19 21:00:00,SHFE.ag2607,SHFE.ag2602,2025-12-19 14:45:00,15376.0,15376.0,0.0,1.0,0.9815831088147986
2025-12-20 01:00:00,SHFE.ag2602,SHFE.ag2607,2025-12-20 00:45:00,15714.0,15713.0,-0.006363752068216932,0.9999363624793178,0.9815831088147986
2025-12-20 01:15:00,SHFE.ag2607,SHFE.ag2602,2025-12-20 01:00:00,15675.0,15675.0,0.0,1.0,0.9816455783055906
2025-12-20 02:00:00,SHFE.ag2602,SHFE.ag2607,2025-12-20 01:45:00,15746.0,15744.0,-0.01270163851136985,0.9998729836148863,0.9816455783055906
2025-12-20 02:15:00,SHFE.ag2607,SHFE.ag2602,2025-12-20 02:00:00,15760.0,15760.0,0.0,1.0,0.9817702792174688
2025-12-22 09:30:00,SHFE.ag2602,SHFE.ag2606,2025-12-22 09:15:00,15933.0,15943.0,0.06276281930583938,1.0006276281930584,0.9817702792174688
2025-12-22 09:45:00,SHFE.ag2606,SHFE.ag2602,2025-12-22 09:30:00,16072.0,16072.0,0.0,1.0,0.9811544790047
2025-12-22 11:15:00,SHFE.ag2602,SHFE.ag2604,2025-12-22 11:00:00,16193.0,16200.0,0.0432285555487022,1.000432285555487,0.9811544790047
2025-12-22 13:30:00,SHFE.ag2604,SHFE.ag2602,2025-12-22 11:15:00,16205.0,16205.0,0.0,1.0,0.9807305233656238
2025-12-22 21:15:00,SHFE.ag2602,SHFE.ag2608,2025-12-22 21:00:00,16246.0,16250.0,0.024621445278838472,1.0002462144527884,0.9807305233656238
2025-12-22 21:30:00,SHFE.ag2608,SHFE.ag2602,2025-12-22 21:15:00,16199.0,16199.0,0.0,1.0,0.9804891127752569
2025-12-22 22:45:00,SHFE.ag2602,SHFE.ag2609,2025-12-22 22:30:00,16200.0,16189.0,-0.06790123456790198,0.999320987654321,0.9804891127752569
2025-12-22 23:00:00,SHFE.ag2609,SHFE.ag2607,2025-12-22 22:45:00,16181.0,16178.0,-0.018540263271737967,0.9998145973672826,0.981155329356919
2025-12-22 23:15:00,SHFE.ag2607,SHFE.ag2610,2025-12-22 23:00:00,16138.0,16148.0,0.061965547155784506,1.0006196554715578,0.9813372718707075
2025-12-22 23:30:00,SHFE.ag2610,SHFE.ag2602,2025-12-22 23:15:00,16145.0,16145.0,0.0,1.0,0.9807295574343249
2025-12-23 02:15:00,SHFE.ag2602,SHFE.ag2607,2025-12-23 02:00:00,16130.0,16131.0,0.006199628022329762,1.0000619962802233,0.9807295574343249
2025-12-23 09:00:00,SHFE.ag2607,SHFE.ag2602,2025-12-23 02:15:00,16126.0,16126.0,0.0,1.0,0.9806687596190973
2025-12-23 21:30:00,SHFE.ag2602,SHFE.ag2609,2025-12-23 21:15:00,16810.0,16821.0,0.06543723973824189,1.0006543723973824,0.9806687596190973
2025-12-23 21:45:00,SHFE.ag2609,SHFE.ag2602,2025-12-23 21:30:00,16868.0,16868.0,0.0,1.0,0.9800274567027542
2025-12-24 01:15:00,SHFE.ag2602,SHFE.ag2607,2025-12-24 01:00:00,16897.0,16907.0,0.05918210333195617,1.0005918210333196,0.9800274567027542
2025-12-24 01:30:00,SHFE.ag2607,SHFE.ag2602,2025-12-24 01:15:00,16929.0,16929.0,0.0,1.0,0.97944779889433
2025-12-24 10:00:00,SHFE.ag2602,SHFE.ag2609,2025-12-24 09:45:00,17383.0,17396.0,0.07478571017660585,1.000747857101766,0.97944779889433
2025-12-24 10:30:00,SHFE.ag2609,SHFE.ag2607,2025-12-24 10:00:00,17389.0,17406.0,0.09776295359134046,1.0009776295359134,0.9787158592883501
2025-12-24 10:45:00,SHFE.ag2607,SHFE.ag2602,2025-12-24 10:30:00,17431.0,17431.0,0.0,1.0,0.9777599722604344
2025-12-24 14:15:00,SHFE.ag2602,SHFE.ag2604,2025-12-24 14:00:00,17413.0,17423.0,0.05742835812323488,1.0005742835812323,0.9777599722604344
2025-12-24 14:30:00,SHFE.ag2604,SHFE.ag2605,2025-12-24 14:15:00,17433.0,17439.0,0.03441748408190559,1.000344174840819,0.9771987830437322
2025-12-24 21:00:00,SHFE.ag2605,SHFE.ag2602,2025-12-24 14:45:00,17609.0,17609.0,0.0,1.0,0.976862571523676
2025-12-25 01:15:00,SHFE.ag2602,SHFE.ag2607,2025-12-25 01:00:00,17279.0,17293.0,0.08102320736154134,1.0008102320736154,0.976862571523676
2025-12-25 01:30:00,SHFE.ag2607,SHFE.ag2602,2025-12-25 01:15:00,17298.0,17298.0,0.0,1.0,0.9760717269043888
2025-12-25 21:00:00,SHFE.ag2602,SHFE.ag2604,2025-12-25 14:45:00,17397.0,17408.0,0.06322929240674124,1.0006322929240674,0.9760717269043888
2025-12-25 21:15:00,SHFE.ag2604,SHFE.ag2602,2025-12-25 21:00:00,17791.0,17791.0,0.0,1.0,0.9754549536394561
2025-12-25 22:00:00,SHFE.ag2602,SHFE.ag2603,2025-12-25 21:45:00,17760.0,17756.0,-0.022522522522527844,0.9997747747747747,0.9754549536394561
2025-12-25 22:15:00,SHFE.ag2603,SHFE.ag2602,2025-12-25 22:00:00,17777.0,17777.0,0.0,1.0,0.9756747001935538
2025-12-26 01:00:00,SHFE.ag2602,SHFE.ag2610,2025-12-26 00:45:00,17993.0,17984.0,-0.05001945200912017,0.9994998054799088,0.9756747001935538
2025-12-26 01:15:00,SHFE.ag2610,SHFE.ag2602,2025-12-26 01:00:00,17994.0,17994.0,0.0,1.0,0.9761629715626454
2025-12-26 09:00:00,SHFE.ag2602,SHFE.ag2608,2025-12-26 02:15:00,18131.0,18098.0,-0.18200871435662958,0.9981799128564337,0.9761629715626454
2025-12-26 09:15:00,SHFE.ag2608,SHFE.ag2602,2025-12-26 09:00:00,18433.0,18433.0,0.0,1.0,0.9779429128855301
2025-12-26 09:30:00,SHFE.ag2602,SHFE.ag2603,2025-12-26 09:15:00,18409.0,18414.0,0.0271606279537151,1.0002716062795372,0.9779429128855301
2025-12-26 09:45:00,SHFE.ag2603,SHFE.ag2602,2025-12-26 09:30:00,18468.0,18468.0,0.0,1.0,0.9776773695725929
2025-12-26 10:00:00,SHFE.ag2602,SHFE.ag2605,2025-12-26 09:45:00,18335.0,18341.0,0.03272429779110908,1.000327242977911,0.9776773695725929
2025-12-26 10:30:00,SHFE.ag2605,SHFE.ag2602,2025-12-26 10:00:00,18401.0,18401.0,0.0,1.0,0.9773575361819689
2025-12-26 11:00:00,SHFE.ag2602,SHFE.ag2605,2025-12-26 10:45:00,18417.0,18409.0,-0.04343812781668621,0.9995656187218331,0.9773575361819689
2025-12-26 11:15:00,SHFE.ag2605,SHFE.ag2602,2025-12-26 11:00:00,18455.0,18455.0,0.0,1.0,0.9777822664926569
2025-12-29 09:00:00,SHFE.ag2602,SHFE.ag2611,2025-12-27 02:15:00,19204.0,19183.0,-0.10935221828786146,0.9989064778171214,0.9777822664926569
2025-12-29 09:15:00,SHFE.ag2611,SHFE.ag2603,2025-12-29 09:00:00,19225.0,19222.0,-0.01560468140442417,0.9998439531859558,0.9788526635940668
2025-12-29 09:30:00,SHFE.ag2603,SHFE.ag2602,2025-12-29 09:15:00,19025.0,19025.0,0.0,1.0,0.979005434273017
2025-12-29 09:45:00,SHFE.ag2602,SHFE.ag2611,2025-12-29 09:30:00,19031.0,19019.0,-0.06305501550102344,0.9993694498449898,0.979005434273017
2025-12-29 10:00:00,SHFE.ag2611,SHFE.ag2602,2025-12-29 09:45:00,19071.0,19071.0,0.0,1.0,0.979623135793143
2025-12-29 21:00:00,SHFE.ag2602,SHFE.ag2604,2025-12-29 14:45:00,18205.0,18201.0,-0.021971985718205467,0.999780280142818,0.979623135793143
2025-12-29 21:45:00,SHFE.ag2604,SHFE.ag2605,2025-12-29 21:30:00,17822.0,17826.0,0.022444170126800778,1.000224441701268,0.9798384257521107
2025-12-29 22:00:00,SHFE.ag2605,SHFE.ag2604,2025-12-29 21:45:00,17883.0,17883.0,0.0,1.0,0.979618558496248
2025-12-30 11:15:00,SHFE.ag2604,SHFE.ag2608,2025-12-30 11:00:00,17948.0,17946.0,-0.011143302874971894,0.9998885669712503,0.979618558496248
2025-12-30 13:30:00,SHFE.ag2608,SHFE.ag2604,2025-12-30 11:15:00,18091.0,18091.0,0.0,1.0,0.9797277325248334
2025-12-30 14:15:00,SHFE.ag2604,SHFE.ag2605,2025-12-30 14:00:00,18237.0,18235.0,-0.010966716016891365,0.9998903328398311,0.9797277325248334
2025-12-30 14:45:00,SHFE.ag2605,SHFE.ag2604,2025-12-30 14:30:00,18012.0,18012.0,0.0,1.0,0.9798351882673643
2025-12-30 21:30:00,SHFE.ag2604,SHFE.ag2607,2025-12-30 21:15:00,18638.0,18639.0,0.005365382551780762,1.0000536538255178,0.9798351882673643
2025-12-30 21:45:00,SHFE.ag2607,SHFE.ag2604,2025-12-30 21:30:00,18501.0,18501.0,0.0,1.0,0.9797826191816693
2025-12-30 22:15:00,SHFE.ag2604,SHFE.ag2610,2025-12-30 22:00:00,18572.0,18579.0,0.037691147964680205,1.0003769114796468,0.9797826191816693
2025-12-30 22:30:00,SHFE.ag2610,SHFE.ag2604,2025-12-30 22:15:00,18606.0,18606.0,0.0,1.0,0.9794134670026353
2025-12-30 23:15:00,SHFE.ag2604,SHFE.ag2610,2025-12-30 23:00:00,18390.0,18388.0,-0.010875475802063495,0.9998912452419794,0.9794134670026353
2025-12-30 23:30:00,SHFE.ag2610,SHFE.ag2604,2025-12-30 23:15:00,18407.0,18407.0,0.0,1.0,0.9795199944626095
2025-12-31 14:45:00,SHFE.ag2604,SHFE.ag2606,2025-12-31 14:30:00,17004.0,16996.0,-0.04704775346977552,0.9995295224653022,0.9795199944626095
2026-01-05 09:00:00,SHFE.ag2606,SHFE.ag2604,2025-12-31 14:45:00,17074.0,17074.0,0.0,1.0,0.9799810535327261
2026-01-08 14:00:00,SHFE.ag2604,SHFE.ag2605,2026-01-08 13:45:00,18485.0,18477.0,-0.043278333784146916,0.9995672166621585,0.9799810535327261
2026-01-08 14:15:00,SHFE.ag2605,SHFE.ag2604,2026-01-08 14:00:00,18346.0,18346.0,0.0,1.0,0.9804053566354085
2026-01-13 11:15:00,SHFE.ag2604,SHFE.ag2605,2026-01-13 11:00:00,21344.0,21320.0,-0.11244377811094886,0.9988755622188905,0.9804053566354085
2026-01-13 13:30:00,SHFE.ag2605,SHFE.ag2604,2026-01-13 11:15:00,21192.0,21192.0,0.0,1.0,0.9815090024402514
2026-01-16 23:15:00,SHFE.ag2604,SHFE.ag2607,2026-01-16 23:00:00,22183.0,22181.0,-0.009015913086596328,0.999909840869134,0.9815090024402514
2026-01-16 23:30:00,SHFE.ag2607,SHFE.ag2609,2026-01-16 23:15:00,21611.0,21613.0,0.009254546295878185,1.0000925454629588,0.9815975024179296
2026-01-16 23:45:00,SHFE.ag2609,SHFE.ag2604,2026-01-16 23:30:00,21732.0,21732.0,0.0,1.0,0.9815066684289028
2026-01-17 00:00:00,SHFE.ag2604,SHFE.ag2611,2026-01-16 23:45:00,21780.0,21790.0,0.04591368227730985,1.000459136822773,0.9815066684289028
2026-01-17 00:15:00,SHFE.ag2611,SHFE.ag2604,2026-01-17 00:00:00,21933.0,21933.0,0.0,1.0,0.9810562293887795
2026-01-17 02:00:00,SHFE.ag2604,SHFE.ag2605,2026-01-17 01:45:00,21922.0,21918.0,-0.01824651035489122,0.9998175348964511,0.9810562293887795
2026-01-17 02:15:00,SHFE.ag2605,SHFE.ag2606,2026-01-17 02:00:00,21910.0,21912.0,0.009128251939749532,1.0000912825193975,0.9812352705840324
2026-01-19 09:00:00,SHFE.ag2606,SHFE.ag2604,2026-01-17 02:15:00,21998.0,21998.0,0.0,1.0,0.9811457091318068
2026-01-24 00:30:00,SHFE.ag2604,SHFE.ag2611,2026-01-24 00:15:00,25708.0,25667.0,-0.15948342928271408,0.9984051657071729,0.9811457091318068
2026-01-24 00:45:00,SHFE.ag2611,SHFE.ag2604,2026-01-24 00:30:00,25685.0,25685.0,0.0,1.0,0.9827129734819219
2026-01-24 01:30:00,SHFE.ag2604,SHFE.ag2610,2026-01-24 01:15:00,25743.0,25726.0,-0.06603736938196603,0.9993396263061803,0.9827129734819219
2026-01-24 01:45:00,SHFE.ag2610,SHFE.ag2604,2026-01-24 01:30:00,25760.0,25760.0,0.0,1.0,0.983362360116035
2026-01-26 09:30:00,SHFE.ag2604,SHFE.ag2610,2026-01-26 09:15:00,27520.0,27515.0,-0.01816860465115866,0.9998183139534884,0.983362360116035
2026-01-26 09:45:00,SHFE.ag2610,SHFE.ag2604,2026-01-26 09:30:00,27482.0,27482.0,0.0,1.0,0.9835410558020454
2026-01-26 10:45:00,SHFE.ag2604,SHFE.ag2607,2026-01-26 10:30:00,27538.0,27527.0,-0.03994480354418961,0.9996005519645581,0.9835410558020454
2026-01-26 11:00:00,SHFE.ag2607,SHFE.ag2604,2026-01-26 10:45:00,27510.0,27510.0,0.0,1.0,0.9839340863398381
2026-01-26 22:00:00,SHFE.ag2604,SHFE.ag2611,2026-01-26 21:45:00,27581.0,27627.0,0.1667814800043521,1.0016678148000435,0.9839340863398381
2026-01-26 22:15:00,SHFE.ag2611,SHFE.ag2604,2026-01-26 22:00:00,27744.0,27744.0,0.0,1.0,0.9822957988684647
2026-01-26 23:15:00,SHFE.ag2604,SHFE.ag2609,2026-01-26 23:00:00,28425.0,28417.0,-0.028144239226035594,0.9997185576077396,0.9822957988684647
2026-01-26 23:30:00,SHFE.ag2609,SHFE.ag2604,2026-01-26 23:15:00,28438.0,28438.0,0.0,1.0,0.9825723363773836
2026-03-06 21:00:00,SHFE.ag2604,SHFE.ag2606,2026-03-06 14:45:00,21740.0,21533.0,-0.9521619135234638,0.9904783808647654,0.9825723363773836
2026-03-10 01:00:00,SHFE.ag2606,SHFE.ag2611,2026-03-10 00:45:00,21785.0,21704.0,-0.3718154693596487,0.9962818453064035,0.9920179535059824
2026-03-10 01:15:00,SHFE.ag2611,SHFE.ag2606,2026-03-10 01:00:00,21718.0,21718.0,0.0,1.0,0.995720195223361
2026-03-18 02:15:00,SHFE.ag2606,SHFE.ag2609,2026-03-18 02:00:00,20112.0,20094.0,-0.08949880668257526,0.9991050119331742,0.995720195223361
2026-03-18 09:00:00,SHFE.ag2609,SHFE.ag2606,2026-03-18 02:15:00,20088.0,20088.0,0.0,1.0,0.9966121512059438
2026-03-18 10:00:00,SHFE.ag2606,SHFE.ag2611,2026-03-18 09:45:00,19958.0,19947.0,-0.05511574306042988,0.9994488425693957,0.9966121512059438
2026-03-18 10:30:00,SHFE.ag2611,SHFE.ag2606,2026-03-18 10:00:00,19913.0,19913.0,0.0,1.0,0.997161744310835
2026-03-18 11:15:00,SHFE.ag2606,SHFE.ag2610,2026-03-18 11:00:00,19746.0,19740.0,-0.030385900941964916,0.9996961409905804,0.997161744310835
2026-03-18 13:30:00,SHFE.ag2610,SHFE.ag2606,2026-03-18 11:15:00,19770.0,19770.0,0.0,1.0,0.9974648329869173
2026-03-18 13:45:00,SHFE.ag2606,SHFE.ag2611,2026-03-18 13:30:00,19840.0,19847.0,0.035282258064506244,1.000352822580645,0.9974648329869173
2026-03-18 14:00:00,SHFE.ag2611,SHFE.ag2606,2026-03-18 13:45:00,19750.0,19750.0,0.0,1.0,0.9971130289948326
2026-03-26 02:00:00,SHFE.ag2606,SHFE.ag2607,2026-03-26 01:45:00,18036.0,18026.0,-0.0554446662231145,0.9994455533377689,0.9971130289948326
2026-03-26 02:15:00,SHFE.ag2607,SHFE.ag2606,2026-03-26 02:00:00,18040.0,18040.0,0.0,1.0,0.9976661816792856
2026-03-26 10:45:00,SHFE.ag2606,SHFE.ag2609,2026-03-26 10:30:00,17865.0,17850.0,-0.08396305625524292,0.9991603694374476,0.9976661816792856
2026-03-26 11:00:00,SHFE.ag2609,SHFE.ag2606,2026-03-26 10:45:00,17805.0,17805.0,0.0,1.0,0.9985045566218731
2026-03-26 13:30:00,SHFE.ag2606,SHFE.ag2607,2026-03-26 11:15:00,17816.0,17813.0,-0.016838796587337335,0.9998316120341266,0.9985045566218731
2026-03-26 13:45:00,SHFE.ag2607,SHFE.ag2606,2026-03-26 13:30:00,17629.0,17629.0,0.0,1.0,0.9986727210899506
2026-03-26 14:00:00,SHFE.ag2606,SHFE.ag2608,2026-03-26 13:45:00,17359.0,17347.0,-0.06912840601417392,0.9993087159398583,0.9986727210899506
2026-03-26 14:15:00,SHFE.ag2608,SHFE.ag2606,2026-03-26 14:00:00,17291.0,17291.0,0.0,1.0,0.9993635651928549
2026-03-26 22:30:00,SHFE.ag2606,SHFE.ag2607,2026-03-26 22:15:00,17380.0,17376.0,-0.023014959723821615,0.9997698504027618,0.9993635651928549
2026-03-26 22:45:00,SHFE.ag2607,SHFE.ag2606,2026-03-26 22:30:00,17344.0,17344.0,0.0,1.0,0.9995936212621902
2026-03-31 10:00:00,SHFE.ag2606,SHFE.ag2607,2026-03-31 09:45:00,18382.0,18372.0,-0.05440104450005201,0.9994559895549995,0.9995936212621902
2026-03-31 10:30:00,SHFE.ag2607,SHFE.ag2606,2026-03-31 10:00:00,18329.0,18329.0,0.0,1.0,1.0001377066210309
2026-03-31 11:00:00,SHFE.ag2606,SHFE.ag2611,2026-03-31 10:45:00,18126.0,18140.0,0.07723711795211141,1.0007723711795211,1.0001377066210309
2026-03-31 11:15:00,SHFE.ag2611,SHFE.ag2607,2026-03-31 11:00:00,18224.0,18221.0,-0.01646180860404023,0.9998353819139596,0.9993658252598018
2026-03-31 13:30:00,SHFE.ag2607,SHFE.ag2606,2026-03-31 11:15:00,18190.0,18190.0,0.0,1.0,0.9995303660355979
2026-03-31 14:15:00,SHFE.ag2606,SHFE.ag2607,2026-03-31 14:00:00,18132.0,18130.0,-0.011030222810504142,0.999889697771895,0.9995303660355979
2026-03-31 14:30:00,SHFE.ag2607,SHFE.ag2606,2026-03-31 14:15:00,18100.0,18100.0,0.0,1.0,0.9996406286242394
2026-03-31 21:00:00,SHFE.ag2606,SHFE.ag2607,2026-03-31 14:45:00,18126.0,18123.0,-0.016550810989734988,0.9998344918901027,0.9996406286242394
2026-03-31 21:15:00,SHFE.ag2607,SHFE.ag2606,2026-03-31 21:00:00,18375.0,18375.0,0.0,1.0,0.9998061046428827
2026-04-01 11:00:00,SHFE.ag2606,SHFE.ag2609,2026-04-01 10:45:00,18626.0,18618.0,-0.042950714055622896,0.9995704928594438,0.9998061046428827
2026-04-01 11:15:00,SHFE.ag2609,SHFE.ag2606,2026-04-01 11:00:00,18690.0,18690.0,0.0,1.0,1.0002357130238657
2026-04-01 14:15:00,SHFE.ag2606,SHFE.ag2607,2026-04-01 14:00:00,18752.0,18744.0,-0.04266211604095904,0.9995733788395904,1.0002357130238657
2026-04-01 14:30:00,SHFE.ag2607,SHFE.ag2606,2026-04-01 14:15:00,18785.0,18785.0,0.0,1.0,1.0006626168706536
2026-04-10 14:45:00,SHFE.ag2606,SHFE.ag2607,2026-04-10 14:30:00,18583.0,18580.0,-0.016143787332512094,0.9998385621266749,1.0006626168706536
2026-04-10 21:00:00,SHFE.ag2607,SHFE.ag2606,2026-04-10 14:45:00,18583.0,18583.0,0.0,1.0,1.0008241877991042
2026-04-10 21:15:00,SHFE.ag2606,SHFE.ag2607,2026-04-10 21:00:00,18760.0,18758.0,-0.010660980810239806,0.9998933901918976,1.0008241877991042
2026-04-10 21:30:00,SHFE.ag2607,SHFE.ag2606,2026-04-10 21:15:00,18831.0,18831.0,0.0,1.0,1.000930896849941
2026-04-10 23:15:00,SHFE.ag2606,SHFE.ag2607,2026-04-10 23:00:00,18839.0,18837.0,-0.010616274749186694,0.9998938372525081,1.000930896849941
2026-04-10 23:30:00,SHFE.ag2607,SHFE.ag2606,2026-04-10 23:15:00,18842.0,18842.0,0.0,1.0,1.0010371697062186
2026-04-11 02:00:00,SHFE.ag2606,SHFE.ag2607,2026-04-11 01:45:00,18817.0,18816.0,-0.005314343412876621,0.9999468565658712,1.0010371697062186
2026-04-11 02:15:00,SHFE.ag2607,SHFE.ag2606,2026-04-11 02:00:00,18820.0,18820.0,0.0,1.0,1.0010903710864114
2026-04-13 10:30:00,SHFE.ag2606,SHFE.ag2607,2026-04-13 10:00:00,18411.0,18407.0,-0.021726141980338287,0.9997827385801966,1.0010903710864114
2026-04-13 10:45:00,SHFE.ag2607,SHFE.ag2606,2026-04-13 10:30:00,18404.0,18404.0,0.0,1.0,1.0013079166660466
2026-04-15 11:00:00,SHFE.ag2606,SHFE.ag2607,2026-04-15 10:45:00,19749.0,19743.0,-0.030381285128355806,0.9996961871487164,1.0013079166660466
2026-04-15 11:15:00,SHFE.ag2607,SHFE.ag2606,2026-04-15 11:00:00,19800.0,19800.0,0.0,1.0,1.0016122193302817
2026-04-15 22:15:00,SHFE.ag2606,SHFE.ag2607,2026-04-15 22:00:00,19898.0,19888.0,-0.05025630716655183,0.9994974369283345,1.0016122193302817
2026-04-15 22:30:00,SHFE.ag2607,SHFE.ag2606,2026-04-15 22:15:00,19870.0,19870.0,0.0,1.0,1.0021158457478854
2026-04-16 02:15:00,SHFE.ag2606,SHFE.ag2607,2026-04-16 02:00:00,19666.0,19663.0,-0.015254754398452697,0.9998474524560155,1.0021158457478854
2026-04-16 09:00:00,SHFE.ag2607,SHFE.ag2606,2026-04-16 02:15:00,19664.0,19664.0,0.0,1.0,1.0022687393824907
2026-04-16 09:30:00,SHFE.ag2606,SHFE.ag2607,2026-04-16 09:15:00,19952.0,19954.0,0.010024057738577952,1.0001002405773858,1.0022687393824907
2026-04-16 09:45:00,SHFE.ag2607,SHFE.ag2606,2026-04-16 09:30:00,19865.0,19865.0,0.0,1.0,1.0021682814553199
2026-04-16 10:00:00,SHFE.ag2606,SHFE.ag2607,2026-04-16 09:45:00,19863.0,19865.0,0.010068972461363401,1.0001006897246136,1.0021682814553199
2026-04-16 10:30:00,SHFE.ag2607,SHFE.ag2606,2026-04-16 10:00:00,19873.0,19873.0,0.0,1.0,1.0020673835664242
2026-04-16 11:15:00,SHFE.ag2606,SHFE.ag2607,2026-04-16 11:00:00,19975.0,19972.0,-0.015018773466835,0.9998498122653316,1.0020673835664242
2026-04-16 13:30:00,SHFE.ag2607,SHFE.ag2606,2026-04-16 11:15:00,19928.0,19928.0,0.0,1.0,1.0022179044031305
2026-04-16 13:45:00,SHFE.ag2606,SHFE.ag2608,2026-04-16 13:30:00,19903.0,19901.0,-0.010048736371404132,0.999899512636286,1.0022179044031305
2026-04-16 14:00:00,SHFE.ag2608,SHFE.ag2606,2026-04-16 13:45:00,19942.0,19942.0,0.0,1.0,1.002318624759334
2026-04-16 14:15:00,SHFE.ag2606,SHFE.ag2608,2026-04-16 14:00:00,19973.0,19966.0,-0.03504731387372617,0.9996495268612627,1.002318624759334
2026-04-16 14:30:00,SHFE.ag2608,SHFE.ag2606,2026-04-16 14:15:00,19928.0,19928.0,0.0,1.0,1.0026700336731533
2026-04-16 21:00:00,SHFE.ag2606,SHFE.ag2608,2026-04-16 14:45:00,19925.0,19923.0,-0.010037641154325705,0.9998996235884567,1.0026700336731533
2026-04-16 21:15:00,SHFE.ag2608,SHFE.ag2606,2026-04-16 21:00:00,19753.0,19753.0,0.0,1.0,1.0027706881964353
2026-04-17 01:45:00,SHFE.ag2606,SHFE.ag2607,2026-04-17 01:30:00,19529.0,19527.0,-0.010241179783909704,0.9998975882021609,1.0027706881964353
2026-04-17 02:00:00,SHFE.ag2607,SHFE.ag2606,2026-04-17 01:45:00,19527.0,19527.0,0.0,1.0,1.0028733942637469
2026-04-17 10:30:00,SHFE.ag2606,SHFE.ag2609,2026-04-17 10:00:00,19534.0,19513.0,-0.10750486331524423,0.9989249513668476,1.0028733942637469
2026-04-17 10:45:00,SHFE.ag2609,SHFE.ag2606,2026-04-17 10:30:00,19548.0,19548.0,0.0,1.0,1.003952692233282
2026-04-17 11:15:00,SHFE.ag2606,SHFE.ag2607,2026-04-17 11:00:00,19632.0,19633.0,0.005093724531368693,1.0000509372453137,1.003952692233282
2026-04-17 13:30:00,SHFE.ag2607,SHFE.ag2606,2026-04-17 11:15:00,19622.0,19622.0,0.0,1.0,1.0039015562534404
2026-04-17 13:45:00,SHFE.ag2606,SHFE.ag2608,2026-04-17 13:30:00,19655.0,19651.0,-0.020351055711009813,0.9997964894428899,1.0039015562534404
2026-04-17 14:00:00,SHFE.ag2608,SHFE.ag2606,2026-04-17 13:45:00,19630.0,19630.0,0.0,1.0,1.0041059024050363
2026-04-17 14:30:00,SHFE.ag2606,SHFE.ag2611,2026-04-17 14:15:00,19543.0,19564.0,0.10745535485852109,1.0010745535485852,1.0041059024050363
2026-04-17 14:45:00,SHFE.ag2611,SHFE.ag2606,2026-04-17 14:30:00,19568.0,19568.0,0.0,1.0,1.0030280950062167
2026-04-17 23:00:00,SHFE.ag2606,SHFE.ag2607,2026-04-17 22:45:00,20460.0,20457.0,-0.014662756598238236,0.9998533724340176,1.0030280950062167
2026-04-17 23:15:00,SHFE.ag2607,SHFE.ag2606,2026-04-17 23:00:00,20451.0,20451.0,0.0,1.0,1.0031751881423079
2026-04-18 02:00:00,SHFE.ag2606,SHFE.ag2607,2026-04-18 01:45:00,20281.0,20278.0,-0.014792170011335148,0.9998520782998866,1.0031751881423079
2026-04-18 02:15:00,SHFE.ag2607,SHFE.ag2606,2026-04-18 02:00:00,20277.0,20277.0,0.0,1.0,1.003323601475202
2026-04-20 09:30:00,SHFE.ag2606,SHFE.ag2607,2026-04-20 09:15:00,19935.0,19936.0,0.0050163029847061225,1.000050163029847,1.003323601475202
2026-04-20 09:45:00,SHFE.ag2607,SHFE.ag2606,2026-04-20 09:30:00,19996.0,19996.0,0.0,1.0,1.0032732742480013
2026-04-20 14:00:00,SHFE.ag2606,SHFE.ag2609,2026-04-20 13:45:00,19808.0,19809.0,0.0050484652665661045,1.0000504846526657,1.0032732742480013
2026-04-20 14:30:00,SHFE.ag2609,SHFE.ag2606,2026-04-20 14:15:00,19826.0,19826.0,0.0,1.0,1.0032226269021358
2026-04-20 21:45:00,SHFE.ag2606,SHFE.ag2607,2026-04-20 21:30:00,20001.0,19995.0,-0.029998500075001377,0.99970001499925,1.0032226269021358
2026-04-20 22:00:00,SHFE.ag2607,SHFE.ag2606,2026-04-20 21:45:00,19994.0,19994.0,0.0,1.0,1.0035236689507188
2026-04-20 23:15:00,SHFE.ag2606,SHFE.ag2607,2026-04-20 23:00:00,19861.0,19857.0,-0.02013997281103963,0.9997986002718896,1.0035236689507188
2026-04-20 23:30:00,SHFE.ag2607,SHFE.ag2609,2026-04-20 23:15:00,19920.0,19912.0,-0.040160642570286065,0.9995983935742971,1.0037258190577745
2026-04-20 23:45:00,SHFE.ag2609,SHFE.ag2606,2026-04-20 23:30:00,19888.0,19888.0,0.0,1.0,1.0041290837500436
2026-04-21 14:45:00,SHFE.ag2606,SHFE.ag2607,2026-04-21 14:30:00,19669.0,19671.0,0.010168285118705711,1.000101682851187,1.0041290837500436
2026-04-21 21:15:00,SHFE.ag2607,SHFE.ag2606,2026-04-21 21:00:00,19461.0,19461.0,0.0,1.0,1.004026991422887
2026-04-22 01:30:00,SHFE.ag2606,SHFE.ag2609,2026-04-22 01:15:00,19049.0,19047.0,-0.010499238805183886,0.9998950076119482,1.004026991422887
2026-04-22 01:45:00,SHFE.ag2609,SHFE.ag2606,2026-04-22 01:30:00,19166.0,19166.0,0.0,1.0,1.0041324176833397
2026-04-23 11:15:00,SHFE.ag2606,SHFE.ag2608,2026-04-23 11:00:00,18925.0,18912.0,-0.06869220607661486,0.9993130779392339,1.0041324176833397
2026-04-23 13:30:00,SHFE.ag2608,SHFE.ag2606,2026-04-23 11:15:00,18871.0,18871.0,0.0,1.0,1.0048226525305204
2026-04-28 11:00:00,SHFE.ag2606,SHFE.ag2607,2026-04-28 10:45:00,18409.0,18411.0,0.01086425118148604,1.0001086425118149,1.0048226525305204
2026-04-28 11:15:00,SHFE.ag2607,SHFE.ag2606,2026-04-28 11:00:00,18468.0,18468.0,0.0,1.0,1.0047134979324508
2026-04-29 21:30:00,SHFE.ag2606,SHFE.ag2608,2026-04-29 21:15:00,17718.0,17712.0,-0.033863867253636215,0.9996613613274636,1.0047134979324508
2026-04-29 21:45:00,SHFE.ag2608,SHFE.ag2609,2026-04-29 21:30:00,17617.0,17610.0,-0.03973434750524918,0.9996026565249475,1.0050538480333764
2026-04-29 22:15:00,SHFE.ag2609,SHFE.ag2606,2026-04-29 22:00:00,17694.0,17694.0,0.0,1.0,1.0054533583647922
2026-04-29 22:30:00,SHFE.ag2606,SHFE.ag2609,2026-04-29 22:15:00,17706.0,17703.0,-0.01694340901389202,0.9998305659098611,1.0054533583647922
2026-04-29 22:45:00,SHFE.ag2609,SHFE.ag2606,2026-04-29 22:30:00,17728.0,17728.0,0.0,1.0,1.0056237453091008
2026-04-29 23:00:00,SHFE.ag2606,SHFE.ag2607,2026-04-29 22:45:00,17726.0,17714.0,-0.06769716800180126,0.999323028319982,1.0056237453091008
2026-04-29 23:15:00,SHFE.ag2607,SHFE.ag2606,2026-04-29 23:00:00,17674.0,17674.0,0.0,1.0,1.0063049852856
2026-04-30 09:15:00,SHFE.ag2606,SHFE.ag2609,2026-04-30 09:00:00,17946.0,17943.0,-0.016716817118023197,0.9998328318288198,1.0063049852856
2026-04-30 09:30:00,SHFE.ag2609,SHFE.ag2608,2026-04-30 09:15:00,18036.0,18036.0,0.0,1.0,1.006473235575733
2026-04-30 09:45:00,SHFE.ag2608,SHFE.ag2606,2026-04-30 09:30:00,18026.0,18026.0,0.0,1.0,1.006473235575733
2026-04-30 10:00:00,SHFE.ag2606,SHFE.ag2611,2026-04-30 09:45:00,18059.0,18054.0,-0.027687025859679526,0.9997231297414032,1.006473235575733
2026-04-30 10:30:00,SHFE.ag2611,SHFE.ag2608,2026-04-30 10:00:00,18060.0,18056.0,-0.022148394241416902,0.9997785160575858,1.006751975255465
2026-04-30 10:45:00,SHFE.ag2608,SHFE.ag2606,2026-04-30 10:30:00,17890.0,17890.0,0.0,1.0,1.0069750040492744
2026-04-30 14:15:00,SHFE.ag2606,SHFE.ag2609,2026-04-30 14:00:00,17914.0,17915.0,0.005582226191802597,1.000055822261918,1.0069750040492744
2026-04-30 14:30:00,SHFE.ag2609,SHFE.ag2606,2026-04-30 14:15:00,17937.0,17937.0,0.0,1.0,1.0069187955645382
2026-05-06 09:30:00,SHFE.ag2606,SHFE.ag2609,2026-05-06 09:15:00,18570.0,18562.0,-0.04308023694130636,0.9995691976305869,1.0069187955645382
2026-05-06 09:45:00,SHFE.ag2609,SHFE.ag2606,2026-05-06 09:30:00,18556.0,18556.0,0.0,1.0,1.0073527655227603
2026-05-06 23:45:00,SHFE.ag2606,SHFE.ag2611,2026-05-06 23:30:00,19158.0,19156.0,-0.010439503079651136,0.9998956049692035,1.0073527655227603
2026-05-07 00:00:00,SHFE.ag2611,SHFE.ag2606,2026-05-06 23:45:00,19115.0,19115.0,0.0,1.0,1.0074579391253415
2026-05-07 00:30:00,SHFE.ag2606,SHFE.ag2611,2026-05-07 00:15:00,19156.0,19152.0,-0.020881186051369127,0.9997911881394863,1.0074579391253415
2026-05-07 00:45:00,SHFE.ag2611,SHFE.ag2606,2026-05-07 00:30:00,19152.0,19152.0,0.0,1.0,1.0076683522287513
2026-05-07 10:00:00,SHFE.ag2606,SHFE.ag2608,2026-05-07 09:45:00,19382.0,19380.0,-0.010318852543600432,0.999896811474564,1.0076683522287513
2026-05-07 10:30:00,SHFE.ag2608,SHFE.ag2606,2026-05-07 10:00:00,19284.0,19284.0,0.0,1.0,1.007772342770777
2026-05-07 14:00:00,SHFE.ag2606,SHFE.ag2608,2026-05-07 13:45:00,19251.0,19246.0,-0.025972676744068224,0.9997402732325593,1.007772342770777
2026-05-07 14:30:00,SHFE.ag2608,SHFE.ag2611,2026-05-07 14:15:00,19443.0,19440.0,-0.015429717636161744,0.9998457028236384,1.0080341562236428
2026-05-07 14:45:00,SHFE.ag2611,SHFE.ag2606,2026-05-07 14:30:00,19499.0,19499.0,0.0,1.0,1.0081897170502205
2026-05-07 22:45:00,SHFE.ag2606,SHFE.ag2607,2026-05-07 22:30:00,20040.0,20039.0,-0.004990019960082748,0.9999500998003992,1.0081897170502205
2026-05-07 23:00:00,SHFE.ag2607,SHFE.ag2606,2026-05-07 22:45:00,20128.0,20128.0,0.0,1.0,1.0082400284288846
2026-05-08 10:30:00,SHFE.ag2606,SHFE.ag2607,2026-05-08 10:00:00,19793.0,19806.0,0.06567978578284617,1.0006567978578285,1.0082400284288846
2026-05-08 10:45:00,SHFE.ag2607,SHFE.ag2606,2026-05-08 10:30:00,19690.0,19690.0,0.0,1.0,1.0075782531905946
2026-05-08 14:15:00,SHFE.ag2606,SHFE.ag2607,2026-05-08 14:00:00,19880.0,19894.0,0.07042253521127861,1.0007042253521128,1.0075782531905946
2026-05-08 14:30:00,SHFE.ag2607,SHFE.ag2606,2026-05-08 14:15:00,19916.0,19916.0,0.0,1.0,1.0068691903804674
2026-05-09 00:15:00,SHFE.ag2606,SHFE.ag2607,2026-05-09 00:00:00,19772.0,19776.0,0.020230629172557357,1.0002023062917256,1.0068691903804674
2026-05-09 00:30:00,SHFE.ag2607,SHFE.ag2606,2026-05-09 00:15:00,19837.0,19837.0,0.0,1.0,1.0066655356089504
2026-05-09 01:00:00,SHFE.ag2606,SHFE.ag2607,2026-05-09 00:45:00,19723.0,19725.0,0.01014044516554069,1.0001014044516554,1.0066655356089504
2026-05-09 01:15:00,SHFE.ag2607,SHFE.ag2606,2026-05-09 01:00:00,19733.0,19733.0,0.0,1.0,1.0065634655926656
2026-05-11 14:15:00,SHFE.ag2606,SHFE.ag2607,2026-05-11 14:00:00,19844.0,19858.0,0.07055029227978071,1.0007055029227978,1.0065634655926656
2026-05-11 14:30:00,SHFE.ag2607,SHFE.ag2606,2026-05-11 14:15:00,19863.0,19863.0,0.0,1.0,1.0058538327737363
2026-05-18 21:00:00,SHFE.ag2606,SHFE.ag2608,2026-05-18 14:45:00,18576.0,18607.0,0.16688199827734618,1.0016688199827735,1.0058538327737363
2026-05-21 14:45:00,SHFE.ag2608,SHFE.ag2609,2026-05-21 14:30:00,18401.0,18415.0,0.07608282158577673,1.0007608282158578,1.004178040393665
2026-05-21 21:00:00,SHFE.ag2609,SHFE.ag2608,2026-05-21 14:45:00,18314.0,18314.0,0.0,1.0,1.003414614242945
2026-05-22 14:30:00,SHFE.ag2608,SHFE.ag2611,2026-05-22 14:15:00,18705.0,18737.0,0.1710772520716386,1.0017107725207164,1.003414614242945
2026-05-22 14:45:00,SHFE.ag2611,SHFE.ag2608,2026-05-22 14:30:00,18700.0,18700.0,0.0,1.0,1.0017009318148202
2026-07-17 21:00:00,SHFE.ag2608,SHFE.ag2610,2026-07-17 14:45:00,13522.0,13545.0,0.1700931814820228,1.0017009318148202,1.0017009318148202
