instrument,horizon,feature_set,model,oos_rows,crossing_rate,ordered_share,interval_80_coverage_ordered,interval_score,baseline_interval_score,interval_score_skill,q50_spearman,q50_sign_accuracy,positive_interval_skill_fold_share,median_fold_interval_skill,q50_decile_monotonicity,q50_top_minus_bottom_median,width_abs_return_monotonicity,width_path_range_monotonicity,width_top_minus_bottom_path_range,q10_pinball_skill,q50_pinball_skill,q90_pinball_skill,mean_pinball_skill,tail_pinball_skill,abs_interval_coverage_error
AG,4,F1_DIRECTION,linear_qr,2250,0.0,1.0,0.8177777777777778,0.032969343855286715,0.032909160982448386,-0.0018287574353665903,-0.04409776684703883,0.4928888888888889,0.6,0.0039976460399197,-0.5151515151515151,-3.979343461520005e-05,0.8424242424242423,0.8181818181818182,0.0038947149682131005,-0.0039988430438133715,-0.006055833509248654,0.00043109521171991183,-0.003207860447114038,-0.0017838739160467298,0.01777777777777778
AG,4,F1_DIRECTION,gbr_quantile,2250,0.0,1.0,0.8111111111111111,0.03163930626304596,0.032909160982448386,0.03858666345458295,0.010359222323922904,0.5008888888888889,0.8,0.047270007943694736,-0.10303030303030303,-0.0020862599227355,0.9515151515151514,0.8787878787878788,0.008056719256287,0.04613550897062457,-0.010791445499778174,0.03072555490869444,0.022023206126513612,0.03843053193965951,0.011111111111111072
AG,4,F2_ACTIVITY,linear_qr,2250,0.0,1.0,0.8168888888888889,0.03308046138531374,0.032909160982448386,-0.0052052497770063155,-0.04399938275857416,0.4888888888888889,0.6,0.002346991801912335,-0.8145934285312865,-0.0013735849160852,0.7818181818181817,0.7333333333333332,0.0032648518930221,-0.00584332583780256,-0.007283102719396917,-0.004540779274358586,-0.005889069277186021,-0.005192052556080573,0.016888888888888842
AG,4,F2_ACTIVITY,gbr_quantile,2250,0.0,1.0,0.8066666666666666,0.03170583015000193,0.032909160982448386,0.036565223680063874,-0.009716150423086814,0.4955555555555556,0.8,0.04429147705500369,-0.5757575757575757,-0.0016918711329834,0.8424242424242423,0.8787878787878788,0.0074253333334845,0.04259258764347906,-0.011836111823052109,0.03028853378605345,0.020348336535493467,0.03644056071476626,0.006666666666666599
AG,4,F3_VOL,linear_qr,2250,0.0,1.0,0.8155555555555556,0.03296697842743801,0.032909160982448386,-0.0017568799466038953,-0.012875014647542468,0.49377777777777776,0.8,0.0046737355738341035,-0.16363636363636364,-0.0008373456633275,0.6484848484848483,0.8545454545454544,0.0026881010322923997,0.0020237954914607004,-0.007984719202082324,-0.005693945545872214,-0.0038849564188312793,-0.001835075027205757,0.015555555555555545
AG,4,F3_VOL,gbr_quantile,2250,0.0,1.0,0.7973333333333333,0.031672918820508586,0.032909160982448386,0.03756528957390104,-0.024648526540463525,0.49955555555555553,0.8,0.04768968862508938,-0.29696969696969694,-0.0009648877588514,0.9393939393939393,0.9636363636363635,0.007548811445322101,0.0450370906554024,-0.014068364676103284,0.029784412456976495,0.020251046145425205,0.03741075155618945,0.002666666666666706
AG,8,F1_DIRECTION,linear_qr,2250,0.0,1.0,0.8182222222222222,0.048872919955328276,0.048232145169491314,-0.013285222616270298,0.0083134320530757,0.5133333333333333,0.4,-0.012707685615321429,0.1515151515151515,-0.0008425287864397999,0.4787878787878787,0.7575757575757575,0.0038361197607416995,-5.966971549975497e-06,-0.005164857121326971,-0.027060257058884263,-0.010743693717253736,-0.01353311201521712,0.01822222222222214
AG,8,F1_DIRECTION,gbr_quantile,2250,0.0,1.0,0.8106666666666666,0.047425260150932916,0.048232145169491314,0.016729196176594407,0.056131771751777304,0.5342222222222223,0.8,0.00731985335362928,0.4666666666666666,0.0020075914462723,0.7939393939393938,0.7212121212121211,0.007899612475031998,0.035170818776341095,-0.00445798929285357,-0.00240094133154245,0.009437296050648358,0.016384938722399323,0.010666666666666602
AG,8,F2_ACTIVITY,linear_qr,2250,0.0,1.0,0.8204444444444444,0.04889458855169725,0.048232145169491314,-0.01373447894299673,0.007177913800794708,0.5115555555555555,0.4,-0.009874150126242487,0.19999999999999998,-0.0014033301279692,0.4424242424242424,0.6121212121212121,0.0031063667780926,-0.006104700650333861,-0.008195561600057077,-0.021649113737510106,-0.011983125329300348,-0.013876907193921983,0.020444444444444376
AG,8,F2_ACTIVITY,gbr_quantile,2250,0.0,1.0,0.8022222222222222,0.04759226403063887,0.048232145169491314,0.013266694578975446,0.029357405347570746,0.5137777777777778,0.6,0.007229806387238025,0.6727272727272726,0.0009171359260083,0.8909090909090909,0.9757575757575757,0.008906888426020916,0.021318100409627783,-0.008074117691162952,0.00491469085256202,0.006052891190342284,0.013116395631094901,0.0022222222222221255
AG,8,F3_VOL,linear_qr,2250,0.0008888888888888889,0.9991111111111111,0.8131672597864769,0.04943241558363613,0.04824558745046237,-0.024599723951799213,0.03245209776356777,0.5182222222222223,0.2,-0.01071967096068649,0.33333333333333326,0.0012679407833782002,0.24848484848484845,0.709090909090909,0.0036960232556470986,-0.021885686925795955,-0.01099284856906646,-0.026514885761771856,-0.019797807085544756,-0.024200286343783906,0.013167259786476815
AG,8,F3_VOL,gbr_quantile,2250,0.0,1.0,0.8066666666666666,0.04775029290682563,0.048232145169491314,0.009990272275313905,0.04586798398295744,0.5128888888888888,0.8,0.013246085200448232,0.5393939393939393,0.0024987246663188997,0.7939393939393938,0.9151515151515152,0.0082417332039142,0.016935904685096648,-0.009160407576298546,0.002785325836276553,0.003520274315024885,0.0098606152606866,0.006666666666666599
AG,16,F1_DIRECTION,linear_qr,2250,0.0,1.0,0.8426666666666667,0.06801276009378508,0.06708733141252803,-0.01379438802784505,0.07429288648009438,0.5271111111111111,0.2,-0.008015220058619654,0.6848484848484848,0.006088146260544099,0.6727272727272726,0.8666666666666665,0.004010791465073899,0.0026800232838194438,0.003582784566426578,-0.031134270768997663,-0.00829048763958388,-0.01422712374258911,0.04266666666666663
AG,16,F1_DIRECTION,gbr_quantile,2250,0.0,1.0,0.8226666666666667,0.06779883022977114,0.06708733141252803,-0.01060556147133096,0.07102756661914486,0.504,0.4,-0.010790298654148378,0.406060606060606,0.006082061590524599,0.6606060606060605,0.8424242424242423,0.0020605933963292015,0.0070784481094893215,-0.007847329388463553,-0.029218587862612777,-0.00999582304719567,-0.011070069876561728,0.022666666666666613
AG,16,F2_ACTIVITY,linear_qr,2250,0.00044444444444444447,0.9995555555555555,0.840373499333037,0.06772803244388736,0.06707925646055762,-0.009671782568299925,0.06426152496721574,0.516,0.4,-0.009188378867865055,0.6727272727272726,0.0070590371788399,0.5636363636363636,0.8424242424242423,0.0040320189801080035,0.000380240655468822,0.0015167809571151603,-0.0217677346525047,-0.006623571013306906,-0.010693746998517939,0.04037349933303691
AG,16,F2_ACTIVITY,gbr_quantile,2250,0.0,1.0,0.8222222222222222,0.06729778323384165,0.06708733141252803,-0.0031369830470604487,0.037456291717033144,0.49644444444444447,0.6,0.0026929543115904453,0.2727272727272727,0.00414260119049,0.8060606060606059,0.9151515151515152,0.0068877413564414,0.012289005711847989,-0.014162543236510894,-0.0193733651056065,-0.007082300876756468,-0.003542179696879255,0.022222222222222143
AG,16,F3_VOL,linear_qr,2250,0.0013333333333333333,0.9986666666666667,0.8384512683578104,0.0676489639524153,0.06709453153881838,-0.008263451594056503,0.059813174301437504,0.5182222222222223,0.2,-0.011113927979032878,0.6242424242424242,0.0068670778477444,0.709090909090909,0.8545454545454544,0.0066415438520941,0.0001852191850266749,-0.0014947597253638367,-0.02303032785466219,-0.008113289464999784,-0.011422554334817758,0.03845126835781032
AG,16,F3_VOL,gbr_quantile,2250,0.0,1.0,0.8155555555555556,0.06717033553463883,0.06708733141252803,-0.001237254789587583,0.01244414678017782,0.5,0.4,-0.0005947396877508115,0.35757575757575755,0.0025790384030911,0.9030303030303028,0.9030303030303028,0.005152149251532501,0.022510839638223534,-0.016901675383179438,-0.02623293839331753,-0.006874591379424477,-0.0018610493775469972,0.015555555555555545
CU,4,F1_DIRECTION,linear_qr,2250,0.0,1.0,0.8471111111111111,0.010517147329960697,0.010414576961892559,-0.00984873110482054,0.029836407306893718,0.5106666666666667,0.0,-0.0060402211178907095,0.5215116512688716,9.286344437188386e-05,0.3696969696969697,0.6484848484848483,0.0002608273629821005,-0.008200845250665667,-0.0007669682250761589,-0.011470786706879288,-0.006812866727540372,-0.009835815978772477,0.047111111111111104
CU,4,F1_DIRECTION,gbr_quantile,2250,0.0,1.0,0.8368888888888889,0.010317745972368609,0.010414576961892559,0.009297640209320002,-0.01438073006149812,0.49777777777777776,0.8,0.017621566937575994,-0.42520767164689127,-0.00028444583157126,0.9515151515151514,0.9636363636363635,0.0024087853626003,0.002467636067724377,-0.006809301292498793,0.01602058552257002,0.0038929734325985343,0.009244110795147198,0.03688888888888886
CU,4,F2_ACTIVITY,linear_qr,2250,0.0017777777777777779,0.9982222222222222,0.8455031166518254,0.010523923347430917,0.010419585560750741,-0.010013621566024922,0.025115497006751312,0.5057777777777778,0.2,-0.00895769684972536,0.09203146787097731,0.0001944957703302,0.8424242424242423,0.9030303030303028,0.0005364868258475996,-0.01122672623645049,-0.0028155727312910717,-0.015173340416893888,-0.00973854646154515,-0.01320003332667219,0.04550311665182538
CU,4,F2_ACTIVITY,gbr_quantile,2250,0.0,1.0,0.8346666666666667,0.010347746010765728,0.010414576961892559,0.006417058644952012,-0.043168622650076795,0.4951111111111111,0.8,0.013661062863780882,-0.5440156975482284,-0.0006555821351395,0.7696969696969697,0.7939393939393938,0.0022932364967800005,0.0029225034649102977,-0.010293449113937037,0.00985683743314869,0.0008286305947073173,0.006389670449029494,0.03466666666666662
CU,4,F3_VOL,linear_qr,2250,0.0017777777777777779,0.9982222222222222,0.8459483526268923,0.010513010015679567,0.010419585560750741,-0.008966235210039697,0.020245310236803357,0.49822222222222223,0.2,-0.006478753706264273,0.07976060548818034,0.0003787228835828905,0.4787878787878787,0.8181818181818182,0.0009963616085896998,-0.014471079298857825,-0.0031270258808953066,-0.009615357253386358,-0.00907115414437983,-0.012043218276122092,0.04594835262689223
CU,4,F3_VOL,gbr_quantile,2250,0.0,1.0,0.8302222222222222,0.010328239165259346,0.010414576961892559,0.008290091565805069,-0.049378610175814935,0.49466666666666664,0.8,0.018189259063776775,-0.6687619998624351,-0.0004816168117294,0.9999999999999999,0.9999999999999999,0.0020945010906769004,1.2886461804750837e-05,-0.010585406235709138,0.016437553281362427,0.0019550111691526797,0.008225219871583589,0.03022222222222215
CU,8,F1_DIRECTION,linear_qr,2250,0.0,1.0,0.8648888888888889,0.015176533412342636,0.01509895637044743,-0.005137907547507314,0.07005206183860724,0.5168888888888888,0.4,-0.008948808773865835,0.8181818181818182,0.0009270868383585999,0.23636363636363633,0.6969696969696969,0.0016679621578092,-0.00260092018290492,-0.0005694766517421179,-0.007740494524173691,-0.003636963786273576,-0.0051707073535393056,0.06488888888888888
CU,8,F1_DIRECTION,gbr_quantile,2250,0.0,1.0,0.8466666666666667,0.015127959231593512,0.01509895637044743,-0.0019208520400024742,0.02120308242494929,0.5111111111111111,0.6,0.013634669704311375,0.3039527718400323,0.00028680832809948166,0.8787878787878788,0.9393939393939393,0.0015216016451329003,-0.005547030382214269,-0.011674024080959855,0.0017990894386923362,-0.0051406550081605955,-0.0018739704717609662,0.046666666666666634
CU,8,F2_ACTIVITY,linear_qr,2250,0.0017777777777777779,0.9982222222222222,0.8619768477292965,0.015277594233455009,0.015105315579963169,-0.011405167444522801,0.06156789693981094,0.5133333333333333,0.2,-0.011692095689996851,0.7575757575757575,0.0007565668001628,0.3696969696969697,0.9030303030303028,0.0013032594746736998,-0.01723747406317022,-0.007404329178521074,-0.018394113489724973,-0.014345305577138756,-0.017815793776447597,0.06197684772929646
CU,8,F2_ACTIVITY,gbr_quantile,2250,0.0,1.0,0.8448888888888889,0.015220978836430308,0.01509895637044743,-0.008081516562410185,0.06577864221675316,0.5293333333333333,0.6,0.00046592993857585974,0.3939393939393939,0.0009607093857714,0.32121212121212117,0.9030303030303028,0.0012894908298718994,-0.010277381095657123,-0.00784808538932924,-0.00582887292827583,-0.00798477980442073,-0.008053127011966477,0.04488888888888887
CU,8,F3_VOL,linear_qr,2250,0.0035555555555555557,0.9964444444444445,0.8568242640499554,0.01534096102236805,0.015107213662268,-0.015472565975806596,0.0701757357015206,0.5262222222222223,0.2,-0.014453971234676066,0.7575757575757575,0.0008316130478117999,0.006060606060606061,0.8181818181818182,0.0014562387729295002,-0.022668589285393503,-0.008330176944569168,-0.02126535146684816,-0.01742137256560361,-0.02196697037612083,0.05682426404995533
CU,8,F3_VOL,gbr_quantile,2250,0.0,1.0,0.8408888888888889,0.01520771122623268,0.01509895637044743,-0.007202806148782104,0.055413230424535255,0.5266666666666666,0.6,0.0027786284630706426,0.6363636363636362,0.0008484301665159,0.6848484848484848,0.8545454545454544,0.0012236933072408002,-0.010481835262357908,-0.007336204415114844,-0.0038389902361875006,-0.007219009971220085,-0.007160412749272704,0.040888888888888864
CU,16,F1_DIRECTION,linear_qr,2250,0.0,1.0,0.8702222222222222,0.022392205100916517,0.022006064201515917,-0.017547022305515192,0.07992202869562677,0.5355555555555556,0.2,-0.0036237981909037487,0.7575757575757575,0.0014458546033113,0.29696969696969694,0.9515151515151514,0.0036478022233076,-0.013822431966402648,-0.00011870791438717276,-0.021288119698488872,-0.01174308652642623,-0.01755527583244576,0.07022222222222219
CU,16,F1_DIRECTION,gbr_quantile,2250,0.0,1.0,0.8591111111111112,0.02202716802137714,0.022006064201515917,-0.0009590001950356974,0.06479842590519863,0.5324444444444445,0.8,0.01163729908265354,0.4545454545454545,-6.478052552609992e-05,-0.07878787878787878,0.8666666666666665,0.0025537647186482998,-0.01396267249308547,-0.005148568762510131,0.012102303224686861,-0.00233631267696958,-0.0009301846341993047,0.059111111111111114
CU,16,F2_ACTIVITY,linear_qr,2250,0.0026666666666666666,0.9973333333333333,0.8685383244206774,0.02246529504134365,0.022015195501533857,-0.020444948571019195,0.08185181368546303,0.5364444444444444,0.2,-0.011247062569491817,0.6,0.0018294092700541001,0.2121212121212121,0.5757575757575757,0.002033751581846599,-0.017351623919543258,-0.003534569468053528,-0.026627873599105012,-0.015838022328900598,-0.021989748759324135,0.06853832442067731
CU,16,F2_ACTIVITY,gbr_quantile,2250,0.0,1.0,0.8484444444444444,0.022477501275759558,0.022006064201515917,-0.021423052751575966,0.058271347410738916,0.5262222222222223,0.4,-0.006698142283283026,0.8303030303030302,0.0007652864265013318,-0.07878787878787878,0.6969696969696969,0.0005794061513183998,-0.0417216654804915,-0.01769312687618152,-0.001034478372354819,-0.020149756909675947,-0.02137807192642316,0.0484444444444444
CU,16,F3_VOL,linear_qr,2250,0.0022222222222222222,0.9977777777777778,0.8708240534521158,0.02249643707956793,0.022013576528519714,-0.021934670653023902,0.08343142058608907,0.5342222222222223,0.2,-0.010955935196892419,0.5272727272727272,0.0018238110597947003,0.3696969696969697,0.7939393939393938,0.0033407933540301003,-0.023226735734842352,-0.003180512586177686,-0.023987719912286654,-0.016798322744435563,-0.023607227823564503,0.07082405345211573
CU,16,F3_VOL,gbr_quantile,2250,0.0,1.0,0.8475555555555555,0.022446435262138808,0.022006064201515917,-0.020011350352806545,0.06761497791080506,0.5351111111111111,0.4,-0.00421426340802511,0.8181818181818182,0.0011499235548121276,0.1515151515151515,0.9030303030303028,0.0008906366612628997,-0.043568355628816,-0.010647414895189833,0.0036500574801259233,-0.016855237681293305,-0.01995914907434504,0.04755555555555546
AL,4,F1_DIRECTION,linear_qr,2250,0.0,1.0,0.8435555555555555,0.010242512531937295,0.010227903285392597,-0.0014283715965093258,0.06316646784370598,0.5155555555555555,0.4,-0.0009020327090407676,0.34139437099945946,0.0006280749709241,0.5030303030303029,0.7575757575757575,0.0004364206005199995,-0.005793151645391292,-0.0014801760721518953,0.003421868593760591,-0.0012838197079275322,-0.0011856415258153508,0.04355555555555546
AL,4,F1_DIRECTION,gbr_quantile,2250,0.0,1.0,0.8293333333333334,0.009902857129132522,0.010227903285392597,0.031780331431594866,0.045399304770438326,0.5173333333333333,1.0,0.03631691828541561,0.21885688981825283,0.00023102567442710001,0.9393939393939393,0.9151515151515152,0.0030755090575145002,0.029368852070866147,-0.00741932249826549,0.03446002066734677,0.01880318341331581,0.03191443636910646,0.029333333333333322
AL,4,F2_ACTIVITY,linear_qr,2250,0.0013333333333333333,0.9986666666666667,0.8437917222963952,0.01024272018355202,0.010232257074598202,-0.0010225611883609709,0.052090436124560276,0.5128888888888888,0.4,-0.0018747988265315207,0.32515880772997563,0.00040734849120609997,0.8666666666666665,0.9757575757575757,0.0009556082070411001,-0.007215272547087759,-0.004872540960043192,0.0018328650972092575,-0.0034183161366405646,-0.0026912037249392506,0.043791722296395164
AL,4,F2_ACTIVITY,gbr_quantile,2250,0.0,1.0,0.8208888888888889,0.009988974830298113,0.010227903285392597,0.023360453108284607,0.042666864251180596,0.5093333333333333,1.0,0.014517297015711694,0.43146072564169846,0.0002091653339019,0.9393939393939393,0.9515151515151514,0.0028985983353507997,0.018857118520315574,-0.008439304250267732,0.02836465816883349,0.012927490812960444,0.023610888344574532,0.020888888888888846
AL,4,F3_VOL,linear_qr,2250,0.0013333333333333333,0.9986666666666667,0.8384512683578104,0.010292244982655765,0.010232257074598202,-0.005862627142791732,0.051860141655125126,0.5142222222222222,0.4,-0.0016360420270655762,0.46015733935488656,0.00039445740228650003,0.6848484848484848,0.8424242424242423,0.0009476621512248002,-0.01719884197991739,-0.012558634919440204,0.000856066737382144,-0.00963380338732515,-0.008171387621267623,0.03845126835781032
AL,4,F3_VOL,gbr_quantile,2250,0.0,1.0,0.8297777777777777,0.009940948038536415,0.010227903285392597,0.02805611657141971,0.03661992203448982,0.5053333333333333,1.0,0.01850766568269091,0.42334475220649564,0.00019490833863519994,0.9636363636363635,0.9757575757575757,0.0029847929346328997,0.022132899907960857,-0.00884212076699642,0.0346381260186408,0.015976301719868413,0.02838551296330083,0.02977777777777768
AL,8,F1_DIRECTION,linear_qr,2250,0.0,1.0,0.8493333333333334,0.01480019596381493,0.014667823029171126,-0.009024715827327778,0.024848693264585196,0.49066666666666664,0.2,-0.014385761919424978,-0.09203146787097731,-0.0004107632167289,0.7818181818181817,0.41818181818181815,0.00020109364746990002,-0.021632781526552902,-0.010318924161800913,0.006226159019270261,-0.008575182223027852,-0.007703311253641321,0.04933333333333334
AL,8,F1_DIRECTION,gbr_quantile,2250,0.0,1.0,0.8311111111111111,0.01479516255539629,0.014667823029171126,-0.008681555945412978,0.04600328910680911,0.5128888888888888,0.6,0.006017434073662953,0.309090909090909,-5.932548182900003e-06,0.709090909090909,0.6969696969696969,0.0009258086038080003,-0.016795731686676252,-0.011008505510909039,0.001133453086536007,-0.008890261370349761,-0.007831139300070122,0.03111111111111109
AL,8,F2_ACTIVITY,linear_qr,2250,0.0017777777777777779,0.9982222222222222,0.8490650044523598,0.014860341222546399,0.014675211442146441,-0.012615135470435135,0.01258541326487073,0.4862222222222222,0.2,-0.013571644939302852,-0.06686960980480709,-0.000217462216797,0.6121212121212121,0.29696969696969694,0.00029009014765479964,-0.030685792664472133,-0.011436115983505246,-0.0015289103199020992,-0.014550272989293159,-0.016107351492187116,0.04906500445235973
AL,8,F2_ACTIVITY,gbr_quantile,2250,0.0,1.0,0.8315555555555556,0.01480880311036003,0.014667823029171126,-0.009611520462752043,0.04046058220530512,0.5075555555555555,0.4,-0.0017182841001899263,0.2249250511616239,-0.00022429876781050002,0.16363636363636364,0.0303030303030303,0.0007620383604952001,-0.011072893365880132,-0.012777692764065929,-0.007843825418842654,-0.010564803849596238,-0.009458359392361393,0.03155555555555556
AL,8,F3_VOL,linear_qr,2250,0.0035555555555555557,0.9964444444444445,0.8425512934879572,0.014960876491504864,0.014671940756215975,-0.01969308219612853,0.036088230311078516,0.49733333333333335,0.2,-0.013956168054508833,0.11550205329921227,-0.00044413115692460006,0.6606060606060605,0.05454545454545454,-5.4632505467199985e-05,-0.04788801509145224,-0.016528669945468533,-0.009359926101941252,-0.02459220371295401,-0.028623970596696746,0.042551293487957165
AL,8,F3_VOL,gbr_quantile,2250,0.0,1.0,0.8364444444444444,0.0148576670065629,0.014667823029171126,-0.012942887094711697,0.031541879709181646,0.5106666666666667,0.2,-0.007442173015899112,0.2796365500928297,-0.0002087739282389,0.3939393939393939,0.29696969696969694,0.0008563095119645996,-0.01154869755320398,-0.021116399911091266,-0.014629316299414441,-0.01576480458790323,-0.01308900692630921,0.03644444444444439
AL,16,F1_DIRECTION,linear_qr,2250,0.003111111111111111,0.9968888888888889,0.8430673205528311,0.021822537666196695,0.02154891694953124,-0.01269765516783461,0.04527468601209958,0.5053333333333333,0.2,-0.013858002581192963,0.32121212121212117,0.0002097406345493,-0.7333333333333332,-0.4787878787878787,-7.974559005720014e-05,-0.007111562305526897,-0.013892943535708913,-0.024499222595123715,-0.015167909478786509,-0.015805392450325306,0.04306732055283102
AL,16,F1_DIRECTION,gbr_quantile,2250,0.0,1.0,0.8306666666666667,0.021881515057320347,0.02153126033205043,-0.01626726535596923,0.00589292167215101,0.512,0.6,0.013909482053737765,0.41818181818181815,6.904588724900007e-06,-0.406060606060606,0.09118583155200968,0.00015714742326230005,-0.008675932683536614,-0.024091942735861904,-0.027131676869163623,-0.019966517429520714,-0.01790380477635012,0.03066666666666662
AL,16,F2_ACTIVITY,linear_qr,2250,0.0026666666666666666,0.9973333333333333,0.838680926916221,0.021922614655349386,0.0215463878312901,-0.017461248122198958,0.04600320012813357,0.5226666666666666,0.2,-0.0238016427958343,0.38181818181818183,-0.00021155978677100002,-0.6121212121212121,-0.49090909090909085,-0.0002328090384090993,-0.014687552097852441,-0.01716387051489998,-0.025150613265603194,-0.01900067862611854,-0.019919082681727818,0.03868092691622094
AL,16,F2_ACTIVITY,gbr_quantile,2250,0.0,1.0,0.8306666666666667,0.02198283371915588,0.02153126033205043,-0.020972919380537247,0.008508443513758783,0.5275555555555556,0.6,0.008210710604629856,0.35757575757575755,0.00040732201492539995,-0.6969696969696969,-0.6,-0.0008941087242946002,-0.016287742641372338,-0.025607062953903137,-0.027678156827340095,-0.02319098747420519,-0.021982949734356216,0.03066666666666662
AL,16,F3_VOL,linear_qr,2250,0.0017777777777777779,0.9982222222222222,0.844612644701692,0.02215322620730737,0.02152587476547385,-0.029144062606912158,0.035726953626492995,0.5097777777777778,0.0,-0.031629911648425324,0.3939393939393939,-0.00025123128796649996,-0.406060606060606,-0.23636363636363633,0.000431544114901,-0.01880785112119887,-0.02064539534520593,-0.0506910277782564,-0.030048091414887068,-0.03474943944972764,0.044612644701691906
AL,16,F3_VOL,gbr_quantile,2250,0.0,1.0,0.8297777777777777,0.02213560749390659,0.02153126033205043,-0.028068359795759834,-0.03345352817822615,0.49422222222222223,0.6,0.00871434726125353,-0.10303030303030303,-0.0002011033629702,-0.49090909090909085,-0.5636363636363636,-0.0007577545983131996,-0.025498112344465973,-0.029994483296491792,-0.03174679508591671,-0.02907979690895816,-0.028622453715191343,0.02977777777777768
SN,4,F1_DIRECTION,linear_qr,2250,0.0,1.0,0.86,0.02268881707844281,0.022587069741208433,-0.004504671849874686,0.035601687433341404,0.5102222222222222,0.6,0.0013668506735922126,0.34545454545454546,0.0011959117015001,0.8303030303030302,0.9272727272727272,0.0036155579691956995,-0.010557284036218917,-0.00793353565169519,0.001770494403291134,-0.005573441761540991,-0.004393394816463891,0.05999999999999994
SN,4,F1_DIRECTION,gbr_quantile,2250,0.0,1.0,0.8462222222222222,0.0218207986376831,0.022587069741208433,0.03392521085315148,0.021147711216144855,0.508,0.8,0.05538109359324506,-0.01818181818181818,-9.437188850520812e-05,0.9757575757575757,0.9636363636363635,0.0077589506505186985,0.019897158796047476,-0.012077792189049585,0.04846907326432692,0.018762813290441605,0.0341831160301872,0.046222222222222165
SN,4,F2_ACTIVITY,linear_qr,2250,0.0017777777777777779,0.9982222222222222,0.8606411398040962,0.022714555378619404,0.022597016253651094,-0.005201532965632971,0.0515908685126731,0.5155555555555555,0.6,0.010468310633253486,0.406060606060606,0.0010137301071083,0.8545454545454544,0.9515151515151514,0.003686392027290899,-0.02114236339100839,-0.008678964205391937,0.0034365176973220057,-0.008794936633026107,-0.008852922846843192,0.060641139804096134
SN,4,F2_ACTIVITY,gbr_quantile,2250,0.0,1.0,0.8444444444444444,0.02195634033993863,0.022587069741208433,0.02792435709883534,0.02144938424380457,0.49955555555555553,1.0,0.03570434749263618,-0.0303030303030303,-0.0002784898173594,0.9393939393939393,0.9878787878787878,0.007128613437002799,0.0137206640614016,-0.009760711861983795,0.0426503187951629,0.015536756998193568,0.02818549142828225,0.0444444444444444
SN,4,F3_VOL,linear_qr,2250,0.0017777777777777779,0.9982222222222222,0.850845948352627,0.022418983649702014,0.022597016253651094,0.007878589011516723,0.05202328210969693,0.5053333333333333,0.8,0.012228268147584598,0.5030303030303029,0.0013487916368841,0.9636363636363635,0.9515151515151514,0.004550371338151585,-0.018550490105787576,-0.011427878899464172,0.02410263605263152,-0.001958577650873409,0.0027760729734219725,0.0508459483526269
SN,4,F3_VOL,gbr_quantile,2250,0.0,1.0,0.8426666666666667,0.02203941624253889,0.022587069741208433,0.024246327874500206,0.02600804910314188,0.5088888888888888,1.0,0.00964657392968482,0.006060606060606061,-0.00021184138429959133,0.8787878787878788,0.9757575757575757,0.007459737940690199,0.005307003371302077,-0.009853708722056265,0.04388204982747268,0.013111781492239497,0.02459452659938738,0.04266666666666663
SN,8,F1_DIRECTION,linear_qr,2250,0.0,1.0,0.8533333333333334,0.03274278915594728,0.03253150580159015,-0.006494730236151547,0.1100989362789929,0.544,0.6,0.007123739208775848,0.7818181818181817,0.0023261972199378,0.9030303030303028,0.9515151515151514,0.00604002177284,-0.012841454029802524,-0.010007405611758502,9.19608139782202e-05,-0.007585632942527602,-0.006374746607912152,0.053333333333333344
SN,8,F1_DIRECTION,gbr_quantile,2250,0.0,1.0,0.8342222222222222,0.032452296553960557,0.03253150580159015,0.0024348472558476386,0.0921619100339581,0.5253333333333333,0.8,0.041812928505238656,0.6242424242424242,0.0014577798370988,0.8787878787878788,0.9636363636363635,0.005839941813919199,-0.017358793545785733,-0.01277677298568869,0.02297687822433292,-0.0023862294357138345,0.002809042339273593,0.034222222222222154
SN,8,F2_ACTIVITY,linear_qr,2250,0.0022222222222222222,0.9977777777777778,0.8481069042316258,0.0327280423509206,0.032548811528487834,-0.005506524325040063,0.11908037147110688,0.5484444444444444,0.6,0.022675744423824806,0.7696969696969697,0.0031925749125282002,0.8181818181818182,0.9636363636363635,0.0040612220788468,-0.023152496629501362,-0.012444304993725508,0.006562270189105268,-0.0096781771447072,-0.008295113220198047,0.04810690423162578
SN,8,F2_ACTIVITY,gbr_quantile,2250,0.0,1.0,0.8284444444444444,0.0324391899044302,0.03253150580159015,0.0028377382136255402,0.08695060620910597,0.528,0.8,0.02796293556925833,0.5878787878787878,0.0018035448567299,0.7939393939393938,0.9151515151515152,0.005389495941651399,-0.007250992390048117,-0.012331521392883626,0.013307919953827185,-0.002091531276368186,0.0030284637818895344,0.028444444444444383
SN,8,F3_VOL,linear_qr,2250,0.0008888888888888889,0.9991111111111111,0.8411921708185054,0.03229592468824412,0.03253807194611567,0.007441967006298178,0.12453337956202616,0.5435555555555556,0.6,0.04347971428990782,0.709090909090909,0.0031687001379,0.8424242424242423,0.9878787878787878,0.0068261013065580994,-0.02320408210485736,-0.014883506875863928,0.03294133277656397,-0.0017154187347191059,0.004868625335853305,0.04119217081850535
SN,8,F3_VOL,gbr_quantile,2250,0.0,1.0,0.8257777777777778,0.03238275907746446,0.03253150580159015,0.004572389763723095,0.10220478253977729,0.5377777777777778,0.6,0.022948506352406306,0.8545454545454544,0.0010464817486003,0.8545454545454544,0.9515151515151514,0.005848025024248499,-0.012575652228831391,-0.008572252339712039,0.022368792820146366,0.0004069627505343121,0.0048965702956574875,0.02577777777777779
SN,16,F1_DIRECTION,linear_qr,2250,0.00044444444444444447,0.9995555555555555,0.8523788350377945,0.04728808968059989,0.04638041239725916,-0.01957027194079819,0.14877703431845504,0.564,0.6,0.012293397129266803,0.8666666666666665,0.0041577254905229,0.9030303030303028,0.5636363636363636,0.001991319127402403,-0.02682530693035612,-0.011556883034367305,-0.011259914720259001,-0.016547368228327475,-0.01904261082530756,0.0523788350377945
SN,16,F1_DIRECTION,gbr_quantile,2250,0.0,1.0,0.8368888888888889,0.04643290961958632,0.04637602006384799,-0.0012267019821883274,0.12147615005656352,0.5395555555555556,0.6,0.05716520022371996,0.8787878787878788,0.0052445827547088,0.9757575757575757,0.8666666666666665,0.005834931947281097,-0.013654477121396447,-0.02468716771087065,0.012258463680856813,-0.008694393717136761,-0.000698006720269817,0.03688888888888886
SN,16,F2_ACTIVITY,linear_qr,2250,0.0017777777777777779,0.9982222222222222,0.8570792520035619,0.04734230291197137,0.046393612864990844,-0.020448721028502037,0.15260767369644404,0.5653333333333334,0.4,-0.003494599746650451,0.8181818181818182,0.003918806289461,0.8545454545454544,0.6848484848484848,0.0024128875375661017,-0.025141786199677663,-0.011386347564292576,-0.01861148410026403,-0.018379872621411424,-0.021876635149970847,0.0570792520035619
SN,16,F2_ACTIVITY,gbr_quantile,2250,0.0,1.0,0.828,0.04671589827519917,0.04637602006384799,-0.007328749014754887,0.12971974172151474,0.5506666666666666,0.6,0.052687792209956674,0.9272727272727272,0.0046000704178283,0.8666666666666665,0.7212121212121211,0.005948083434830796,-0.011064326996284679,-0.019085245997447542,-0.00327533741341135,-0.011141636802381191,-0.0071698322048480145,0.027999999999999914
SN,16,F3_VOL,linear_qr,2250,0.0013333333333333333,0.9986666666666667,0.8504672897196262,0.04724763899124219,0.04638920879260862,-0.018504954513695937,0.1503544012819012,0.5657777777777778,0.4,-0.009335675143049116,0.7939393939393938,0.0037039560876841,0.6848484848484848,0.8424242424242423,0.005174649077821503,-0.025425377794707327,-0.013423183351783496,-0.013213671482838807,-0.017354077543109876,-0.019319524638773067,0.05046728971962611
SN,16,F3_VOL,gbr_quantile,2250,0.0,1.0,0.828,0.04600126722713433,0.04637602006384799,0.008080745958745972,0.12357214847770362,0.5435555555555556,0.6,0.04848133117241504,0.7939393939393938,0.0036400011668192,0.7575757575757575,0.7454545454545454,0.007355166770953998,-0.0025420265497553274,-0.023966658868078694,0.01960733422361194,-0.0023004503980740276,0.008532653836928306,0.027999999999999914
I,4,F1_DIRECTION,linear_qr,2250,0.0,1.0,0.8097777777777778,0.01493651449639073,0.014885110904748571,-0.0034533563082663754,0.05257527717042205,0.5275555555555556,0.4,-0.00553475151562921,0.7006490497453706,0.0006255865077343,0.32121212121212117,0.7454545454545454,0.0011591060858106008,-0.004269358934378742,-0.0009665265948517465,-0.002679216351751501,-0.002638367293660663,-0.0034742876430651215,0.009777777777777774
I,4,F1_DIRECTION,gbr_quantile,2250,0.0,1.0,0.7964444444444444,0.014847408400059521,0.014885110904748571,0.0025329004889727003,0.0662195020029109,0.5297777777777778,0.6,0.006906972494196695,0.7720400404736821,0.0013386538808114,0.709090909090909,0.9272727272727272,0.0011608753246504,-0.0035906743048172984,0.0028058373394380665,0.008342322876696784,0.002519161970439184,0.0023758242859397427,0.003555555555555645
I,4,F2_ACTIVITY,linear_qr,2250,0.0,1.0,0.8053333333333333,0.01495268432070027,0.014885110904748571,-0.004539664929882559,0.047586430055873395,0.5257777777777778,0.4,-0.005073892131436386,0.8193464903987026,0.0006343165452139,0.23636363636363633,0.6969696969696969,0.001237683327033499,-0.00588072761759495,-0.0023889595947670372,-0.003267401609241549,-0.0038456962738678455,-0.0045740646134182494,0.005333333333333301
I,4,F2_ACTIVITY,gbr_quantile,2250,0.0,1.0,0.7924444444444444,0.014977233572926511,0.014885110904748571,-0.006188913792274819,0.07992251193196889,0.5417777777777778,0.6,0.000577546430232112,0.7988628281387351,0.0006404098841991,0.6727272727272726,0.9636363636363635,0.0009899147886192998,-0.012233096079846684,-0.0019329295081746967,-0.000454810906405978,-0.00487361216480912,-0.006343953493126331,0.007555555555555649
I,4,F3_VOL,linear_qr,2250,0.0017777777777777779,0.9982222222222222,0.8000890471950134,0.014947919061756548,0.014893469918123582,-0.0036559071816237854,0.06801084285935546,0.5306666666666666,0.6,0.002129364872181183,0.7510676161988107,0.0006555228028903,0.7696969696969697,0.9515151515151514,0.0013159015436620992,-0.0027148443158135915,-0.0010590891650974488,-0.012720533429477321,-0.00549815563679612,-0.007717688872645456,8.904719501334757e-05
I,4,F3_VOL,gbr_quantile,2250,0.0,1.0,0.7884444444444444,0.014936726500466417,0.014885110904748571,-0.0034675990019918945,0.04462393612376299,0.532,0.6,0.000334547725043044,0.49399126558977063,0.0006069802917766,0.8424242424242423,0.8545454545454544,0.0010223245342328002,-0.007287959984902503,-0.005822284663909771,0.0001567693401429704,-0.004317825102889768,-0.0035655953223797665,0.011555555555555652
I,8,F1_DIRECTION,linear_qr,2250,0.0,1.0,0.824,0.020844373650988367,0.02067799825407972,-0.008046010782297275,0.02919817371377282,0.5137777777777778,0.2,-0.00628753230233392,0.5315095895586142,0.0006961364708553,-0.6848484848484848,-0.3696969696969697,-0.0006808414328049982,-0.012486507948318737,-0.0011047078410608702,-0.0038352880627401387,-0.005808834617373249,-0.008160898005529438,0.02399999999999991
I,8,F1_DIRECTION,gbr_quantile,2250,0.0,1.0,0.8093333333333333,0.020717265665697395,0.02067799825407972,-0.0018989948221863617,-0.0007173830253765775,0.5084444444444445,0.4,-0.006194989036456322,0.1565900178643122,0.0,-0.709090909090909,0.13939393939393938,-0.0002388103428706996,-0.0010831679143918915,-0.00914697486665017,-0.0026726065974989055,-0.0043009164595136555,-0.0018778872559453985,0.009333333333333305
I,8,F2_ACTIVITY,linear_qr,2250,0.0013333333333333333,0.9986666666666667,0.8237650200267023,0.021020836770593503,0.020685020261460307,-0.016234768198843952,0.02004791760328108,0.5093333333333333,0.0,-0.0130372871394282,0.5627748595326502,0.0,-0.7696969696969697,-0.49090909090909085,-0.00036881887810479887,-0.013602166842707986,-0.005880081870034859,-0.019553794946990166,-0.013012014553244336,-0.016577980894849076,0.02376502002670222
I,8,F2_ACTIVITY,gbr_quantile,2250,0.0,1.0,0.8017777777777778,0.020688752884699475,0.02067799825407972,-0.0005201001802790373,0.006316631043684035,0.512,0.4,-0.007701536876632664,0.3189057537351684,-0.0006351222823849,-0.6484848484848483,0.5272727272727272,-0.00019646263912509974,-0.0007413429617759704,-0.011792570878996989,-0.00031030565237877283,-0.004281406497717244,-0.0005258243070773716,0.001777777777777767
I,8,F3_VOL,linear_qr,2250,0.0035555555555555557,0.9964444444444445,0.8157894736842105,0.02097587692667696,0.020697948713123103,-0.013427814389048276,0.027550126556496315,0.5168888888888888,0.2,-0.011776706090430134,0.43146072564169846,0.0006136851987628,-0.6969696969696969,0.5030303030303029,0.0002635710589062,-0.018250265938805077,-0.0037240269419192007,-0.0292135810750489,-0.01706262465192439,-0.02373192350692699,0.015789473684210464
I,8,F3_VOL,gbr_quantile,2250,0.0,1.0,0.8008888888888889,0.02058511251910854,0.02067799825407972,0.0044920080672147256,0.017782708286310688,0.5182222222222223,0.4,-0.003221200847086658,0.7510676161988107,0.0006709158252336,-0.5151515151515151,0.309090909090909,-7.450244911230003e-05,0.007425679612110048,-0.010141057481790394,0.0017101399646221038,-0.0003350793016860809,0.004567909788366076,0.000888888888888828
I,16,F1_DIRECTION,linear_qr,2250,0.0,1.0,0.7951111111111111,0.030526639372249066,0.030212884520841927,-0.010384802920446079,0.01327691795821276,0.5097777777777778,0.4,-0.005411138421860029,0.5315095895586142,0.0012254931101684,-0.8181818181818182,-0.32121212121212117,-0.0018094652533729005,-0.005747561380920363,-0.005945241969000037,-0.014969892421296649,-0.00888756525707235,-0.010358726901108506,0.004888888888888943
I,16,F1_DIRECTION,gbr_quantile,2250,0.0,1.0,0.7777777777777778,0.030938539321738522,0.030212884520841927,-0.02401805760704545,-0.005816084137267074,0.5151111111111111,0.4,-0.039980758315011355,0.17575757575757575,1.722124598410005e-05,-0.5757575757575757,-0.17575757575757575,-0.0003158422552122994,-0.022435118637585738,-0.010703303170641831,-0.02558319429175193,-0.0195738720333265,-0.024009156464668835,0.022222222222222254
I,16,F2_ACTIVITY,linear_qr,2250,0.0008888888888888889,0.9991111111111111,0.7904804270462633,0.03076264193039319,0.03021913196289646,-0.01798562474144072,-0.006403089879465796,0.5004444444444445,0.4,-0.009037252033783805,0.15021352323976214,0.0,-0.6484848484848483,-0.5030303030303029,-0.0014798463798039018,-0.004988070581570803,-0.01470124734163547,-0.030346836093597673,-0.016678718005601317,-0.017667453337584238,0.009519572953736732
I,16,F2_ACTIVITY,gbr_quantile,2250,0.0,1.0,0.7768888888888889,0.030957074469694274,0.030212884520841927,-0.024631542491051484,0.03507668933211709,0.5084444444444445,0.2,-0.02005098487348622,0.4194548251392446,0.0013242326614055,-0.6727272727272726,-0.10303030303030303,-0.0001428222429279008,-0.0226892408385988,-0.00915007509565302,-0.026552000340451132,-0.01946377209156765,-0.024620620589524966,0.023111111111111193
I,16,F3_VOL,linear_qr,2250,0.0026666666666666666,0.9973333333333333,0.7896613190730838,0.030715840290872015,0.030236223500027984,-0.015862324567206265,0.009497301726737153,0.5053333333333333,0.4,-0.004024317525844756,0.5092407888860745,0.0006343165452139,-0.7212121212121211,-0.19999999999999998,-0.00015092242545499887,-0.00733965382091184,-0.01412607245052322,-0.029817373084962462,-0.017094366452132508,-0.01857851345293715,0.010338680926916255
I,16,F3_VOL,gbr_quantile,2250,0.0,1.0,0.7755555555555556,0.03075934356566245,0.030212884520841927,-0.01808695374463687,0.02945448044265862,0.5093333333333333,0.4,-0.006313941582927862,0.3865321650581048,0.0018728033115398002,-0.7212121212121211,-0.1515151515151515,0.00012112958398799965,-0.011360361426051346,-0.00948951042821422,-0.024737896455635733,-0.0151959227699671,-0.01804912894084354,0.02444444444444449
SC,4,F1_DIRECTION,linear_qr,2250,0.0,1.0,0.776,0.035852556821194766,0.035647360932193374,-0.005756271534145485,0.06247036122874237,0.5146666666666667,0.4,-0.0012982083214094775,0.6443798763008685,0.0027398753263942997,-0.11515151515151514,0.19999999999999998,-0.00032036534287989936,-0.011114179262496027,0.0018920383418687958,-0.00037366596523602524,-0.003198602295287752,-0.005743922613866026,0.02400000000000002
SC,4,F1_DIRECTION,gbr_quantile,2250,0.0,1.0,0.768,0.03518862610855225,0.035647360932193374,0.01286868962091492,0.054848383510491025,0.5111111111111111,0.8,0.008960498506024206,0.34650615989763683,0.0019157217006804,0.9636363636363635,0.9636363636363635,0.007129019699879001,0.0023103932628351087,-0.0024025603695387865,0.023475655559219932,0.007794496150838752,0.01289302441102752,0.03200000000000003
SC,4,F2_ACTIVITY,linear_qr,2250,0.0013333333333333333,0.9986666666666667,0.7761459724076547,0.035970497671283755,0.035662206162184885,-0.008644768293268656,0.06359214014469255,0.5168888888888888,0.4,-0.0020087841560636477,0.6564911374796382,0.0017392527124518,0.09090909090909088,0.18787878787878787,-0.0008034272422575012,-0.02441059900718945,0.001295606294571816,-0.002265714233059546,-0.008460235648559059,-0.013338156620124497,0.02385402759234534
SC,4,F2_ACTIVITY,gbr_quantile,2250,0.0,1.0,0.7706666666666667,0.03526413155174067,0.035647360932193374,0.010750568076600797,0.04243691579908358,0.5062222222222222,0.8,0.00541711238361775,0.3282689935872349,0.0001874589938941,0.9757575757575757,0.9878787878787878,0.006948272116541998,0.0011533937104309944,-0.0058388162612177386,0.020391981629843015,0.005235519693018757,0.010772687670137004,0.029333333333333322
SC,4,F3_VOL,linear_qr,2250,0.0,1.0,0.772,0.03593559846397445,0.035647360932193374,-0.00808580282645166,0.06210418289281867,0.5164444444444445,0.4,-0.007804850604120395,0.8545454545454544,0.0009148986741115,-0.1515151515151515,0.04242424242424241,-0.0003125492572803,-0.017553425519672095,-0.0038090806684523137,0.001425461871746081,-0.006645681438792776,-0.008063981823963007,0.028000000000000025
SC,4,F3_VOL,gbr_quantile,2250,0.0,1.0,0.7657777777777778,0.035179033774234994,0.035647360932193374,0.01313777922716941,0.025700318465705085,0.49955555555555553,0.8,0.011365756165511498,0.13373921960961418,-0.0004932200048141,0.9515151515151514,0.9636363636363635,0.007407335023698301,-0.0019744866421766982,-0.007069400358524547,0.028319706679328593,0.006425273226209116,0.013172610018575948,0.034222222222222265
SC,8,F1_DIRECTION,linear_qr,2250,0.0,1.0,0.7782222222222223,0.05182490643732811,0.05160892004446108,-0.004185059340148012,0.09472641850353823,0.532,0.4,-0.0067361383875166325,0.8181818181818182,0.0035485732143912003,-0.17575757575757575,0.33333333333333326,0.0034383898363531014,-0.007376494696386127,0.005292527560653348,-0.0010497557864954654,-0.0010445743074094145,-0.004213125241440796,0.021777777777777785
SC,8,F1_DIRECTION,gbr_quantile,2250,0.0,1.0,0.7524444444444445,0.052017807664402956,0.05160892004446108,-0.007922809072338888,0.03287073848759548,0.5257777777777778,0.4,-0.0009127086670104312,0.6606060606060605,0.0011984579209601998,0.7454545454545454,0.7939393939393938,0.006526888799280399,-0.010092086168588477,-0.0024777297277609467,-0.0057916857909494635,-0.006120500562432962,-0.00794188597976897,0.04755555555555557
SC,8,F2_ACTIVITY,linear_qr,2250,0.0,1.0,0.7813333333333333,0.05172247487803626,0.05160892004446108,-0.0022002947063675116,0.08014013918367383,0.528,0.4,-0.003898823863659251,0.9240164263936982,0.0028163371032738998,0.24848484848484845,0.6848484848484848,0.003654388017191198,-0.0035063257533705094,0.0009851589290718055,-0.0009172344761656515,-0.0011461337668214517,-0.0022117801147680805,0.01866666666666672
SC,8,F2_ACTIVITY,gbr_quantile,2250,0.0,1.0,0.7511111111111111,0.05186192328092269,0.05160892004446108,-0.004902316038460919,0.011035703092688955,0.5137777777777778,0.4,-0.01294190833200326,0.19999999999999998,0.00029793443992420007,0.9030303030303028,0.8909090909090909,0.005232623222369198,-0.007147089361050574,-0.006031782513191697,-0.0026970243781732073,-0.005291965417471826,-0.0049220568696118905,0.04888888888888898
SC,8,F3_VOL,linear_qr,2250,0.0013333333333333333,0.9986666666666667,0.7774810858923008,0.05182325650397052,0.05161888372308495,-0.003959263861302187,0.06685476080359869,0.5177777777777778,0.4,-0.010277739766333616,0.7696969696969697,0.0018016106309416001,-0.01818181818181818,0.32121212121212117,0.0028471257282047992,0.0002604922262556819,-0.003481816458263731,-0.0075648562317660595,-0.003595393487924703,-0.003652182002755189,0.02251891410769924
SC,8,F3_VOL,gbr_quantile,2250,0.0,1.0,0.7528888888888889,0.05190445704422109,0.05160892004446108,-0.005726471305840253,0.0010736705490803752,0.5248888888888888,0.4,-0.014053398364478165,0.19999999999999998,0.0006532476122935001,0.9757575757575757,0.9515151515151514,0.0051128428876735,-0.007107824979107891,-0.006407014731080851,-0.004369413243491493,-0.005961417651226745,-0.005738619111299692,0.047111111111111104
SC,16,F1_DIRECTION,linear_qr,2250,0.0008888888888888889,0.9991111111111111,0.7882562277580071,0.07492733861188747,0.07341147769720362,-0.020648827162099037,0.12072906013815082,0.5373333333333333,0.0,-0.021335465907055262,0.6969696969696969,0.0085613491547985,0.2121212121212121,0.309090909090909,0.003848065874408498,-0.019747402910605727,0.00886083583996311,-0.023024723542327985,-0.011303763537656867,-0.021386063226466856,0.011743772241992967
SC,16,F1_DIRECTION,gbr_quantile,2250,0.0,1.0,0.7742222222222223,0.0744044569366824,0.07338762166467695,-0.013855678232108204,-0.00206499240931658,0.49244444444444446,0.2,-0.015279223660240815,0.47416632407045034,0.00013640255142050007,0.16363636363636364,0.6969696969696969,0.003094726540729297,-0.022443269293586532,-0.017292733336882637,-0.005354772858831902,-0.01503025849643369,-0.013899021076209217,0.02577777777777779
SC,16,F2_ACTIVITY,linear_qr,2250,0.004,0.996,0.7871485943775101,0.07508486763791243,0.07349139686881026,-0.02168241232299173,0.11718117427949086,0.5368888888888889,0.0,-0.017979786240365003,0.7454545454545454,0.0048766560369641,0.5272727272727272,0.43030303030303024,0.0046911082801511,-0.024828394569088585,0.00629653387298823,-0.034575098934809256,-0.01770231987696987,-0.02970174675194892,0.012851405622489986
SC,16,F2_ACTIVITY,gbr_quantile,2250,0.0,1.0,0.7662222222222222,0.07430726983351964,0.07338762166467695,-0.012531379924597408,0.007342318038005008,0.5195555555555555,0.2,-0.017720416174666465,0.6242424242424242,0.0011097162671111,0.10303030303030303,0.6242424242424242,0.008034183615870098,-0.020631274966519397,-0.01496469445489379,-0.0045132476227784935,-0.01336973901473056,-0.012572261294648945,0.033777777777777795
SC,16,F3_VOL,linear_qr,2250,0.004,0.996,0.784471218206158,0.07517039315338374,0.07349139686881026,-0.02284616099447212,0.12130657844817128,0.5395555555555556,0.0,-0.014287687498381274,0.7939393939393938,0.0071080398142089,0.4424242424242424,0.17629260766721874,0.004345957256036599,-0.02769968874904727,0.006728654444531301,-0.030537732025635922,-0.017169588776717298,-0.029118710387341595,0.015528781793842095
SC,16,F3_VOL,gbr_quantile,2250,0.0,1.0,0.764,0.07398592351342757,0.07338762166467695,-0.00815262622195867,0.012265081654523773,0.5248888888888888,0.2,-0.016902914715670292,0.5393939393939393,0.0011904278356002001,0.12727272727272726,0.7333333333333332,0.0081590302130045,-0.012542126834326872,-0.013781172368743322,-0.0038074345291378986,-0.010043577910736031,-0.008174780681732385,0.03600000000000003
M,4,F1_DIRECTION,linear_qr,2250,0.0,1.0,0.8542222222222222,0.012324315417704955,0.012105162192960175,-0.01810411304296533,0.010192004474395088,0.508,0.4,-0.010426242901789617,0.020483662259967568,0.0,0.32121212121212117,0.8787878787878788,0.0006429292330941997,-0.019852730446673572,-0.007259151544840359,-0.016444249421667,-0.014518710471060311,-0.018148489934170287,0.05422222222222217
M,4,F1_DIRECTION,gbr_quantile,2250,0.0,1.0,0.82,0.01194379239681627,0.012105162192960175,0.0133306595625583,0.004263648881796208,0.5093333333333333,0.8,0.014680418412316376,0.11607408613981622,0.0006430868388832,0.7696969696969697,0.9757575757575757,0.0016100476878522,0.028945905870416455,-0.006929576569023377,-0.0014920107534621696,0.00684143951597697,0.013726947558477143,0.019999999999999907
M,4,F2_ACTIVITY,linear_qr,2250,0.0017777777777777779,0.9982222222222222,0.8557435440783615,0.012267510309956452,0.012107965995071312,-0.013176805662493907,0.007513333504873308,0.512,0.4,-0.0015233195203365746,-0.0820233426908302,0.0,0.309090909090909,0.9393939393939393,0.0010441068102553007,-0.0409953432857848,-0.009704884651209111,-0.008326862958313086,-0.019675696965102334,-0.024661103122048944,0.05574354407836146
M,4,F2_ACTIVITY,gbr_quantile,2250,0.0,1.0,0.8222222222222222,0.012028567213766314,0.012105162192960175,0.006327464099440516,-0.028719417622515255,0.5031111111111111,0.6,0.011672756842911136,-0.32121212121212117,-0.0003296081701399,0.5272727272727272,0.9393939393939393,0.0015284956457999998,0.02196036913684729,-0.01238100236975992,-0.008511968649981938,0.00035579937236847786,0.006724200243432676,0.022222222222222143
M,4,F3_VOL,linear_qr,2250,0.005333333333333333,0.9946666666666667,0.8351206434316354,0.012170938747650762,0.012116728829664516,-0.0044739730292162605,0.01077558242210571,0.5008888888888889,0.6,0.0004581167175504719,0.0,0.0,0.6727272727272726,0.9393939393939393,0.0015858338862509997,-0.08269311180025185,-0.00935647465811007,-0.0005019919106878934,-0.030850526123016603,-0.04159755185546987,0.035120643431635346
M,4,F3_VOL,gbr_quantile,2250,0.0,1.0,0.8244444444444444,0.01181486556561866,0.012105162192960175,0.023981225754276858,-0.06178002340650768,0.48844444444444446,0.8,0.0294351465997702,-0.7032724042588865,-0.0009504198402738,0.7696969696969697,0.9878787878787878,0.0017326099019714003,0.03464596466123415,-0.01715856326308507,0.013857792174832517,0.010448397857660533,0.024251878418033335,0.02444444444444438
M,8,F1_DIRECTION,linear_qr,2250,0.0,1.0,0.8595555555555555,0.01795835375695274,0.017290729519534895,-0.03861168706985829,-0.046230063038550026,0.4782222222222222,0.2,-0.02743009172425892,-0.362677131698819,-0.000670690836677,0.23636363636363633,-0.09090909090909088,0.0007232040858927997,-0.022432019561800853,-0.006472727805753475,-0.05372522156962578,-0.027543322979060036,-0.03807862056571332,0.05955555555555547
M,8,F1_DIRECTION,gbr_quantile,2250,0.0,1.0,0.8293333333333334,0.017388905764522834,0.017290729519534895,-0.005677970086630513,-0.036398315674412776,0.4777777777777778,0.4,-0.014775996059496865,-0.4356156145892926,-0.0002950287674446,0.8666666666666665,0.9030303030303028,0.0014037346732722004,0.03832774140151862,-0.01759763951574378,-0.046783996426896124,-0.008684631513707094,-0.004228127512688751,0.029333333333333322
M,8,F2_ACTIVITY,linear_qr,2250,0.0017777777777777779,0.9982222222222222,0.8619768477292965,0.017916498222973736,0.01730040131035812,-0.035611712211944146,-0.014977660358635046,0.4902222222222222,0.2,-0.023282282605335824,-0.3314118617247829,-0.0003356267861678,0.22424242424242422,-0.04242424242424241,0.0003725884188845001,-0.0430995825491316,-0.006398785797775641,-0.05517172502969969,-0.034890031125535646,-0.049135653789415645,0.06197684772929646
M,8,F2_ACTIVITY,gbr_quantile,2250,0.0,1.0,0.8235555555555556,0.017655210906619385,0.017290729519534895,-0.021079584101567406,-0.032150751957409206,0.49066666666666664,0.4,-0.017503979532615732,-0.3890595479552414,-0.0006494507335103,0.7575757575757575,0.7696969696969697,0.0012061287502788997,0.02002844404138704,-0.03228587807418504,-0.059478865251599844,-0.02391209976146595,-0.019725210605106402,0.023555555555555552
M,8,F3_VOL,linear_qr,2250,0.0035555555555555557,0.9964444444444445,0.8465655664585192,0.017835028139137014,0.01729320489640951,-0.031331569016452177,-0.04246586188544337,0.47733333333333333,0.2,-0.02977529107855803,-0.5835893219328621,-0.001336932191515,0.2606060606060606,0.16363636363636364,0.0010547178655808008,-0.07231218797101291,-0.021137375869856978,-0.06477490562867794,-0.05274148982318261,-0.06854354679984542,0.04656556645851917
M,8,F3_VOL,gbr_quantile,2250,0.0,1.0,0.816,0.017301016469202502,0.017290729519534895,-0.0005949401762364026,-0.0372789637721079,0.4817777777777778,0.2,-0.00501395273201477,-0.5215116512688716,-0.0012567754552128,0.8303030303030302,0.9030303030303028,0.001915709398138901,0.044250603237569575,-0.033503787837026566,-0.04248545907644519,-0.010579547891967392,0.0008825720805621939,0.015999999999999903
M,16,F1_DIRECTION,linear_qr,2250,0.00044444444444444447,0.9995555555555555,0.8697198755002223,0.026311665249850714,0.0248136759664608,-0.06036950290697196,0.0213942289962916,0.47688888888888886,0.0,-0.028965307965670872,-0.006060606060606061,0.00021901248782700002,-0.5393939393939393,-0.12727272727272726,0.0005905699857325,-0.05117191075240646,-0.0010446773277559274,-0.06859426289667625,-0.040270283658946214,-0.059883086824541354,0.0697198755002223
M,16,F1_DIRECTION,gbr_quantile,2250,0.0,1.0,0.832,0.024623775983382123,0.024810492167715706,0.00752569449535323,0.016392533009278773,0.5053333333333333,0.6,0.007142341745930425,0.2121212121212121,-0.0016725433696298002,0.18787878787878787,0.49090909090909085,0.0015645590169478998,0.027589759051097285,-0.0180134306859161,-0.009616169963669652,-1.3280532829488637e-05,0.008986794543713816,0.03199999999999992
M,16,F2_ACTIVITY,linear_qr,2250,0.0022222222222222222,0.9977777777777778,0.8699331848552339,0.026150722239833023,0.024824099922918234,-0.0534409030351195,0.0393750006089375,0.4831111111111111,0.0,-0.015782439917990443,0.3696969696969697,0.0003526457268792,-0.12727272727272726,-0.17575757575757575,0.001228128353791701,-0.05783132913451605,-0.0020343469375498913,-0.07482400509673814,-0.04489656038960136,-0.0663276671156271,0.06993318485523381
M,16,F2_ACTIVITY,gbr_quantile,2250,0.0,1.0,0.8337777777777777,0.024541095233915403,0.024810492167715706,0.010858185802168463,-0.0028513554290990114,0.5004444444444445,0.6,0.007377939174055381,-0.3890595479552414,-0.0013337781237038,0.29696969696969694,0.7696969696969697,0.0014015824939428,0.028555714994558556,-0.029195155927933758,-0.004261813728968722,-0.0016337515541146412,0.012146950632794917,0.033777777777777684
M,16,F3_VOL,linear_qr,2250,0.0013333333333333333,0.9986666666666667,0.8340008900756565,0.025939759561741986,0.02481138039702931,-0.0454782904722133,0.026275600329356427,0.5053333333333333,0.2,-0.029288994379231603,0.17575757575757575,-0.00031687577743559994,-0.18787878787878787,0.1515151515151515,0.00031674726630710054,-0.05202992067469414,-0.02391718898027606,-0.04355950557215782,-0.03983553840904267,-0.04779471312342598,0.03400089007565643
M,16,F3_VOL,gbr_quantile,2250,0.00044444444444444447,0.9995555555555555,0.8190306803023566,0.024377284088287765,0.024812375868026152,0.017535272803079538,0.018770302839430555,0.5137777777777778,0.6,0.0011708531608590755,0.3939393939393939,-0.000648088162671,0.3939393939393939,0.9151515151515152,0.0032260722162352987,0.03976395665495336,-0.024149727945064647,-0.0011864585381631265,0.004809256723908528,0.019288749058395116,0.01903068030235655
CF,4,F1_DIRECTION,linear_qr,2250,0.0,1.0,0.8191111111111111,0.013482636943646034,0.013393134495091469,-0.006682711100031602,0.008598580179106433,0.52,0.4,-0.007014090593298938,0.23928181646454103,-0.0008866558878497,0.7333333333333332,0.9151515151515152,0.0015886771791157996,-0.014375026149375802,-0.010390064879354899,0.00021961087016164615,-0.008181826719523019,-0.007077707639607078,0.01911111111111108
CF,4,F1_DIRECTION,gbr_quantile,2250,0.0,1.0,0.8115555555555556,0.01339787457762207,0.013393134495091469,-0.0003539188329915177,-0.022547275887810938,0.5031111111111111,0.6,0.0026977157083165615,-0.06748974310538336,-0.0006205398895992,0.7333333333333332,0.9757575757575757,0.0019125742479483001,0.001977433324213629,-0.017362103146147945,-0.002445843450185947,-0.005943504424040087,-0.00023420506298615917,0.011555555555555541
CF,4,F2_ACTIVITY,linear_qr,2250,0.0,1.0,0.8173333333333334,0.013372297754609146,0.013393134495091469,0.0015557777374638482,0.013226699327419732,0.5217777777777778,0.6,0.005922395646713596,0.3374487155269168,-0.0003055767785428,0.9030303030303028,0.9151515151515152,0.0018497834197645996,-0.015506395266886575,-0.010577899148882963,0.016865682601177934,-0.003072870604863868,0.0006796436671456796,0.01733333333333331
CF,4,F2_ACTIVITY,gbr_quantile,2250,0.0,1.0,0.8124444444444444,0.013351307147146154,0.013393134495091469,0.0031230439715694835,-0.024162173377487113,0.4928888888888889,0.6,0.008671379356274378,-0.3497195779097138,-0.0006240249812484,0.6606060606060605,0.9757575757575757,0.0019866838241735,0.0013715729359224937,-0.016655543899869896,0.0046946406797069296,-0.003529776761413491,0.0030331068078147116,0.01244444444444437
CF,4,F3_VOL,linear_qr,2250,0.0,1.0,0.812,0.013419076104783892,0.013393134495091469,-0.0019369334118111148,0.0041784947308932405,0.5155555555555555,0.4,-0.005419330060519201,0.2553203283456271,-0.0003164056346599,0.9272727272727272,0.9272727272727272,0.0018182337165793,-0.018957034544449414,-0.012993509978467932,0.013335220319430352,-0.006205108067828998,-0.002810907112509531,0.01200000000000001
CF,4,F3_VOL,gbr_quantile,2250,0.0,1.0,0.8075555555555556,0.01337221356371688,0.013393134495091469,0.0015620638605740034,-0.02785139324328621,0.492,0.6,0.0012559102223539398,-0.12766016417281356,-0.0003115750142046,0.8303030303030302,0.9878787878787878,0.0020507298026600004,-0.0013457795808504702,-0.015834561480769338,0.00417127468239753,-0.004336355459740759,0.0014127475507735299,0.007555555555555538
CF,8,F1_DIRECTION,linear_qr,2250,0.0,1.0,0.8208888888888889,0.019848552089425275,0.019475019569044783,-0.01918008446955377,-0.02358596694888512,0.4911111111111111,0.4,-0.02146253795323072,-0.18237166310401937,-0.0006562815832116,0.3939393939393939,0.22424242424242422,0.0008517938148106998,-0.03400759965780775,-0.015036662495155229,-0.006319664384836887,-0.018454642179266623,-0.02016363202132232,0.020888888888888846
CF,8,F1_DIRECTION,gbr_quantile,2250,0.0,1.0,0.8062222222222222,0.019858813567769612,0.019475019569044783,-0.019706989118247753,-0.04529282279360288,0.5186666666666667,0.2,-0.011176972757456216,0.05521888072258639,-0.0015974298361400002,0.6,0.22424242424242422,0.0007888754631390996,-0.019088481349601283,-0.020361319745808792,-0.020243442436923553,-0.01989774784411121,-0.019665961893262418,0.006222222222222129
CF,8,F2_ACTIVITY,linear_qr,2250,0.0,1.0,0.8177777777777778,0.01986070676098872,0.019475019569044783,-0.019804200482395284,-0.023487919773903257,0.488,0.4,-0.03273584210586877,0.13373921960961418,-0.00034298327419920007,0.38298049251844074,0.34545454545454546,0.0008625866686467996,-0.03925962091919244,-0.017768389225720993,-0.0029298370731973833,-0.019985949072703606,-0.02109472899619491,0.01777777777777778
CF,8,F2_ACTIVITY,gbr_quantile,2250,0.0,1.0,0.8128888888888889,0.01979132682099772,0.019475019569044783,-0.01624169109723006,-0.03610396018228378,0.49866666666666665,0.2,-0.011534806497889738,-0.05521888072258639,-0.0006287331235096,0.8303030303030302,0.9272727272727272,0.0012328290296532993,-0.01016898281208145,-0.01999177457337087,-0.021508762390525238,-0.017223173258659186,-0.015838872601303344,0.012888888888888839
CF,8,F3_VOL,linear_qr,2250,0.0,1.0,0.8146666666666667,0.019902732442239723,0.019475019569044783,-0.021962128031685513,-0.002953325918143647,0.49822222222222223,0.4,-0.02860347386985218,0.21884599572482327,0.000295328260273,0.32121212121212117,0.5151515151515151,0.0007982841836385,-0.046785962423339544,-0.012775225970787396,-0.0004315523191065207,-0.019997580237744488,-0.023608757371223033,0.014666666666666606
CF,8,F3_VOL,gbr_quantile,2250,0.0,1.0,0.8106666666666666,0.019745536599906417,0.019475019569044783,-0.013890462595047559,-0.01846829912991487,0.5048888888888889,0.2,-0.013129877008426938,0.29179466096643103,-0.0003154732650889,0.32121212121212117,0.7333333333333332,0.0010051120789201003,-0.011338707415731397,-0.016405727789927882,-0.01610368869144385,-0.014616041299034377,-0.013721198053587624,0.010666666666666602
CF,16,F1_DIRECTION,linear_qr,2250,0.00044444444444444447,0.9995555555555555,0.7963539350822588,0.029350240641590086,0.027807723847232773,-0.05547080382527647,-0.00017671857694192078,0.5191111111111111,0.4,-0.019181232275431226,0.09090909090909088,-0.0008449865532951001,0.19999999999999998,0.35757575757575755,5.964007218199792e-05,-0.10951948004040846,-0.01851509060765455,-0.008655370381136507,-0.04556331367639984,-0.05908742521077248,0.0036460649177412208
CF,16,F1_DIRECTION,gbr_quantile,2250,0.0,1.0,0.7857777777777778,0.029279934395280875,0.027804109762579014,-0.053079370111253965,0.0015076512090772078,0.5115555555555555,0.0,-0.020330543801173162,0.34545454545454546,-0.0012295547898445,-0.5757575757575757,-0.41818181818181815,-0.0010211274462701998,-0.07207160697917225,-0.023390740030817536,-0.036492944463874855,-0.04398509715795488,-0.054282275721523554,0.014222222222222247
CF,16,F2_ACTIVITY,linear_qr,2250,0.0,1.0,0.8013333333333333,0.029185673549687232,0.027804109762579014,-0.04968919339282851,0.0032032069896046223,0.5173333333333333,0.2,-0.014186716283336454,0.11657319263657127,-0.00037185513545700015,0.01818181818181818,-0.2613993837824278,-1.9427430453100927e-05,-0.10868943187836755,-0.020192703802734302,0.0018372842740079776,-0.04234828380236463,-0.053426073802179785,0.0013333333333332975
CF,16,F2_ACTIVITY,gbr_quantile,2250,0.0,1.0,0.7933333333333333,0.02917125684217363,0.027804109762579014,-0.04917068344459752,0.01369331497957589,0.5146666666666667,0.0,-0.022431338735861672,0.22424242424242422,-0.0003153998403456,-0.4666666666666666,-0.2606060606060606,-0.0013802305004612,-0.07163595178184301,-0.021401251810390987,-0.029551167032942915,-0.040862790208392306,-0.05059355940739296,0.00666666666666671
CF,16,F3_VOL,linear_qr,2250,0.00044444444444444447,0.9995555555555555,0.7976878612716763,0.0291674965481721,0.027808232768716957,-0.0488799051259472,0.010786013560752747,0.5177777777777778,0.2,-0.022736839679776022,0.29696969696969694,0.0002749634073379,0.11515151515151514,0.06666666666666665,0.0005739127946499008,-0.10754686551139447,-0.018727610528159522,3.952467667378556e-06,-0.04209017452396221,-0.05377145652186355,0.0023121387283236983
CF,16,F3_VOL,gbr_quantile,2250,0.0,1.0,0.8004444444444444,0.028959099841315554,0.027804109762579014,-0.041540264680260286,-0.009147456437559608,0.5133333333333333,0.2,-0.026361214529403876,0.09118583155200968,0.00026900321327610004,-0.09090909090909088,0.06666666666666665,-0.0015654538096581995,-0.06602089172060199,-0.020664306565143065,-0.020160681904954902,-0.035615293396899984,-0.04309078681277845,0.0004444444444443585
