horizon,feature_set,model,fold,train_rows,test_rows,purge_rows,train_end_time,test_start_time,test_end_time,oos_r2_vs_hist_mean,mae,rmse,pearson_ic,spearman_ic,sign_accuracy_raw
2,stats_15m,ridge,0,3500,750,2,2025-12-12 01:30:00,2025-12-12 02:15:00,2026-01-14 00:45:00,-0.018239406906694455,0.8484691520438491,1.2803027930407969,0.05201408189083428,0.006539322198284645,0.5226666666666666
2,stats_15m,ridge,1,4250,750,2,2026-01-14 00:15:00,2026-01-14 01:00:00,2026-02-11 10:00:00,-0.007297330074478969,0.9269230216162356,2.6258342293142554,0.0019889691989122714,-0.005297827749921657,0.49466666666666664
2,stats_15m,ridge,2,5000,750,2,2026-02-11 09:30:00,2026-02-11 10:30:00,2026-03-20 02:15:00,-0.001191692313417425,0.8266201625447892,1.488108323587859,-0.005636771019184082,-0.0059646399795529595,0.4826666666666667
2,stats_15m,ridge,3,5750,750,2,2026-03-20 01:45:00,2026-03-20 09:00:00,2026-04-21 01:00:00,-0.010888873989470804,0.7749353014083835,1.3156734948254087,-0.028768130528378916,-0.06863801267387391,0.47733333333333333
2,stats_15m,ridge,4,6500,750,2,2026-04-21 00:30:00,2026-04-21 01:15:00,2026-05-22 23:45:00,0.0004406580002390692,0.8082098733765406,1.2939156875599263,0.01735530998641718,0.013159320330121176,0.5293333333333333
2,stats_15m,ridge,5,7250,750,2,2026-05-22 23:15:00,2026-05-23 00:00:00,2026-06-23 22:30:00,-0.0007947173104814187,0.8069498719306151,1.29080545829675,-0.01522505200179256,-0.02502582226812847,0.49333333333333335
2,stats_15m,ridge,6,8000,750,2,2026-06-23 22:00:00,2026-06-23 22:45:00,2026-07-22 01:00:00,-0.016331110534404836,0.7576309287915038,1.2049728123758103,-0.06990843360231472,-0.07341272833868726,0.48933333333333334
2,stats_15m,ridge,7,8750,750,2,2026-07-22 00:30:00,2026-07-22 01:15:00,2026-08-19 10:00:00,0.00485200197510971,0.8207521266857704,1.3431679425194079,0.07236003692329245,0.02747112111049505,0.4786666666666667
2,stats_15m,ridge,8,9500,475,2,2026-08-19 09:30:00,2026-08-19 10:30:00,2026-09-05 02:00:00,-0.011482463708091917,0.744821343018752,1.2278335982157198,-0.045020075439763635,-0.07921986946228536,0.4652631578947368
2,stats_15m,elastic,0,3500,750,2,2025-12-12 01:30:00,2025-12-12 02:15:00,2026-01-14 00:45:00,-0.018576873079614753,0.8487793026520355,1.2805149352385814,0.051606064970289585,0.006070428640165816,0.5226666666666666
2,stats_15m,elastic,1,4250,750,2,2026-01-14 00:15:00,2026-01-14 01:00:00,2026-02-11 10:00:00,-0.007237215286524545,0.9267390786522445,2.625755874185947,0.002108518129228968,-0.005038772710048929,0.49733333333333335
2,stats_15m,elastic,2,5000,750,2,2026-02-11 09:30:00,2026-02-11 10:30:00,2026-03-20 02:15:00,-0.0011772410970756209,0.8265998709310349,1.4880975838598474,-0.0056928222231420475,-0.005656586096377672,0.484
2,stats_15m,elastic,3,5750,750,2,2026-03-20 01:45:00,2026-03-20 09:00:00,2026-04-21 01:00:00,-0.010827394050801686,0.7748455157343263,1.3156334860975765,-0.02887463723881981,-0.06868338164987123,0.476
2,stats_15m,elastic,4,6500,750,2,2026-04-21 00:30:00,2026-04-21 01:15:00,2026-05-22 23:45:00,0.0005117219244563653,0.8081525216689854,1.2938696911108543,0.017693764168681205,0.013739047624194754,0.536
2,stats_15m,elastic,5,7250,750,2,2026-05-22 23:15:00,2026-05-23 00:00:00,2026-06-23 22:30:00,-0.0007738625484856598,0.8069341908827469,1.2907920091945566,-0.015224903114582014,-0.024920293191632335,0.492
2,stats_15m,elastic,6,8000,750,2,2026-06-23 22:00:00,2026-06-23 22:45:00,2026-07-22 01:00:00,-0.01622471122215896,0.7575336957639441,1.2049097366552712,-0.06990801496052895,-0.07352718901510534,0.48933333333333334
2,stats_15m,elastic,7,8750,750,2,2026-07-22 00:30:00,2026-07-22 01:15:00,2026-08-19 10:00:00,0.004814669697636331,0.820750015696011,1.3431931362836305,0.07205283152936721,0.02748153179981537,0.47733333333333333
2,stats_15m,elastic,8,9500,475,2,2026-08-19 09:30:00,2026-08-19 10:30:00,2026-09-05 02:00:00,-0.011388736967554713,0.7447235641318914,1.2277767096826693,-0.04483900247731721,-0.07960482328784116,0.4673684210526316
2,stats_15m,rf,0,3500,750,2,2025-12-12 01:30:00,2025-12-12 02:15:00,2026-01-14 00:45:00,-0.005507611828405645,0.8314408418168705,1.2722733314987618,0.09634332150102663,0.05649080083860549,0.508
2,stats_15m,rf,1,4250,750,2,2026-01-14 00:15:00,2026-01-14 01:00:00,2026-02-11 10:00:00,0.0005609655080764941,0.8997943447931096,2.615571627031397,0.020649502267355624,0.03555307834607762,0.504
2,stats_15m,rf,2,5000,750,2,2026-02-11 09:30:00,2026-02-11 10:30:00,2026-03-20 02:15:00,0.004046138830978485,0.8230795194729968,1.4842106278192493,0.03702616601439139,0.009452859538970626,0.47733333333333333
2,stats_15m,rf,3,5750,750,2,2026-03-20 01:45:00,2026-03-20 09:00:00,2026-04-21 01:00:00,-0.006082034443440021,0.7684452425867494,1.312541712735572,0.004634649067744503,-0.0376218464561678,0.4653333333333333
2,stats_15m,rf,4,6500,750,2,2026-04-21 00:30:00,2026-04-21 01:15:00,2026-05-22 23:45:00,-0.0039044760901336684,0.8079531381891091,1.296724995690229,0.011360689303106582,0.0060025284313414695,0.5146666666666667
2,stats_15m,rf,5,7250,750,2,2026-05-22 23:15:00,2026-05-23 00:00:00,2026-06-23 22:30:00,-0.005201568005426482,0.8045170809398576,1.293644271586947,-0.026203344970319477,-0.02475679423430086,0.48933333333333334
2,stats_15m,rf,6,8000,750,2,2026-06-23 22:00:00,2026-06-23 22:45:00,2026-07-22 01:00:00,-0.029134179351629763,0.7541279095223505,1.2125387854256502,-0.16468488350710198,-0.05388105497671753,0.49733333333333335
2,stats_15m,rf,7,8750,750,2,2026-07-22 00:30:00,2026-07-22 01:15:00,2026-08-19 10:00:00,-0.0030066193218771797,0.822564656485755,1.348460969872814,0.0028607488838509536,0.007137082196958093,0.4826666666666667
2,stats_15m,rf,8,9500,475,2,2026-08-19 09:30:00,2026-08-19 10:30:00,2026-09-05 02:00:00,0.0021211713712975255,0.7360567912299248,1.2195489555302088,0.04736558487345916,-0.05666368032599507,0.4589473684210526
2,stats_15m,hgb,0,3500,750,2,2025-12-12 01:30:00,2025-12-12 02:15:00,2026-01-14 00:45:00,-0.03612481636602349,0.8594258397419335,1.291498126274702,0.0858705779980587,0.03759751507606029,0.524
2,stats_15m,hgb,1,4250,750,2,2026-01-14 00:15:00,2026-01-14 01:00:00,2026-02-11 10:00:00,-0.017642051095615674,0.9525139270862882,2.63928315681892,-0.015370784484598738,-0.023105209507743068,0.4746666666666667
2,stats_15m,hgb,2,5000,750,2,2026-02-11 09:30:00,2026-02-11 10:30:00,2026-03-20 02:15:00,-0.010143940810197982,0.8520869806186416,1.494746546926461,0.04114071402277451,0.033862474662976996,0.5093333333333333
2,stats_15m,hgb,3,5750,750,2,2026-03-20 01:45:00,2026-03-20 09:00:00,2026-04-21 01:00:00,-0.04265476668799573,0.7951387364951549,1.3361852822415827,-0.01446057401958479,-0.041045710807765166,0.48533333333333334
2,stats_15m,hgb,4,6500,750,2,2026-04-21 00:30:00,2026-04-21 01:15:00,2026-05-22 23:45:00,-0.045082633072708544,0.8323722953274174,1.3230522706957852,-0.03574621279170015,-0.013850720719554786,0.5133333333333333
2,stats_15m,hgb,5,7250,750,2,2026-05-22 23:15:00,2026-05-23 00:00:00,2026-06-23 22:30:00,-0.034741440362094034,0.8171983520560103,1.312514809270358,-0.03108775447669498,0.013787004065785003,0.508
2,stats_15m,hgb,6,8000,750,2,2026-06-23 22:00:00,2026-06-23 22:45:00,2026-07-22 01:00:00,-0.06657002306490378,0.7660780357815603,1.2343954857780348,-0.14399950541268888,-0.0654886020569022,0.484
2,stats_15m,hgb,7,8750,750,2,2026-07-22 00:30:00,2026-07-22 01:15:00,2026-08-19 10:00:00,-0.02380868765233002,0.830922846134864,1.3623725554862618,-0.05229571783878874,-0.05726682724207345,0.47733333333333333
2,stats_15m,hgb,8,9500,475,2,2026-08-19 09:30:00,2026-08-19 10:30:00,2026-09-05 02:00:00,0.014741647485639664,0.7414277141445209,1.2118124133841832,0.12745332143264684,-0.010099327436516647,0.5010526315789474
2,stats_15m_1h,ridge,0,3500,750,2,2025-12-12 01:30:00,2025-12-12 02:15:00,2026-01-14 00:45:00,-0.06458441961292571,0.8731641640528205,1.309114989316387,-0.0053692733645221485,-0.058283587318895116,0.49066666666666664
2,stats_15m_1h,ridge,1,4250,750,2,2026-01-14 00:15:00,2026-01-14 01:00:00,2026-02-11 10:00:00,-0.02669138274432048,0.9839225394530139,2.6509920318038422,-0.012211032065908425,-0.013865930254042083,0.49866666666666665
2,stats_15m_1h,ridge,2,5000,750,2,2026-02-11 09:30:00,2026-02-11 10:30:00,2026-03-20 02:15:00,-0.0024268474338251522,0.8345667879315343,1.4890259690732979,0.01146858548912975,-0.00643799904666852,0.48133333333333334
2,stats_15m_1h,ridge,3,5750,750,2,2026-03-20 01:45:00,2026-03-20 09:00:00,2026-04-21 01:00:00,-0.012014236160570846,0.7762410361509857,1.3164056214614113,-0.0091199767521322,-0.03893564097865329,0.5
2,stats_15m_1h,ridge,4,6500,750,2,2026-04-21 00:30:00,2026-04-21 01:15:00,2026-05-22 23:45:00,-2.2497156902057114e-05,0.8117446383121226,1.2942154268017962,0.019200383251525174,-0.007024425431826593,0.5
2,stats_15m_1h,ridge,5,7250,750,2,2026-05-22 23:15:00,2026-05-23 00:00:00,2026-06-23 22:30:00,-0.0033795118133597146,0.8079545905141313,1.2924712920908925,-0.037748448124973584,-0.029336727709738147,0.4693333333333333
2,stats_15m_1h,ridge,6,8000,750,2,2026-06-23 22:00:00,2026-06-23 22:45:00,2026-07-22 01:00:00,-0.023151768553936858,0.7646203322571029,1.2090093731037987,-0.08631537586712441,-0.10123133760662513,0.48
2,stats_15m_1h,ridge,7,8750,750,2,2026-07-22 00:30:00,2026-07-22 01:15:00,2026-08-19 10:00:00,0.003485117175939023,0.8239253178574759,1.3440900796465782,0.05803907500712378,0.026958949329342546,0.5
2,stats_15m_1h,ridge,8,9500,475,2,2026-08-19 09:30:00,2026-08-19 10:30:00,2026-09-05 02:00:00,-0.017226123831511453,0.7450147493205918,1.231314763715563,-0.05929826664032118,-0.04870354510508159,0.5010526315789474
2,stats_15m_1h,elastic,0,3500,750,2,2025-12-12 01:30:00,2025-12-12 02:15:00,2026-01-14 00:45:00,-0.06583608011613307,0.8736889525239985,1.3098843440768282,-0.006587785411146356,-0.059836515451716706,0.49466666666666664
2,stats_15m_1h,elastic,1,4250,750,2,2026-01-14 00:15:00,2026-01-14 01:00:00,2026-02-11 10:00:00,-0.026491321132823265,0.9833657125524427,2.650733732383967,-0.012044235995761581,-0.014083909695191167,0.5013333333333333
2,stats_15m_1h,elastic,2,5000,750,2,2026-02-11 09:30:00,2026-02-11 10:30:00,2026-03-20 02:15:00,-0.0026434990577566264,0.8348761828174223,1.4891868698244792,0.011610178316816464,-0.007225940008611144,0.4786666666666667
2,stats_15m_1h,elastic,3,5750,750,2,2026-03-20 01:45:00,2026-03-20 09:00:00,2026-04-21 01:00:00,-0.012039539972315882,0.7762020651826852,1.3164220786764491,-0.009119853130238966,-0.03854876734696702,0.5013333333333333
2,stats_15m_1h,elastic,4,6500,750,2,2026-04-21 00:30:00,2026-04-21 01:15:00,2026-05-22 23:45:00,-1.3074950826252874e-05,0.8117322677855573,1.2942093297423718,0.019277423670039207,-0.007597084268386933,0.49733333333333335
2,stats_15m_1h,elastic,5,7250,750,2,2026-05-22 23:15:00,2026-05-23 00:00:00,2026-06-23 22:30:00,-0.0032860516407937634,0.8078602400850282,1.292411096820026,-0.03769659306377535,-0.02868432477213292,0.47333333333333333
2,stats_15m_1h,elastic,6,8000,750,2,2026-06-23 22:00:00,2026-06-23 22:45:00,2026-07-22 01:00:00,-0.022903296937125228,0.7643818737790091,1.2088625606936683,-0.08612902601784464,-0.10102178695971357,0.476
2,stats_15m_1h,elastic,7,8750,750,2,2026-07-22 00:30:00,2026-07-22 01:15:00,2026-08-19 10:00:00,0.003566095257025892,0.8237804191236949,1.3440354672927737,0.05867555270916925,0.027364653323265577,0.496
2,stats_15m_1h,elastic,8,9500,475,2,2026-08-19 09:30:00,2026-08-19 10:30:00,2026-09-05 02:00:00,-0.016688516838739398,0.7448502093136374,1.2309893439798278,-0.057377399498754,-0.04767414632810448,0.49894736842105264
2,stats_15m_1h,rf,0,3500,750,2,2025-12-12 01:30:00,2025-12-12 02:15:00,2026-01-14 00:45:00,-0.004310865218021265,0.8278306863358085,1.2715159816329318,0.09421797947245557,0.050558043636535765,0.5146666666666667
2,stats_15m_1h,rf,1,4250,750,2,2026-01-14 00:15:00,2026-01-14 01:00:00,2026-02-11 10:00:00,-0.0005890227694875794,0.8994882511985667,2.617075976903055,0.0031239656304657736,-0.0013134662280227633,0.49066666666666664
2,stats_15m_1h,rf,2,5000,750,2,2026-02-11 09:30:00,2026-02-11 10:30:00,2026-03-20 02:15:00,0.0035888604369631594,0.8214341644653884,1.4845513160744879,0.03374698675554318,0.011605581603562542,0.4786666666666667
2,stats_15m_1h,rf,3,5750,750,2,2026-03-20 01:45:00,2026-03-20 09:00:00,2026-04-21 01:00:00,-0.006250423851904996,0.7674579174541374,1.3126515491444184,-0.010030991967995938,-0.03175494096948698,0.48133333333333334
2,stats_15m_1h,rf,4,6500,750,2,2026-04-21 00:30:00,2026-04-21 01:15:00,2026-05-22 23:45:00,-0.007207547457853014,0.8092876267350704,1.298856502192494,-0.024570676789761346,-0.02412733349764777,0.5026666666666667
2,stats_15m_1h,rf,5,7250,750,2,2026-05-22 23:15:00,2026-05-23 00:00:00,2026-06-23 22:30:00,0.008537551969254209,0.8016309552997634,1.2847730733517326,0.07007076758529353,0.03279068585010817,0.5093333333333333
2,stats_15m_1h,rf,6,8000,750,2,2026-06-23 22:00:00,2026-06-23 22:45:00,2026-07-22 01:00:00,-0.017287241791998254,0.7522861745538719,1.2055394787498352,-0.09999759209006595,-0.052135430105584406,0.492
2,stats_15m_1h,rf,7,8750,750,2,2026-07-22 00:30:00,2026-07-22 01:15:00,2026-08-19 10:00:00,0.0018288780040767172,0.8208789673624108,1.3452065759830347,0.04507103449715059,-0.00024475075479988407,0.464
2,stats_15m_1h,rf,8,9500,475,2,2026-08-19 09:30:00,2026-08-19 10:30:00,2026-09-05 02:00:00,0.003458095643610992,0.7333163149422826,1.2187317265125757,0.06413276611906447,0.025052958443781876,0.5178947368421053
2,stats_15m_1h,hgb,0,3500,750,2,2025-12-12 01:30:00,2025-12-12 02:15:00,2026-01-14 00:45:00,-0.09157985041908456,0.895226197918413,1.3256091641984347,0.03903409778286455,-0.006340935949317447,0.484
2,stats_15m_1h,hgb,1,4250,750,2,2026-01-14 00:15:00,2026-01-14 01:00:00,2026-02-11 10:00:00,-0.02134717726328006,0.9612771885399513,2.6440834656713874,-0.02012322747630219,0.017387963848304055,0.484
2,stats_15m_1h,hgb,2,5000,750,2,2026-02-11 09:30:00,2026-02-11 10:30:00,2026-03-20 02:15:00,-0.02475521125380875,0.8501205131479822,1.5055181480322615,0.029215583059415857,0.04157020753153487,0.5093333333333333
2,stats_15m_1h,hgb,3,5750,750,2,2026-03-20 01:45:00,2026-03-20 09:00:00,2026-04-21 01:00:00,-0.06830875509174539,0.8076894902069435,1.3525234731821385,-0.06079738461270915,-0.06711557775079885,0.4533333333333333
2,stats_15m_1h,hgb,4,6500,750,2,2026-04-21 00:30:00,2026-04-21 01:15:00,2026-05-22 23:45:00,-0.08227995276805733,0.8485706887045217,1.3463919119930987,-0.08467589849444451,-0.009730578059952899,0.5053333333333333
2,stats_15m_1h,hgb,5,7250,750,2,2026-05-22 23:15:00,2026-05-23 00:00:00,2026-06-23 22:30:00,-0.008613161699233318,0.8106267353728561,1.2958376875278805,0.051070833705757,0.07869023111998585,0.5266666666666666
2,stats_15m_1h,hgb,6,8000,750,2,2026-06-23 22:00:00,2026-06-23 22:45:00,2026-07-22 01:00:00,-0.07871173939571396,0.7707053540479283,1.2414017141794484,-0.10005690958437466,-0.018924383376879815,0.5013333333333333
2,stats_15m_1h,hgb,7,8750,750,2,2026-07-22 00:30:00,2026-07-22 01:15:00,2026-08-19 10:00:00,-0.008112021164297989,0.8267180613417185,1.3518885129223635,0.039333175859881525,-0.008950846334660313,0.4866666666666667
2,stats_15m_1h,hgb,8,9500,475,2,2026-08-19 09:30:00,2026-08-19 10:30:00,2026-09-05 02:00:00,0.03523688434954819,0.7319329232524471,1.1991421810368603,0.19031370538920045,0.08885290163864747,0.5157894736842106
2,stats_15m_1h_4h,ridge,0,3500,750,2,2025-12-12 01:30:00,2025-12-12 02:15:00,2026-01-14 00:45:00,-0.12489087197549709,0.9194583866424166,1.345683535806416,-0.006272453394374988,-0.03202362805968053,0.49333333333333335
2,stats_15m_1h_4h,ridge,1,4250,750,2,2026-01-14 00:15:00,2026-01-14 01:00:00,2026-02-11 10:00:00,-0.05197528176200472,1.0482578727772425,2.6834359367065836,-0.020357957721452158,-0.022900542328154024,0.48533333333333334
2,stats_15m_1h_4h,ridge,2,5000,750,2,2026-02-11 09:30:00,2026-02-11 10:30:00,2026-03-20 02:15:00,-0.022052561860585795,0.8630972408020522,1.5035315399186704,-0.0154540358206757,-0.029634385338529565,0.49866666666666665
2,stats_15m_1h_4h,ridge,3,5750,750,2,2026-03-20 01:45:00,2026-03-20 09:00:00,2026-04-21 01:00:00,-0.013576410954770468,0.7822102313823176,1.3174212507964378,0.02344265140073601,-0.01512810726818833,0.488
2,stats_15m_1h_4h,ridge,4,6500,750,2,2026-04-21 00:30:00,2026-04-21 01:15:00,2026-05-22 23:45:00,-0.004344438535607065,0.8218092037059758,1.2970091102752164,0.009085452495764175,-0.033714181444886665,0.48933333333333334
2,stats_15m_1h_4h,ridge,5,7250,750,2,2026-05-22 23:15:00,2026-05-23 00:00:00,2026-06-23 22:30:00,-0.003247036620327437,0.805827250750546,1.2923859674286986,-0.04764492619172586,-0.016876872669995855,0.504
2,stats_15m_1h_4h,ridge,6,8000,750,2,2026-06-23 22:00:00,2026-06-23 22:45:00,2026-07-22 01:00:00,-0.01960500349928207,0.7663103421461415,1.2069120328348921,-0.036817565399589004,-0.04938557208809429,0.496
2,stats_15m_1h_4h,ridge,7,8750,750,2,2026-07-22 00:30:00,2026-07-22 01:15:00,2026-08-19 10:00:00,-0.003830441653418948,0.8299202056768745,1.3490146373281438,0.007499883321126127,-0.012221992817279563,0.48933333333333334
2,stats_15m_1h_4h,ridge,8,9500,475,2,2026-08-19 09:30:00,2026-08-19 10:30:00,2026-09-05 02:00:00,-0.019749828077712417,0.7518325669638224,1.2328412430434559,-0.04930424363484507,-0.06165755485182083,0.49473684210526314
2,stats_15m_1h_4h,elastic,0,3500,750,2,2025-12-12 01:30:00,2025-12-12 02:15:00,2026-01-14 00:45:00,-0.1248808314177543,0.9195592687304567,1.3456775301378967,-0.00559377357180798,-0.028820562674265998,0.49066666666666664
2,stats_15m_1h_4h,elastic,1,4250,750,2,2026-01-14 00:15:00,2026-01-14 01:00:00,2026-02-11 10:00:00,-0.054303584205617206,1.0538586877579212,2.6864038758476747,-0.020631442117768233,-0.022404477670161214,0.4826666666666667
2,stats_15m_1h_4h,elastic,2,5000,750,2,2026-02-11 09:30:00,2026-02-11 10:30:00,2026-03-20 02:15:00,-0.02175169287812717,0.8634513667916185,1.503310220919113,-0.013082775181772801,-0.02794562143538475,0.5013333333333333
2,stats_15m_1h_4h,elastic,3,5750,750,2,2026-03-20 01:45:00,2026-03-20 09:00:00,2026-04-21 01:00:00,-0.013668620880603832,0.782306022041299,1.317481175510426,0.023502549317243358,-0.015185024710803153,0.4866666666666667
2,stats_15m_1h_4h,elastic,4,6500,750,2,2026-04-21 00:30:00,2026-04-21 01:15:00,2026-05-22 23:45:00,-0.004266524613869116,0.821710290440501,1.2969588003305428,0.00917963103782722,-0.03365059377176457,0.488
2,stats_15m_1h_4h,elastic,5,7250,750,2,2026-05-22 23:15:00,2026-05-23 00:00:00,2026-06-23 22:30:00,-0.00315657542180392,0.8057799034139519,1.2923276999158952,-0.04759994580146248,-0.016783546281860053,0.504
2,stats_15m_1h_4h,elastic,6,8000,750,2,2026-06-23 22:00:00,2026-06-23 22:45:00,2026-07-22 01:00:00,-0.019429576148939587,0.7661092383700191,1.206808201210324,-0.037553534749527544,-0.050113922008661264,0.5026666666666667
2,stats_15m_1h_4h,elastic,7,8750,750,2,2026-07-22 00:30:00,2026-07-22 01:15:00,2026-08-19 10:00:00,-0.0035746273600445466,0.8297304202658967,1.3488427361779765,0.008652082178532663,-0.01150157880521417,0.48933333333333334
2,stats_15m_1h_4h,elastic,8,9500,475,2,2026-08-19 09:30:00,2026-08-19 10:30:00,2026-09-05 02:00:00,-0.019117316049438227,0.7515639254862376,1.2324588414733555,-0.04720513683254326,-0.06059014216449579,0.49894736842105264
2,stats_15m_1h_4h,rf,0,3500,750,2,2025-12-12 01:30:00,2025-12-12 02:15:00,2026-01-14 00:45:00,-0.013485229739351956,0.8344384880223533,1.277310418297319,0.07993197052994323,0.040012752812518704,0.48933333333333334
2,stats_15m_1h_4h,rf,1,4250,750,2,2026-01-14 00:15:00,2026-01-14 01:00:00,2026-02-11 10:00:00,-0.0012181372869326523,0.904368546311147,2.6178985832562764,-0.001745270954483821,-0.0008766539745599742,0.4866666666666667
2,stats_15m_1h_4h,rf,2,5000,750,2,2026-02-11 09:30:00,2026-02-11 10:30:00,2026-03-20 02:15:00,-0.0029713741865715626,0.8209012590519796,1.4894303399245694,-0.00775352100511182,-0.013117619857938377,0.49066666666666664
2,stats_15m_1h_4h,rf,3,5750,750,2,2026-03-20 01:45:00,2026-03-20 09:00:00,2026-04-21 01:00:00,-0.006425295717064516,0.7662454387996032,1.3127656041784275,-0.02150835439905984,-0.0215555969423019,0.4826666666666667
2,stats_15m_1h_4h,rf,4,6500,750,2,2026-04-21 00:30:00,2026-04-21 01:15:00,2026-05-22 23:45:00,-0.012815648326317097,0.8123969407919864,1.3024674793885374,-0.07153301377789024,-0.0639971885459132,0.4653333333333333
2,stats_15m_1h_4h,rf,5,7250,750,2,2026-05-22 23:15:00,2026-05-23 00:00:00,2026-06-23 22:30:00,0.0034596593870440673,0.802191382044889,1.2880589303764172,0.017845798960445202,-0.0016911247842218383,0.484
2,stats_15m_1h_4h,rf,6,8000,750,2,2026-06-23 22:00:00,2026-06-23 22:45:00,2026-07-22 01:00:00,-0.0128155525641247,0.7509265427326656,1.2028869658618804,-0.09489138899074137,-0.05827093765132433,0.49333333333333335
2,stats_15m_1h_4h,rf,7,8750,750,2,2026-07-22 00:30:00,2026-07-22 01:15:00,2026-08-19 10:00:00,-0.0017150072580909281,0.8213828195682996,1.347592456398128,0.016939882563980085,-0.015196235733676827,0.47333333333333333
2,stats_15m_1h_4h,rf,8,9500,475,2,2026-08-19 09:30:00,2026-08-19 10:30:00,2026-09-05 02:00:00,0.006609476378274248,0.7321562336559412,1.2168031930285943,0.08124921339432797,0.021543361960878686,0.49473684210526314
2,stats_15m_1h_4h,hgb,0,3500,750,2,2025-12-12 01:30:00,2025-12-12 02:15:00,2026-01-14 00:45:00,-0.262401492402321,1.0068348676273087,1.4255632539337968,0.01045829378358647,-0.022094815144311553,0.46
2,stats_15m_1h_4h,hgb,1,4250,750,2,2026-01-14 00:15:00,2026-01-14 01:00:00,2026-02-11 10:00:00,-0.03293661154581318,0.9799740424277813,2.659042625818707,-0.047604303769177216,-0.011299460028880264,0.5013333333333333
2,stats_15m_1h_4h,hgb,2,5000,750,2,2026-02-11 09:30:00,2026-02-11 10:30:00,2026-03-20 02:15:00,-0.1931713322126012,0.9654784096262603,1.6245284907932014,-0.072316503933048,0.0008656513228692057,0.476
2,stats_15m_1h_4h,hgb,3,5750,750,2,2026-03-20 01:45:00,2026-03-20 09:00:00,2026-04-21 01:00:00,-0.06097635140074131,0.8076966000014569,1.3478739167584133,-0.041229873563576276,-0.05400141327918848,0.4653333333333333
2,stats_15m_1h_4h,hgb,4,6500,750,2,2026-04-21 00:30:00,2026-04-21 01:15:00,2026-05-22 23:45:00,-0.11810634303871437,0.8793334386681098,1.368495087332793,-0.0956292648988737,-0.09004562326787238,0.464
2,stats_15m_1h_4h,hgb,5,7250,750,2,2026-05-22 23:15:00,2026-05-23 00:00:00,2026-06-23 22:30:00,-0.01122845157159369,0.8176488370565114,1.2975166251404824,0.03771593359155696,0.05349873561369829,0.5093333333333333
2,stats_15m_1h_4h,hgb,6,8000,750,2,2026-06-23 22:00:00,2026-06-23 22:45:00,2026-07-22 01:00:00,-0.06766901273001547,0.778495780548545,1.235031280229588,-0.07172211530995895,-0.047936013521380084,0.48933333333333334
2,stats_15m_1h_4h,hgb,7,8750,750,2,2026-07-22 00:30:00,2026-07-22 01:15:00,2026-08-19 10:00:00,-0.04580494974226479,0.8369243869977127,1.3769298900306943,-0.07848330907418363,0.003737679642988002,0.5173333333333333
2,stats_15m_1h_4h,hgb,8,9500,475,2,2026-08-19 09:30:00,2026-08-19 10:30:00,2026-09-05 02:00:00,0.03253827135941645,0.7344272388156917,1.2008181162188845,0.18162650080945464,0.04905519463798373,0.5157894736842106
4,stats_15m,ridge,0,3500,750,4,2025-12-12 01:30:00,2025-12-12 09:15:00,2026-01-14 01:15:00,-0.050274916739744935,0.953732089179363,1.3815152758939877,-0.0066534231006993285,-0.003626346105542478,0.5533333333333333
4,stats_15m,ridge,1,4250,750,4,2026-01-14 00:15:00,2026-01-14 01:30:00,2026-02-11 10:45:00,-0.0023091044469765176,1.0592760198806321,2.8555230782938206,0.01742443052955153,0.04355203491492727,0.5333333333333333
4,stats_15m,ridge,2,5000,750,4,2026-02-11 09:30:00,2026-02-11 11:00:00,2026-03-20 09:15:00,-0.004669947868105373,0.900397185882498,1.543953150747557,0.0053428424598761445,0.029914023170985356,0.504
4,stats_15m,ridge,3,5750,750,4,2026-03-20 01:45:00,2026-03-20 09:30:00,2026-04-21 01:30:00,-0.03176951262430028,0.8644612508912745,1.396803900526634,-0.0756357957043468,-0.09141547533888526,0.452
4,stats_15m,ridge,4,6500,750,4,2026-04-21 00:30:00,2026-04-21 01:45:00,2026-05-23 00:15:00,0.004984563794137031,0.8757321023704913,1.363924935791814,0.04076337239920439,0.04056217728786844,0.5106666666666667
4,stats_15m,ridge,5,7250,750,4,2026-05-22 23:15:00,2026-05-23 00:30:00,2026-06-23 23:00:00,0.011274629926154245,0.8447900829808098,1.2827267700462972,0.043396637997336424,0.027215565021204053,0.5146666666666667
4,stats_15m,ridge,6,8000,750,4,2026-06-23 22:00:00,2026-06-23 23:15:00,2026-07-22 01:30:00,-0.030233726401887928,0.843969000350971,1.2672513953181872,-0.08433409297090304,-0.07835969186334334,0.488
4,stats_15m,ridge,7,8750,750,4,2026-07-22 00:30:00,2026-07-22 01:45:00,2026-08-19 10:45:00,0.013272908542516948,0.9178392473918745,1.4222469503475728,0.12420100093454575,0.04661597952110003,0.48533333333333334
4,stats_15m,ridge,8,9500,471,4,2026-08-19 09:30:00,2026-08-19 11:00:00,2026-09-05 01:30:00,-0.021767754776502724,0.7913294249929044,1.2630852279431701,-0.041154366373257804,-0.04016489768402069,0.46284501061571126
4,stats_15m,elastic,0,3500,750,4,2025-12-12 01:30:00,2025-12-12 09:15:00,2026-01-14 01:15:00,-0.05133311853714573,0.9543129369284821,1.3822110717619354,-0.007739705235516272,-0.005205044068132931,0.5533333333333333
4,stats_15m,elastic,1,4250,750,4,2026-01-14 00:15:00,2026-01-14 01:30:00,2026-02-11 10:45:00,-0.0023333356353580914,1.0592291803111347,2.855557594741464,0.017125945440502492,0.04273428372875686,0.5373333333333333
4,stats_15m,elastic,2,5000,750,4,2026-02-11 09:30:00,2026-02-11 11:00:00,2026-03-20 09:15:00,-0.004779625213727989,0.9004828298607792,1.544037423230492,0.005035530887375108,0.029717926820975158,0.504
4,stats_15m,elastic,3,5750,750,4,2026-03-20 01:45:00,2026-03-20 09:30:00,2026-04-21 01:30:00,-0.031600371165700025,0.8643343846687902,1.3966894044450788,-0.07531572246161859,-0.0911096116753164,0.45466666666666666
4,stats_15m,elastic,4,6500,750,4,2026-04-21 00:30:00,2026-04-21 01:45:00,2026-05-23 00:15:00,0.005015807077101364,0.8756913039519856,1.3639035221404878,0.04087931033251717,0.04078152701271666,0.512
4,stats_15m,elastic,5,7250,750,4,2026-05-22 23:15:00,2026-05-23 00:30:00,2026-06-23 23:00:00,0.011287500586411037,0.8447821473951441,1.282718421118128,0.043463600142064886,0.02724262995840085,0.5133333333333333
4,stats_15m,elastic,6,8000,750,4,2026-06-23 22:00:00,2026-06-23 23:15:00,2026-07-22 01:30:00,-0.030141954691944806,0.8438981264367384,1.2671949516129768,-0.08429404095912288,-0.07823511919655052,0.48933333333333334
4,stats_15m,elastic,7,8750,750,4,2026-07-22 00:30:00,2026-07-22 01:45:00,2026-08-19 10:45:00,0.01327006284811083,0.9178478209209311,1.4222490012070799,0.12424796962114326,0.04657410922146427,0.48533333333333334
4,stats_15m,elastic,8,9500,471,4,2026-08-19 09:30:00,2026-08-19 11:00:00,2026-09-05 01:30:00,-0.02171148672908174,0.7912813961665974,1.2630504488470107,-0.0412338052852368,-0.040591382953281525,0.46284501061571126
4,stats_15m,rf,0,3500,750,4,2025-12-12 01:30:00,2025-12-12 09:15:00,2026-01-14 01:15:00,-0.040422608731791154,0.9545360334751942,1.3750202216824654,0.08325171758765089,0.05083439581821539,0.504
4,stats_15m,rf,1,4250,750,4,2026-01-14 00:15:00,2026-01-14 01:30:00,2026-02-11 10:45:00,0.0027593669393922715,1.0342728770983451,2.8482940307472715,0.020899743017109933,0.06435169619887217,0.5293333333333333
4,stats_15m,rf,2,5000,750,4,2026-02-11 09:30:00,2026-02-11 11:00:00,2026-03-20 09:15:00,-0.0035184265048326946,0.9026675029457347,1.5430680815888367,0.012037053780193364,0.03686507557784156,0.5173333333333333
4,stats_15m,rf,3,5750,750,4,2026-03-20 01:45:00,2026-03-20 09:30:00,2026-04-21 01:30:00,-0.03421079804822624,0.8581259414126107,1.3984554235810691,-0.09473702461234008,-0.09059072718254016,0.464
4,stats_15m,rf,4,6500,750,4,2026-04-21 00:30:00,2026-04-21 01:45:00,2026-05-23 00:15:00,-0.0058938725447967855,0.874647161687074,1.3713605173107488,0.003528803792894645,0.02916286094135535,0.5106666666666667
4,stats_15m,rf,5,7250,750,4,2026-05-22 23:15:00,2026-05-23 00:30:00,2026-06-23 23:00:00,0.005380363677424338,0.8439997959125165,1.2865445633939039,0.046710036327111217,0.027346438143686924,0.49333333333333335
4,stats_15m,rf,6,8000,750,4,2026-06-23 22:00:00,2026-06-23 23:15:00,2026-07-22 01:30:00,-0.037208552935124484,0.8392874872734222,1.2715338939300447,-0.14203741569319753,-0.0908011576255329,0.48533333333333334
4,stats_15m,rf,7,8750,750,4,2026-07-22 00:30:00,2026-07-22 01:45:00,2026-08-19 10:45:00,0.008982682005769793,0.9161967760739412,1.4253355163366297,0.0995826280648006,0.04500996055174939,0.4866666666666667
4,stats_15m,rf,8,9500,471,4,2026-08-19 09:30:00,2026-08-19 11:00:00,2026-09-05 01:30:00,0.0007489698357791008,0.7785715961490907,1.2490903749232838,0.04768202786085062,-0.09997418808018015,0.4692144373673036
4,stats_15m,hgb,0,3500,750,4,2025-12-12 01:30:00,2025-12-12 09:15:00,2026-01-14 01:15:00,-0.0901381767744569,0.9879892551113502,1.4074888695621233,0.07511132372783895,0.0542069174652945,0.5213333333333333
4,stats_15m,hgb,1,4250,750,4,2026-01-14 00:15:00,2026-01-14 01:30:00,2026-02-11 10:45:00,-0.025374372963213876,1.1200474169842949,2.8881920374147025,-0.03143421758845741,0.004893038312740223,0.488
4,stats_15m,hgb,2,5000,750,4,2026-02-11 09:30:00,2026-02-11 11:00:00,2026-03-20 09:15:00,-0.037799913391167506,0.9382212341004652,1.569203352618111,0.019755247749027025,0.05410788679878817,0.516
4,stats_15m,hgb,3,5750,750,4,2026-03-20 01:45:00,2026-03-20 09:30:00,2026-04-21 01:30:00,-0.10326832907510797,0.8823463378863804,1.4443906528896036,-0.10118943369353989,-0.04705113565147348,0.48533333333333334
4,stats_15m,hgb,4,6500,750,4,2026-04-21 00:30:00,2026-04-21 01:45:00,2026-05-23 00:15:00,-0.041059900031960694,0.9006587688297735,1.3951259584570554,-0.03935847712979387,-0.017796383764567644,0.488
4,stats_15m,hgb,5,7250,750,4,2026-05-22 23:15:00,2026-05-23 00:30:00,2026-06-23 23:00:00,-0.02422641020147931,0.8702008824331778,1.3055523909720494,0.03383778083182924,0.006827631742119589,0.47733333333333333
4,stats_15m,hgb,6,8000,750,4,2026-06-23 22:00:00,2026-06-23 23:15:00,2026-07-22 01:30:00,-0.07987449294720705,0.8610282209662324,1.2974228370867933,-0.15977173046675758,-0.11163394858752777,0.4746666666666667
4,stats_15m,hgb,7,8750,750,4,2026-07-22 00:30:00,2026-07-22 01:45:00,2026-08-19 10:45:00,0.01392257327500579,0.9108049414828743,1.4217786669533188,0.12150074474884129,0.09753484344219968,0.5106666666666667
4,stats_15m,hgb,8,9500,471,4,2026-08-19 09:30:00,2026-08-19 11:00:00,2026-09-05 01:30:00,-0.0061586422409369845,0.7898565250909749,1.2534002888132043,0.1117492155868194,0.005313580371686123,0.5031847133757962
4,stats_15m_1h,ridge,0,3500,750,4,2025-12-12 01:30:00,2025-12-12 09:15:00,2026-01-14 01:15:00,-0.11451735278586406,0.9883075501633292,1.4231399559007476,-0.060552352687276455,-0.06771856498144362,0.5
4,stats_15m_1h,ridge,1,4250,750,4,2026-01-14 00:15:00,2026-01-14 01:30:00,2026-02-11 10:45:00,-0.05209435884290814,1.1590205873795887,2.9255813771857606,-0.047313391960933045,-0.018605219092046023,0.5186666666666667
4,stats_15m_1h,ridge,2,5000,750,4,2026-02-11 09:30:00,2026-02-11 11:00:00,2026-03-20 09:15:00,-0.01239095210958352,0.9132370038193668,1.549874524789469,-0.0006129312357906599,-0.005441005267145401,0.5053333333333333
4,stats_15m_1h,ridge,3,5750,750,4,2026-03-20 01:45:00,2026-03-20 09:30:00,2026-04-21 01:30:00,-0.038129387635930545,0.8707656695724245,1.4011022688011385,-0.06088434126615047,-0.0680592162634022,0.47333333333333333
4,stats_15m_1h,ridge,4,6500,750,4,2026-04-21 00:30:00,2026-04-21 01:45:00,2026-05-23 00:15:00,0.013271784302083867,0.8803679595098735,1.358233174619216,0.08110209676481549,0.061832643697732045,0.54
4,stats_15m_1h,ridge,5,7250,750,4,2026-05-22 23:15:00,2026-05-23 00:30:00,2026-06-23 23:00:00,0.008342849112935702,0.8491424620442557,1.2846271410558574,0.03710689886783257,0.04483128357441548,0.49466666666666664
4,stats_15m_1h,ridge,6,8000,750,4,2026-06-23 22:00:00,2026-06-23 23:15:00,2026-07-22 01:30:00,-0.04141617257220753,0.854871303459416,1.2741103844565895,-0.10489920460558494,-0.10467298327408925,0.46
4,stats_15m_1h,ridge,7,8750,750,4,2026-07-22 00:30:00,2026-07-22 01:45:00,2026-08-19 10:45:00,0.005399022123523944,0.9283966110484068,1.4279102989396797,0.07346823818215875,-0.012453527025187776,0.472
4,stats_15m_1h,ridge,8,9500,471,4,2026-08-19 09:30:00,2026-08-19 11:00:00,2026-09-05 01:30:00,-0.04103911722493114,0.804339063296034,1.2749409889125314,-0.08817499367860392,-0.07443531759715738,0.4692144373673036
4,stats_15m_1h,elastic,0,3500,750,4,2025-12-12 01:30:00,2025-12-12 09:15:00,2026-01-14 01:15:00,-0.11746335987909973,0.9899442273029022,1.4250196096741239,-0.06263700593095634,-0.06920570011198458,0.49733333333333335
4,stats_15m_1h,elastic,1,4250,750,4,2026-01-14 00:15:00,2026-01-14 01:30:00,2026-02-11 10:45:00,-0.05212672793040185,1.1589428542919407,2.9256263815479655,-0.04739923522832773,-0.01862208727255942,0.52
4,stats_15m_1h,elastic,2,5000,750,4,2026-02-11 09:30:00,2026-02-11 11:00:00,2026-03-20 09:15:00,-0.012762173428503942,0.9139522484255503,1.5501586510610559,-0.00040227321630093314,-0.005663882109400244,0.5053333333333333
4,stats_15m_1h,elastic,3,5750,750,4,2026-03-20 01:45:00,2026-03-20 09:30:00,2026-04-21 01:30:00,-0.03807421515628828,0.8706474759886687,1.4010650367786044,-0.06061929087878073,-0.06748076899637567,0.476
4,stats_15m_1h,elastic,4,6500,750,4,2026-04-21 00:30:00,2026-04-21 01:45:00,2026-05-23 00:15:00,0.013279090710678676,0.8802378864000704,1.3582281459675805,0.08114821110603503,0.06194984924026424,0.5386666666666666
4,stats_15m_1h,elastic,5,7250,750,4,2026-05-22 23:15:00,2026-05-23 00:30:00,2026-06-23 23:00:00,0.008459914752265263,0.8490637761542271,1.2845513133688526,0.037525766424483666,0.045337225810799485,0.49333333333333335
4,stats_15m_1h,elastic,6,8000,750,4,2026-06-23 22:00:00,2026-06-23 23:15:00,2026-07-22 01:30:00,-0.04130825555740092,0.8547631408111713,1.274044367740553,-0.10518506751443243,-0.1045682506427087,0.4613333333333333
4,stats_15m_1h,elastic,7,8750,750,4,2026-07-22 00:30:00,2026-07-22 01:45:00,2026-08-19 10:45:00,0.005510510032547544,0.9282724724135701,1.4278302672493581,0.07402732625818643,-0.011545792013553262,0.47333333333333333
4,stats_15m_1h,elastic,8,9500,471,4,2026-08-19 09:30:00,2026-08-19 11:00:00,2026-09-05 01:30:00,-0.04011186080876161,0.8038576247037266,1.2743730656921046,-0.08593129389687339,-0.07330028220841232,0.46709129511677283
4,stats_15m_1h,rf,0,3500,750,4,2025-12-12 01:30:00,2025-12-12 09:15:00,2026-01-14 01:15:00,-0.01655483257636714,0.9327808999504396,1.3591569158224779,0.11755486046502849,0.07975789694937478,0.532
4,stats_15m_1h,rf,1,4250,750,4,2026-01-14 00:15:00,2026-01-14 01:30:00,2026-02-11 10:45:00,-0.003993375421061485,1.0368336957733053,2.8579212685635973,-0.05698322891750823,-0.012666282612909538,0.48133333333333334
4,stats_15m_1h,rf,2,5000,750,4,2026-02-11 09:30:00,2026-02-11 11:00:00,2026-03-20 09:15:00,0.0026250650011685472,0.89538143132108,1.5383375361686584,0.0458582422228366,0.016029568166553668,0.5146666666666667
4,stats_15m_1h,rf,3,5750,750,4,2026-03-20 01:45:00,2026-03-20 09:30:00,2026-04-21 01:30:00,-0.028938485458088303,0.8548897485653872,1.3948862696813167,-0.09773065600328627,-0.09721547870386911,0.452
4,stats_15m_1h,rf,4,6500,750,4,2026-04-21 00:30:00,2026-04-21 01:45:00,2026-05-23 00:15:00,-0.006703803978840961,0.8755374107897747,1.371912506207931,-0.008456576143789819,-0.016357106528951032,0.4866666666666667
4,stats_15m_1h,rf,5,7250,750,4,2026-05-22 23:15:00,2026-05-23 00:30:00,2026-06-23 23:00:00,3.891701608349507e-05,0.8500513126000833,1.289994529262862,-0.0010006890931074962,0.0033336379501733367,0.4653333333333333
4,stats_15m_1h,rf,6,8000,750,4,2026-06-23 22:00:00,2026-06-23 23:15:00,2026-07-22 01:30:00,-0.023300708175995277,0.8323183259221884,1.2629801760747157,-0.11755591059481205,-0.05601166264126096,0.472
4,stats_15m_1h,rf,7,8750,750,4,2026-07-22 00:30:00,2026-07-22 01:45:00,2026-08-19 10:45:00,0.013812790423473276,0.9110546625867101,1.4218578101158719,0.12658997238785197,0.07485473750920375,0.5093333333333333
4,stats_15m_1h,rf,8,9500,471,4,2026-08-19 09:30:00,2026-08-19 11:00:00,2026-09-05 01:30:00,-0.013848466175010454,0.782487542353902,1.2581808875882583,0.04230169258445076,0.03293710074429769,0.4989384288747346
4,stats_15m_1h,hgb,0,3500,750,4,2025-12-12 01:30:00,2025-12-12 09:15:00,2026-01-14 01:15:00,-0.12144933880006614,1.0256871144452264,1.4275588615782273,0.0923520393439194,0.04897728347880738,0.476
4,stats_15m_1h,hgb,1,4250,750,4,2026-01-14 00:15:00,2026-01-14 01:30:00,2026-02-11 10:45:00,-0.054185954849006235,1.1167224128596178,2.9284880062514125,-0.11473932559945016,0.021740710255658185,0.488
4,stats_15m_1h,hgb,2,5000,750,4,2026-02-11 09:30:00,2026-02-11 11:00:00,2026-03-20 09:15:00,-0.06944205370033418,0.9526393209682521,1.5929459541795192,-0.005058654568197013,0.0016980084486128352,0.536
4,stats_15m_1h,hgb,3,5750,750,4,2026-03-20 01:45:00,2026-03-20 09:30:00,2026-04-21 01:30:00,-0.08977562284826712,0.8971408557709433,1.4355312072517057,-0.05088833136686546,-0.07132976439296114,0.4693333333333333
4,stats_15m_1h,hgb,4,6500,750,4,2026-04-21 00:30:00,2026-04-21 01:45:00,2026-05-23 00:15:00,-0.10748389474900866,0.9424956937438184,1.4389452501100313,-0.07679397504666065,-0.07752668390654414,0.4666666666666667
4,stats_15m_1h,hgb,5,7250,750,4,2026-05-22 23:15:00,2026-05-23 00:30:00,2026-06-23 23:00:00,-0.03740762595436209,0.8770446465465432,1.3139263960841314,-0.009752902111072721,-0.015048546720178177,0.46
4,stats_15m_1h,hgb,6,8000,750,4,2026-06-23 22:00:00,2026-06-23 23:15:00,2026-07-22 01:30:00,-0.07858885021391848,0.8678357369722003,1.296650284806685,-0.0964747619592549,-0.06800153469441503,0.468
4,stats_15m_1h,hgb,7,8750,750,4,2026-07-22 00:30:00,2026-07-22 01:45:00,2026-08-19 10:45:00,-0.02653707693123386,0.9259837326458437,1.4506538837958183,-0.003879261751343588,0.03077519798739814,0.504
4,stats_15m_1h,hgb,8,9500,471,4,2026-08-19 09:30:00,2026-08-19 11:00:00,2026-09-05 01:30:00,0.01550798899088801,0.7954907288854722,1.239831475746414,0.14576524924172612,0.058080504721601416,0.5329087048832272
4,stats_15m_1h_4h,ridge,0,3500,750,4,2025-12-12 01:30:00,2025-12-12 09:15:00,2026-01-14 01:15:00,-0.25126865821866495,1.0902565985726957,1.5079240848490187,-0.008818735666545938,-0.0014480666155301007,0.5
4,stats_15m_1h_4h,ridge,1,4250,750,4,2026-01-14 00:15:00,2026-01-14 01:30:00,2026-02-11 10:45:00,-0.10430386513704515,1.2935948230923422,2.9972925412459155,-0.03998777912833384,-0.022517527596718313,0.5213333333333333
4,stats_15m_1h_4h,ridge,2,5000,750,4,2026-02-11 09:30:00,2026-02-11 11:00:00,2026-03-20 09:15:00,-0.03772173906781329,0.9541712577264607,1.5691442498378367,0.011521763180642675,0.005420738564304922,0.5266666666666666
4,stats_15m_1h_4h,ridge,3,5750,750,4,2026-03-20 01:45:00,2026-03-20 09:30:00,2026-04-21 01:30:00,-0.03259569591495293,0.8822458605582868,1.3973630298202384,0.023801120849747993,0.0038255713542764383,0.49733333333333335
4,stats_15m_1h_4h,ridge,4,6500,750,4,2026-04-21 00:30:00,2026-04-21 01:45:00,2026-05-23 00:15:00,0.016791852903040083,0.8937941513678558,1.3558083196715274,0.09569940534719729,0.037789038115900925,0.49333333333333335
4,stats_15m_1h_4h,ridge,5,7250,750,4,2026-05-22 23:15:00,2026-05-23 00:30:00,2026-06-23 23:00:00,-0.003502531100106898,0.8479007046942518,1.2922768235599345,-0.01309471139995189,0.017634648364776816,0.532
4,stats_15m_1h_4h,ridge,6,8000,750,4,2026-06-23 22:00:00,2026-06-23 23:15:00,2026-07-22 01:30:00,-0.035408373679322036,0.8579667461124977,1.270429977563562,-0.01663675886593661,-0.021318935829709465,0.4866666666666667
4,stats_15m_1h_4h,ridge,7,8750,750,4,2026-07-22 00:30:00,2026-07-22 01:45:00,2026-08-19 10:45:00,-0.015648789004175878,0.9424153463764087,1.4429399662191402,-0.015000617796511654,-0.05930093097416586,0.49733333333333335
4,stats_15m_1h_4h,ridge,8,9500,471,4,2026-08-19 09:30:00,2026-08-19 11:00:00,2026-09-05 01:30:00,-0.04268101819340897,0.81591986176234,1.2759459953884325,-0.048989004932193526,-0.08217464419603962,0.4861995753715499
4,stats_15m_1h_4h,elastic,0,3500,750,4,2025-12-12 01:30:00,2025-12-12 09:15:00,2026-01-14 01:15:00,-0.2520408072152269,1.08986842841972,1.5083892777114625,-0.007313696662629967,0.00514681818518627,0.5013333333333333
4,stats_15m_1h_4h,elastic,1,4250,750,4,2026-01-14 00:15:00,2026-01-14 01:30:00,2026-02-11 10:45:00,-0.1118125880667673,1.3068019465753253,3.0074653353007768,-0.041425850491473085,-0.022344550521335604,0.5253333333333333
4,stats_15m_1h_4h,elastic,2,5000,750,4,2026-02-11 09:30:00,2026-02-11 11:00:00,2026-03-20 09:15:00,-0.03808511156516792,0.9553921057038036,1.5694189544805273,0.013300778437750321,0.006460655087107035,0.5293333333333333
4,stats_15m_1h_4h,elastic,3,5750,750,4,2026-03-20 01:45:00,2026-03-20 09:30:00,2026-04-21 01:30:00,-0.03281263801418688,0.8827359191789216,1.397509810864176,0.024534956641362966,0.0036832635416813495,0.5013333333333333
4,stats_15m_1h_4h,elastic,4,6500,750,4,2026-04-21 00:30:00,2026-04-21 01:45:00,2026-05-23 00:15:00,0.01688708411997719,0.893760161542555,1.3557426578870932,0.09606414523499582,0.03794076105337617,0.49066666666666664
4,stats_15m_1h_4h,elastic,5,7250,750,4,2026-05-22 23:15:00,2026-05-23 00:30:00,2026-06-23 23:00:00,-0.00342785754091679,0.8478863941683845,1.2922287416158726,-0.012842359303424845,0.01809732652393925,0.5306666666666666
4,stats_15m_1h_4h,elastic,6,8000,750,4,2026-06-23 22:00:00,2026-06-23 23:15:00,2026-07-22 01:30:00,-0.03531715121587631,0.8577976579589921,1.2703740120586238,-0.01706239772923091,-0.021222252990474668,0.484
4,stats_15m_1h_4h,elastic,7,8750,750,4,2026-07-22 00:30:00,2026-07-22 01:45:00,2026-08-19 10:45:00,-0.015369731614621074,0.9422118945932504,1.442741723122157,-0.01439003814102703,-0.05888709198680133,0.5026666666666667
4,stats_15m_1h_4h,elastic,8,9500,471,4,2026-08-19 09:30:00,2026-08-19 11:00:00,2026-09-05 01:30:00,-0.04164253751597791,0.8153190815454505,1.2753104341142782,-0.046778797090790906,-0.08037303535831383,0.4883227176220807
4,stats_15m_1h_4h,rf,0,3500,750,4,2025-12-12 01:30:00,2025-12-12 09:15:00,2026-01-14 01:15:00,-0.020525297266328346,0.9297702176941369,1.3618086298429455,0.060998406163225716,-0.0009164958776174433,0.5053333333333333
4,stats_15m_1h_4h,rf,1,4250,750,4,2026-01-14 00:15:00,2026-01-14 01:30:00,2026-02-11 10:45:00,-0.0014645151829713043,1.0696110866644888,2.8543197307443218,0.013932403304274584,0.06180646544003099,0.504
4,stats_15m_1h_4h,rf,2,5000,750,4,2026-02-11 09:30:00,2026-02-11 11:00:00,2026-03-20 09:15:00,-0.006380365293618961,0.9029604549615639,1.545266856489423,0.019512822458368953,-0.047163790077174604,0.512
4,stats_15m_1h_4h,rf,3,5750,750,4,2026-03-20 01:45:00,2026-03-20 09:30:00,2026-04-21 01:30:00,-0.02300965434180391,0.8462274390597505,1.3908617371855327,-0.11174925213894456,-0.08638896314877613,0.44533333333333336
4,stats_15m_1h_4h,rf,4,6500,750,4,2026-04-21 00:30:00,2026-04-21 01:45:00,2026-05-23 00:15:00,-0.021934469063690454,0.8850912005971899,1.382251545443168,-0.07436269095548251,-0.0440534830750169,0.5053333333333333
4,stats_15m_1h_4h,rf,5,7250,750,4,2026-05-22 23:15:00,2026-05-23 00:30:00,2026-06-23 23:00:00,-0.003230000453994908,0.8462820626083909,1.2921013337422382,0.018465736070806385,0.034849498894746464,0.4746666666666667
4,stats_15m_1h_4h,rf,6,8000,750,4,2026-06-23 22:00:00,2026-06-23 23:15:00,2026-07-22 01:30:00,-0.021218063681400112,0.8374820392958836,1.2616942987250075,-0.08998164307073715,-0.08192613553236214,0.42133333333333334
4,stats_15m_1h_4h,rf,7,8750,750,4,2026-07-22 00:30:00,2026-07-22 01:45:00,2026-08-19 10:45:00,-0.003955824481813197,0.9205412378626522,1.4346097790050145,0.016942711846278675,-0.030753508619945153,0.4653333333333333
4,stats_15m_1h_4h,rf,8,9500,471,4,2026-08-19 09:30:00,2026-08-19 11:00:00,2026-09-05 01:30:00,1.084240426241223e-05,0.7805214637733114,1.249551629223528,0.06894476373587186,0.01765931741791447,0.5329087048832272
4,stats_15m_1h_4h,hgb,0,3500,750,4,2025-12-12 01:30:00,2025-12-12 09:15:00,2026-01-14 01:15:00,-0.15686920991344322,1.0616420386142207,1.4499276299460098,0.10357921851162526,0.03916608046707683,0.48
4,stats_15m_1h_4h,hgb,1,4250,750,4,2026-01-14 00:15:00,2026-01-14 01:30:00,2026-02-11 10:45:00,-0.08850953569880482,1.212518749296374,2.975780926600122,-0.12798413397332734,-0.005548451058548557,0.48533333333333334
4,stats_15m_1h_4h,hgb,2,5000,750,4,2026-02-11 09:30:00,2026-02-11 11:00:00,2026-03-20 09:15:00,-0.20143726630411285,1.054189739608852,1.6883907403316702,-0.05650581979499631,-0.04034526100186182,0.492
4,stats_15m_1h_4h,hgb,3,5750,750,4,2026-03-20 01:45:00,2026-03-20 09:30:00,2026-04-21 01:30:00,-0.14911063208448105,0.9115953474163699,1.4740934455311359,-0.11941771862355784,-0.07009832132166054,0.4693333333333333
4,stats_15m_1h_4h,hgb,4,6500,750,4,2026-04-21 00:30:00,2026-04-21 01:45:00,2026-05-23 00:15:00,-0.12511395953200255,0.9499830360735667,1.450353331326153,-0.0896571935590406,-0.06397277440422919,0.496
4,stats_15m_1h_4h,hgb,5,7250,750,4,2026-05-22 23:15:00,2026-05-23 00:30:00,2026-06-23 23:00:00,-0.11044712764564424,0.9335524255281193,1.3593937282815254,-0.01671580343671367,-0.033065862832703075,0.512
4,stats_15m_1h_4h,hgb,6,8000,750,4,2026-06-23 22:00:00,2026-06-23 23:15:00,2026-07-22 01:30:00,-0.05114594789746607,0.8586582763714166,1.2800484461381845,-0.01738957027551985,-0.016907881137282987,0.4746666666666667
4,stats_15m_1h_4h,hgb,7,8750,750,4,2026-07-22 00:30:00,2026-07-22 01:45:00,2026-08-19 10:45:00,-0.0255843898377226,0.9316014310013317,1.449980581261953,0.004086083612074291,-0.004189733889035917,0.5026666666666667
4,stats_15m_1h_4h,hgb,8,9500,471,4,2026-08-19 09:30:00,2026-08-19 11:00:00,2026-09-05 01:30:00,-0.0100901791321375,0.7958842616846261,1.255846714679944,0.07433275019438687,-0.0038106930651006328,0.5010615711252654
8,stats_15m,ridge,0,3500,750,8,2025-12-12 01:30:00,2025-12-12 10:30:00,2026-01-14 02:15:00,-0.05491551833691943,1.070311439309753,1.5098603425554176,0.01289596690650407,0.0752512626689114,0.52
8,stats_15m,ridge,1,4250,750,8,2026-01-14 00:15:00,2026-01-14 09:00:00,2026-02-11 13:45:00,-0.02938946075792348,1.1649599456582962,2.6311590192524217,-0.05854491064050202,0.008049182346576257,0.536
8,stats_15m,ridge,2,5000,750,8,2026-02-11 09:30:00,2026-02-11 14:00:00,2026-03-20 10:30:00,0.000646434996280365,1.006600132532469,1.588119024429648,0.014485914375160239,0.02048278130272231,0.472
8,stats_15m,ridge,3,5750,750,8,2026-03-20 01:45:00,2026-03-20 10:45:00,2026-04-21 09:00:00,-0.07391633194606384,0.9973802847379346,1.4647958877459484,-0.16563907787317544,-0.1892030385831797,0.4493333333333333
8,stats_15m,ridge,4,6500,750,8,2026-04-21 00:30:00,2026-04-21 09:15:00,2026-05-23 01:15:00,0.0030134927691989333,1.0017074435429403,1.47353498357369,0.0311705582850217,0.03302117159319393,0.5253333333333333
8,stats_15m,ridge,5,7250,750,8,2026-05-22 23:15:00,2026-05-23 01:30:00,2026-06-24 00:00:00,0.03601871004663537,0.8907026281881197,1.2894821323553232,0.10589006817436271,0.05826455199575148,0.5053333333333333
8,stats_15m,ridge,6,8000,750,8,2026-06-23 22:00:00,2026-06-24 00:15:00,2026-07-22 09:00:00,-0.03206455928259566,0.9121281700470002,1.278469591799533,-0.03713761700195636,-0.03769941031573491,0.49733333333333335
8,stats_15m,ridge,7,8750,750,8,2026-07-22 00:30:00,2026-07-22 09:15:00,2026-08-19 13:45:00,0.014510984211554723,1.0210234424449467,1.510619557283027,0.12318904354706228,0.07125082889036247,0.5093333333333333
8,stats_15m,ridge,8,9500,463,8,2026-08-19 09:30:00,2026-08-19 14:00:00,2026-09-05 00:30:00,-0.05126177083146022,0.8400781648640577,1.200941817080056,-0.06482781777283034,-0.042523472282539825,0.48596112311015116
8,stats_15m,elastic,0,3500,750,8,2025-12-12 01:30:00,2025-12-12 10:30:00,2026-01-14 02:15:00,-0.05563243998674783,1.0705794341789472,1.510373306723,0.012669472871990196,0.07562271932927879,0.52
8,stats_15m,elastic,1,4250,750,8,2026-01-14 00:15:00,2026-01-14 09:00:00,2026-02-11 13:45:00,-0.030180880357777218,1.1660871244680109,2.6321702743754134,-0.059786859942397616,0.007432810821643099,0.5346666666666666
8,stats_15m,elastic,2,5000,750,8,2026-02-11 09:30:00,2026-02-11 14:00:00,2026-03-20 10:30:00,0.0003507641189152144,1.0068586045761057,1.5883539391963513,0.013951241365712162,0.020094428612317528,0.47333333333333333
8,stats_15m,elastic,3,5750,750,8,2026-03-20 01:45:00,2026-03-20 10:45:00,2026-04-21 09:00:00,-0.07379169764865545,0.9972900752720877,1.4647108861969018,-0.1655049504104955,-0.18902716627051777,0.45066666666666666
8,stats_15m,elastic,4,6500,750,8,2026-04-21 00:30:00,2026-04-21 09:15:00,2026-05-23 01:15:00,0.003052550139739374,1.0016785269059805,1.4735061201110897,0.0312442215375044,0.03285084595705948,0.5266666666666666
8,stats_15m,elastic,5,7250,750,8,2026-05-22 23:15:00,2026-05-23 01:30:00,2026-06-24 00:00:00,0.03603446711418157,0.8906527756480936,1.2894715934889043,0.1059985558940292,0.058557487629720135,0.5053333333333333
8,stats_15m,elastic,6,8000,750,8,2026-06-23 22:00:00,2026-06-24 00:15:00,2026-07-22 09:00:00,-0.03199914035342055,0.9120670065414916,1.2784290723202438,-0.03713873382866868,-0.03777035088831379,0.49733333333333335
8,stats_15m,elastic,7,8750,750,8,2026-07-22 00:30:00,2026-07-22 09:15:00,2026-08-19 13:45:00,0.01451629236761165,1.020985589291274,1.5106154889397871,0.12325410125092706,0.07114808737437754,0.508
8,stats_15m,elastic,8,9500,463,8,2026-08-19 09:30:00,2026-08-19 14:00:00,2026-09-05 00:30:00,-0.0511391765992244,0.8400369193069407,1.2008717903575634,-0.06488420107904791,-0.042713895920122175,0.4838012958963283
8,stats_15m,rf,0,3500,750,8,2025-12-12 01:30:00,2025-12-12 10:30:00,2026-01-14 02:15:00,-0.05539722830449856,1.079632141599981,1.5102050297620535,0.11345815126106731,0.037054544096967276,0.492
8,stats_15m,rf,1,4250,750,8,2026-01-14 00:15:00,2026-01-14 09:00:00,2026-02-11 13:45:00,0.021213476581771196,1.1022726592304446,2.5656725523036714,0.10597442518147829,0.11445800761535871,0.5493333333333333
8,stats_15m,rf,2,5000,750,8,2026-02-11 09:30:00,2026-02-11 14:00:00,2026-03-20 10:30:00,-0.017512772333678095,1.0099205891936982,1.60248288553045,0.013738639746898164,0.017437200777245823,0.4866666666666667
8,stats_15m,rf,3,5750,750,8,2026-03-20 01:45:00,2026-03-20 10:45:00,2026-04-21 09:00:00,-0.06000565956891779,0.9765550353454635,1.4552780554046105,-0.13255730177938416,-0.1319727430626543,0.4613333333333333
8,stats_15m,rf,4,6500,750,8,2026-04-21 00:30:00,2026-04-21 09:15:00,2026-05-23 01:15:00,-0.004481606161272911,0.995748110498822,1.4790634491017127,-0.012958625401205891,-0.010168210076817912,0.5106666666666667
8,stats_15m,rf,5,7250,750,8,2026-05-22 23:15:00,2026-05-23 01:30:00,2026-06-24 00:00:00,0.03135602251859215,0.8902027838073762,1.2925969227725975,0.15299699969835828,0.05811932862543278,0.5093333333333333
8,stats_15m,rf,6,8000,750,8,2026-06-23 22:00:00,2026-06-24 00:15:00,2026-07-22 09:00:00,-0.06165389828490775,0.9171641703684579,1.2966669749192226,-0.15233225746328527,-0.16320397833820802,0.45466666666666666
8,stats_15m,rf,7,8750,750,8,2026-07-22 00:30:00,2026-07-22 09:15:00,2026-08-19 13:45:00,0.036827478370162425,1.0041624338896573,1.4934175513015735,0.24996487622611038,0.1693134245571992,0.5186666666666667
8,stats_15m,rf,8,9500,463,8,2026-08-19 09:30:00,2026-08-19 14:00:00,2026-09-05 00:30:00,0.001238889507625407,0.8241430315085484,1.1705698752973879,0.07450164186808653,-0.04864592471652871,0.4946004319654428
8,stats_15m,hgb,0,3500,750,8,2025-12-12 01:30:00,2025-12-12 10:30:00,2026-01-14 02:15:00,-0.1385524031493186,1.1454581665539456,1.5685719694807587,0.06080975221022634,0.031130750454667473,0.49866666666666665
8,stats_15m,hgb,1,4250,750,8,2026-01-14 00:15:00,2026-01-14 09:00:00,2026-02-11 13:45:00,-0.047164083129894285,1.2445837586036272,2.6537781042812134,-0.028699198426618354,0.09687965720794747,0.5133333333333333
8,stats_15m,hgb,2,5000,750,8,2026-02-11 09:30:00,2026-02-11 14:00:00,2026-03-20 10:30:00,-0.09201474045814484,1.064525821447213,1.6601132490327986,-0.02427574505528899,0.016062307666324736,0.532
8,stats_15m,hgb,3,5750,750,8,2026-03-20 01:45:00,2026-03-20 10:45:00,2026-04-21 09:00:00,-0.12338488976753914,1.0191504198576158,1.4981530319132572,-0.10928713356264869,-0.09758545348525062,0.4613333333333333
8,stats_15m,hgb,4,6500,750,8,2026-04-21 00:30:00,2026-04-21 09:15:00,2026-05-23 01:15:00,-0.04238418845625058,1.0176102659868778,1.5067101646928969,-0.03727771615531611,-0.012596175282089386,0.5146666666666667
8,stats_15m,hgb,5,7250,750,8,2026-05-22 23:15:00,2026-05-23 01:30:00,2026-06-24 00:00:00,0.0016114313949334713,0.9210841727552962,1.3122930424042034,0.11216918140597769,0.05192596682911035,0.5066666666666667
8,stats_15m,hgb,6,8000,750,8,2026-06-23 22:00:00,2026-06-24 00:15:00,2026-07-22 09:00:00,-0.15241511866770474,0.9601710899775093,1.3509567452539586,-0.1890732092508773,-0.16115910353359858,0.43866666666666665
8,stats_15m,hgb,7,8750,750,8,2026-07-22 00:30:00,2026-07-22 09:15:00,2026-08-19 13:45:00,0.033553855225157636,1.0135972115094287,1.4959533063812078,0.18896631463968716,0.09653056162966023,0.5173333333333333
8,stats_15m,hgb,8,9500,463,8,2026-08-19 09:30:00,2026-08-19 14:00:00,2026-09-05 00:30:00,-0.05260262380333791,0.8389196445914225,1.2017074557194027,0.020125581846666116,-0.0013622242061208322,0.5183585313174947
8,stats_15m_1h,ridge,0,3500,750,8,2025-12-12 01:30:00,2025-12-12 10:30:00,2026-01-14 02:15:00,-0.11529858066320609,1.1073344604951072,1.5524710576305698,-0.02436363089624761,0.02579109296194304,0.508
8,stats_15m_1h,ridge,1,4250,750,8,2026-01-14 00:15:00,2026-01-14 09:00:00,2026-02-11 13:45:00,-0.16767158234646717,1.3501778696988211,2.802319139750693,-0.11749172477446021,-0.06817979585513073,0.532
8,stats_15m_1h,ridge,2,5000,750,8,2026-02-11 09:30:00,2026-02-11 14:00:00,2026-03-20 10:30:00,-0.01839021690866005,1.0257553372810166,1.6031736812386068,-0.01628939159072463,-0.02732829036140508,0.476
8,stats_15m_1h,ridge,3,5750,750,8,2026-03-20 01:45:00,2026-03-20 10:45:00,2026-04-21 09:00:00,-0.06641239815417976,1.0029453823248344,1.4596693246021595,-0.08405128170184652,-0.10326635958463924,0.46
8,stats_15m_1h,ridge,4,6500,750,8,2026-04-21 00:30:00,2026-04-21 09:15:00,2026-05-23 01:15:00,0.02119957777340553,0.9971744984311569,1.4600337150515137,0.10754110466381919,0.11876704491919095,0.5506666666666666
8,stats_15m_1h,ridge,5,7250,750,8,2026-05-22 23:15:00,2026-05-23 01:30:00,2026-06-24 00:00:00,0.033003156684138335,0.9008089301049551,1.2914974546117752,0.10233671809318166,0.06036227662884575,0.49066666666666664
8,stats_15m_1h,ridge,6,8000,750,8,2026-06-23 22:00:00,2026-06-24 00:15:00,2026-07-22 09:00:00,-0.06385597703890378,0.9366374622522402,1.2980110493340704,-0.1041595375795397,-0.10286068712259223,0.472
8,stats_15m_1h,ridge,7,8750,750,8,2026-07-22 00:30:00,2026-07-22 09:15:00,2026-08-19 13:45:00,0.0035520615875093142,1.0408365408194828,1.5189955986562318,0.07286341772085561,0.0009179180762988021,0.492
8,stats_15m_1h,ridge,8,9500,463,8,2026-08-19 09:30:00,2026-08-19 14:00:00,2026-09-05 00:30:00,-0.08092403911980406,0.8622883489131176,1.2177667706787605,-0.10097146406084789,-0.08544955454168233,0.4946004319654428
8,stats_15m_1h,elastic,0,3500,750,8,2025-12-12 01:30:00,2025-12-12 10:30:00,2026-01-14 02:15:00,-0.1183907647948812,1.1086599786100801,1.5546216940933135,-0.025614323051869885,0.02661305353431739,0.508
8,stats_15m_1h,elastic,1,4250,750,8,2026-01-14 00:15:00,2026-01-14 09:00:00,2026-02-11 13:45:00,-0.16983338444284946,1.3532272852370626,2.8049120169495985,-0.11682339690575486,-0.0680063106951987,0.5306666666666666
8,stats_15m_1h,elastic,2,5000,750,8,2026-02-11 09:30:00,2026-02-11 14:00:00,2026-03-20 10:30:00,-0.01911401157288939,1.0265592505340195,1.6037432872868365,-0.017131506991984412,-0.028294834301927644,0.4746666666666667
8,stats_15m_1h,elastic,3,5750,750,8,2026-03-20 01:45:00,2026-03-20 10:45:00,2026-04-21 09:00:00,-0.06627414596518166,1.0028196582829765,1.4595747040685607,-0.08351770744169512,-0.1023176787869845,0.4613333333333333
8,stats_15m_1h,elastic,4,6500,750,8,2026-04-21 00:30:00,2026-04-21 09:15:00,2026-05-23 01:15:00,0.021204271649291617,0.9971626100784992,1.4600302142227908,0.1076160469309572,0.11910988641757583,0.552
8,stats_15m_1h,elastic,5,7250,750,8,2026-05-22 23:15:00,2026-05-23 01:30:00,2026-06-24 00:00:00,0.03318841677099871,0.900636855518982,1.291373734253717,0.10277322019702409,0.06094376744452002,0.49066666666666664
8,stats_15m_1h,elastic,6,8000,750,8,2026-06-23 22:00:00,2026-06-24 00:15:00,2026-07-22 09:00:00,-0.06349686466405857,0.9363141517777985,1.2977919542762069,-0.10379412982062884,-0.10266393654499475,0.4706666666666667
8,stats_15m_1h,elastic,7,8750,750,8,2026-07-22 00:30:00,2026-07-22 09:15:00,2026-08-19 13:45:00,0.0036901572394775206,1.0406832846753937,1.5188903377852256,0.07335648694248645,0.0014513945802570314,0.49333333333333335
8,stats_15m_1h,elastic,8,9500,463,8,2026-08-19 09:30:00,2026-08-19 14:00:00,2026-09-05 00:30:00,-0.08041540962160187,0.8620487775602043,1.2174802264998617,-0.10052164111902653,-0.08507741234709283,0.4946004319654428
8,stats_15m_1h,rf,0,3500,750,8,2025-12-12 01:30:00,2025-12-12 10:30:00,2026-01-14 02:15:00,-0.027019608351273927,1.0589726732211595,1.489763417012659,0.16120410756389297,0.11277637826911689,0.552
8,stats_15m_1h,rf,1,4250,750,8,2026-01-14 00:15:00,2026-01-14 09:00:00,2026-02-11 13:45:00,-0.008332297577414272,1.1074632511896543,2.6041085092070553,-0.08752568653480748,0.09195487372577012,0.536
8,stats_15m_1h,rf,2,5000,750,8,2026-02-11 09:30:00,2026-02-11 14:00:00,2026-03-20 10:30:00,-0.017366490022364234,1.0088468413982759,1.6023676912388123,0.013702636885433534,-0.015345222929157281,0.512
8,stats_15m_1h,rf,3,5750,750,8,2026-03-20 01:45:00,2026-03-20 10:45:00,2026-04-21 09:00:00,-0.03770222335585682,0.9625529760183541,1.4398865074012954,-0.06719406422521845,-0.07197902423233535,0.4746666666666667
8,stats_15m_1h,rf,4,6500,750,8,2026-04-21 00:30:00,2026-04-21 09:15:00,2026-05-23 01:15:00,-0.02188410080312342,1.0006505014906042,1.4918207092531823,-0.1210643374899014,-0.049165726516847134,0.4706666666666667
8,stats_15m_1h,rf,5,7250,750,8,2026-05-22 23:15:00,2026-05-23 01:30:00,2026-06-24 00:00:00,0.0062547648757831364,0.8979126477432505,1.3092378613900635,0.015704903477494626,0.03739684541588053,0.5026666666666667
8,stats_15m_1h,rf,6,8000,750,8,2026-06-23 22:00:00,2026-06-24 00:15:00,2026-07-22 09:00:00,-0.03196696893527662,0.9098198365708946,1.2784091453672133,-0.05386522075109681,-0.09630802886078126,0.4706666666666667
8,stats_15m_1h,rf,7,8750,750,8,2026-07-22 00:30:00,2026-07-22 09:15:00,2026-08-19 13:45:00,0.01175975146362973,1.024515277499826,1.5127267189577198,0.11385132434653103,0.04792293202626517,0.5
8,stats_15m_1h,rf,8,9500,463,8,2026-08-19 09:30:00,2026-08-19 14:00:00,2026-09-05 00:30:00,-0.022104601325494855,0.8408822728877906,1.1841704058950286,0.016355484205133292,-0.05486709684072972,0.4924406047516199
8,stats_15m_1h,hgb,0,3500,750,8,2025-12-12 01:30:00,2025-12-12 10:30:00,2026-01-14 02:15:00,-0.1959877176522935,1.2111527418504366,1.6076492325423046,0.12495519441837691,0.06773213396925372,0.4786666666666667
8,stats_15m_1h,hgb,1,4250,750,8,2026-01-14 00:15:00,2026-01-14 09:00:00,2026-02-11 13:45:00,-0.043170585748010026,1.1982279942992982,2.6487130053759924,-0.027452057806154867,0.09637778512692642,0.536
8,stats_15m_1h,hgb,2,5000,750,8,2026-02-11 09:30:00,2026-02-11 14:00:00,2026-03-20 10:30:00,-0.15845769177962188,1.1165491031395862,1.7098718165763305,-0.12864302838193178,-0.16540388729936562,0.444
8,stats_15m_1h,hgb,3,5750,750,8,2026-03-20 01:45:00,2026-03-20 10:45:00,2026-04-21 09:00:00,-0.11597733934841559,0.9872339155803134,1.493205484936944,-0.0999317932219274,-0.06196445316350686,0.49066666666666664
8,stats_15m_1h,hgb,4,6500,750,8,2026-04-21 00:30:00,2026-04-21 09:15:00,2026-05-23 01:15:00,-0.08728033761803289,1.0605843912053883,1.538815590693106,-0.05530305743294831,-0.05196602998198685,0.4693333333333333
8,stats_15m_1h,hgb,5,7250,750,8,2026-05-22 23:15:00,2026-05-23 01:30:00,2026-06-24 00:00:00,-0.028147544005096004,0.9384696950883649,1.3317071993705236,0.03814474186766612,0.025244807059993685,0.49066666666666664
8,stats_15m_1h,hgb,6,8000,750,8,2026-06-23 22:00:00,2026-06-24 00:15:00,2026-07-22 09:00:00,-0.06515935372188264,0.9238299097674204,1.2988059311206206,0.013236068255200864,-0.01356366117034528,0.508
8,stats_15m_1h,hgb,7,8750,750,8,2026-07-22 00:30:00,2026-07-22 09:15:00,2026-08-19 13:45:00,-0.022874763993694147,1.0401509914036806,1.5390064535985573,0.01766359497402627,-0.0415823195351604,0.4693333333333333
8,stats_15m_1h,hgb,8,9500,463,8,2026-08-19 09:30:00,2026-08-19 14:00:00,2026-09-05 00:30:00,-0.013434546159520888,0.8297816255389524,1.1791373164343608,0.08818566107342603,0.04576168699795937,0.5118790496760259
8,stats_15m_1h_4h,ridge,0,3500,750,8,2025-12-12 01:30:00,2025-12-12 10:30:00,2026-01-14 02:15:00,-0.36314450701541623,1.270143512337491,1.7163224635078005,0.06293547179246697,0.09763486157308722,0.5026666666666667
8,stats_15m_1h_4h,ridge,1,4250,750,8,2026-01-14 00:15:00,2026-01-14 09:00:00,2026-02-11 13:45:00,-0.30229220875020935,1.5703753376982386,2.9594530785869244,-0.10522402066196858,-0.04909445134530607,0.5453333333333333
8,stats_15m_1h_4h,ridge,2,5000,750,8,2026-02-11 09:30:00,2026-02-11 14:00:00,2026-03-20 10:30:00,-0.03311864411844745,1.05030780027911,1.6147249832764445,0.017735571295120493,0.019501901336713486,0.5133333333333333
8,stats_15m_1h_4h,ridge,3,5750,750,8,2026-03-20 01:45:00,2026-03-20 10:45:00,2026-04-21 09:00:00,-0.03219543522738433,0.9890648767190596,1.4360608928933227,0.05330495516367542,0.027585969041722735,0.5253333333333333
8,stats_15m_1h_4h,ridge,4,6500,750,8,2026-04-21 00:30:00,2026-04-21 09:15:00,2026-05-23 01:15:00,0.03498277260912208,1.0118121554461992,1.4497173743367102,0.14250355822540228,0.08057263035134284,0.5186666666666667
8,stats_15m_1h_4h,ridge,5,7250,750,8,2026-05-22 23:15:00,2026-05-23 01:30:00,2026-06-24 00:00:00,0.01850825309201054,0.9038470646613304,1.3011409711683302,0.031005935537419996,0.030739297532897284,0.54
8,stats_15m_1h_4h,ridge,6,8000,750,8,2026-06-23 22:00:00,2026-06-24 00:15:00,2026-07-22 09:00:00,-0.07574528793627944,0.9507405949397036,1.3052439734649077,-0.03822229975454385,-0.03404693794078036,0.4826666666666667
8,stats_15m_1h_4h,ridge,7,8750,750,8,2026-07-22 00:30:00,2026-07-22 09:15:00,2026-08-19 13:45:00,-0.021004657470732546,1.0617169747203825,1.537598938811553,-0.006493571780451174,-0.05073230707965702,0.5013333333333333
8,stats_15m_1h_4h,ridge,8,9500,463,8,2026-08-19 09:30:00,2026-08-19 14:00:00,2026-09-05 00:30:00,-0.09849968587897395,0.8861607136075599,1.2276271935995628,-0.07548961411217904,-0.10307020937653244,0.5053995680345572
8,stats_15m_1h_4h,elastic,0,3500,750,8,2025-12-12 01:30:00,2025-12-12 10:30:00,2026-01-14 02:15:00,-0.3697366850297219,1.274377800794576,1.7204675329086387,0.06338159975848376,0.09918312388110911,0.5026666666666667
8,stats_15m_1h_4h,elastic,1,4250,750,8,2026-01-14 00:15:00,2026-01-14 09:00:00,2026-02-11 13:45:00,-0.31525390471352277,1.5844634130368815,2.97414431103821,-0.10588954318844854,-0.047969215618273525,0.548
8,stats_15m_1h_4h,elastic,2,5000,750,8,2026-02-11 09:30:00,2026-02-11 14:00:00,2026-03-20 10:30:00,-0.033849084367177706,1.0515822665805943,1.6152957075209347,0.01912652856210314,0.021256443122565548,0.516
8,stats_15m_1h_4h,elastic,3,5750,750,8,2026-03-20 01:45:00,2026-03-20 10:45:00,2026-04-21 09:00:00,-0.03218929078081345,0.9891469439145355,1.4360566185997832,0.05441186581519228,0.02829036851621069,0.5213333333333333
8,stats_15m_1h_4h,elastic,4,6500,750,8,2026-04-21 00:30:00,2026-04-21 09:15:00,2026-05-23 01:15:00,0.035319409288922854,1.0116725202515975,1.4494644925237994,0.14342265309041063,0.0810910881619345,0.5186666666666667
8,stats_15m_1h_4h,elastic,5,7250,750,8,2026-05-22 23:15:00,2026-05-23 01:30:00,2026-06-24 00:00:00,0.018649830450621407,0.903572871005607,1.3010471248645004,0.03130969444609316,0.03163676402366414,0.5453333333333333
8,stats_15m_1h_4h,elastic,6,8000,750,8,2026-06-23 22:00:00,2026-06-24 00:15:00,2026-07-22 09:00:00,-0.07577928415944024,0.9506579301660022,1.305264597777804,-0.03869582857187818,-0.0345710846652836,0.484
8,stats_15m_1h_4h,elastic,7,8750,750,8,2026-07-22 00:30:00,2026-07-22 09:15:00,2026-08-19 13:45:00,-0.020898937370447568,1.06158030684694,1.5375193312794095,-0.006426644971288706,-0.05058456637256244,0.5013333333333333
8,stats_15m_1h_4h,elastic,8,9500,463,8,2026-08-19 09:30:00,2026-08-19 14:00:00,2026-09-05 00:30:00,-0.0980228257706981,0.8858430179596203,1.227360707414268,-0.07522038285508303,-0.10345081484390338,0.5053995680345572
8,stats_15m_1h_4h,rf,0,3500,750,8,2025-12-12 01:30:00,2025-12-12 10:30:00,2026-01-14 02:15:00,-0.049350927394486765,1.0824161168056303,1.505872883845373,0.1391509299555238,0.06288847196195638,0.49333333333333335
8,stats_15m_1h_4h,rf,1,4250,750,8,2026-01-14 00:15:00,2026-01-14 09:00:00,2026-02-11 13:45:00,-0.00870067783252959,1.1605254946448404,2.6045841532771363,0.0008945804576797109,0.08032928866533055,0.5586666666666666
8,stats_15m_1h_4h,rf,2,5000,750,8,2026-02-11 09:30:00,2026-02-11 14:00:00,2026-03-20 10:30:00,-0.002101202409537928,0.9931139591745209,1.5903007247736158,0.02394018069504996,-0.05319946335997408,0.49866666666666665
8,stats_15m_1h_4h,rf,3,5750,750,8,2026-03-20 01:45:00,2026-03-20 10:45:00,2026-04-21 09:00:00,-0.028093348384899075,0.9507443714732257,1.4332045002422047,-0.04246418173485488,-0.048328844481452755,0.488
8,stats_15m_1h_4h,rf,4,6500,750,8,2026-04-21 00:30:00,2026-04-21 09:15:00,2026-05-23 01:15:00,-0.058490851377091424,1.027202380391112,1.518306198235373,-0.16604978857604713,-0.12526645223392066,0.496
8,stats_15m_1h_4h,rf,5,7250,750,8,2026-05-22 23:15:00,2026-05-23 01:30:00,2026-06-24 00:00:00,-0.09592176849315304,0.9376260879990592,1.374899022279114,0.0010923938366276113,0.01450108528983917,0.5253333333333333
8,stats_15m_1h_4h,rf,6,8000,750,8,2026-06-23 22:00:00,2026-06-24 00:15:00,2026-07-22 09:00:00,-0.005753754171936798,0.8916433683421858,1.262068134783162,0.038918530130655854,-0.004777340818743769,0.49066666666666664
8,stats_15m_1h_4h,rf,7,8750,750,8,2026-07-22 00:30:00,2026-07-22 09:15:00,2026-08-19 13:45:00,-0.0031230514006255206,1.034513746843565,1.5240749122156467,0.0500671983400235,-0.010443301689482633,0.48
8,stats_15m_1h_4h,rf,8,9500,463,8,2026-08-19 09:30:00,2026-08-19 14:00:00,2026-09-05 00:30:00,-0.05270247240974846,0.8623044418156657,1.2017644506226501,-0.042449652367043525,-0.13865421999743605,0.43628509719222464
8,stats_15m_1h_4h,hgb,0,3500,750,8,2025-12-12 01:30:00,2025-12-12 10:30:00,2026-01-14 02:15:00,-0.14239883882931936,1.1957432531982581,1.571219332926533,0.17463044083484602,0.08693459659527412,0.472
8,stats_15m_1h_4h,hgb,1,4250,750,8,2026-01-14 00:15:00,2026-01-14 09:00:00,2026-02-11 13:45:00,-0.08585334695187918,1.2955772112300572,2.70235764069031,-0.05973475768663202,0.040539999707057,0.47333333333333333
8,stats_15m_1h_4h,hgb,2,5000,750,8,2026-02-11 09:30:00,2026-02-11 14:00:00,2026-03-20 10:30:00,-0.20507862381544517,1.152142804791529,1.7439384646570069,-0.08776372087842005,-0.10171320988654191,0.47333333333333333
8,stats_15m_1h_4h,hgb,3,5750,750,8,2026-03-20 01:45:00,2026-03-20 10:45:00,2026-04-21 09:00:00,-0.15637999647152934,1.0394250950292716,1.5199950503836595,-0.06475990648657394,-0.04996021323714802,0.5253333333333333
8,stats_15m_1h_4h,hgb,4,6500,750,8,2026-04-21 00:30:00,2026-04-21 09:15:00,2026-05-23 01:15:00,-0.23283865898542233,1.1291728583466614,1.6385848411489325,-0.2310921807506823,-0.1860391187027949,0.468
8,stats_15m_1h_4h,hgb,5,7250,750,8,2026-05-22 23:15:00,2026-05-23 01:30:00,2026-06-24 00:00:00,-0.08943038197438602,0.9634596860438266,1.3708210594585815,0.012453433387502919,0.0481732002314165,0.524
8,stats_15m_1h_4h,hgb,6,8000,750,8,2026-06-23 22:00:00,2026-06-24 00:15:00,2026-07-22 09:00:00,-0.10444420072505745,0.9432976858990717,1.3225401338472,-0.007996712555758036,0.00423429260314053,0.49466666666666664
8,stats_15m_1h_4h,hgb,7,8750,750,8,2026-07-22 00:30:00,2026-07-22 09:15:00,2026-08-19 13:45:00,-0.07286826723446271,1.0860752137830143,1.5761676480552775,-0.03058653036489251,-0.04895986928497159,0.48
8,stats_15m_1h_4h,hgb,8,9500,463,8,2026-08-19 09:30:00,2026-08-19 14:00:00,2026-09-05 00:30:00,-0.16384393230215188,0.9201625268625279,1.2636124752555666,-0.03740479741331932,-0.11133168706393909,0.468682505399568
16,stats_15m,ridge,0,3500,750,16,2025-12-12 01:30:00,2025-12-12 14:30:00,2026-01-14 11:00:00,-0.07035163034523473,1.1686328599432596,1.5865618860485236,0.09359727726326196,0.12352214047329604,0.532
16,stats_15m,ridge,1,4250,750,16,2026-01-14 00:15:00,2026-01-14 11:15:00,2026-02-11 21:45:00,-0.09537937036875532,1.3111728185360878,2.492072940673491,-0.09034914039518158,0.09700004751655553,0.5493333333333333
16,stats_15m,ridge,2,5000,750,16,2026-02-11 09:30:00,2026-02-11 22:00:00,2026-03-20 14:30:00,0.024287479190894357,1.1316003779841213,1.6570481945637288,0.01317660067021394,0.0001593033943171454,0.456
16,stats_15m,ridge,3,5750,750,16,2026-03-20 01:45:00,2026-03-20 14:45:00,2026-04-21 11:15:00,-0.11916179301300311,1.1045126342792355,1.566905528991357,-0.2439823119105053,-0.279494512879134,0.42933333333333334
16,stats_15m,ridge,4,6500,750,16,2026-04-21 00:30:00,2026-04-21 13:30:00,2026-05-25 09:45:00,0.007134766750267474,1.1390040869768991,1.5839291244070222,0.05167341672029998,0.015945855903743828,0.48933333333333334
16,stats_15m,ridge,5,7250,750,16,2026-05-22 23:15:00,2026-05-25 10:00:00,2026-06-24 02:00:00,0.06629298465971056,1.0016214709240536,1.3508539813967715,0.12612287728015326,0.06267956387478021,0.524
16,stats_15m,ridge,6,8000,750,16,2026-06-23 22:00:00,2026-06-24 02:15:00,2026-07-22 11:15:00,-0.03872159961944033,0.9731176968816644,1.3013062629461474,-0.013868472061642066,0.029080898128394168,0.5213333333333333
16,stats_15m,ridge,7,8750,750,16,2026-07-22 00:30:00,2026-07-22 13:30:00,2026-08-19 21:45:00,-0.0045892322926699425,1.164439113228293,1.5993367135316647,0.04931160113743502,0.05333247525773378,0.5026666666666667
16,stats_15m,ridge,8,9500,447,16,2026-08-19 09:30:00,2026-08-19 22:00:00,2026-09-04 22:30:00,-0.057822011234631265,0.8361458095083671,1.1236761131127098,0.01765297354577424,0.014640229116596225,0.4966442953020134
16,stats_15m,elastic,0,3500,750,16,2025-12-12 01:30:00,2025-12-12 14:30:00,2026-01-14 11:00:00,-0.07237195698881682,1.1695209435909941,1.5880585260410096,0.09270950166413261,0.12364604469445133,0.532
16,stats_15m,elastic,1,4250,750,16,2026-01-14 00:15:00,2026-01-14 11:15:00,2026-02-11 21:45:00,-0.09821841450019919,1.313342781945474,2.4953003734704153,-0.09194602838371818,0.09646290145883678,0.5506666666666666
16,stats_15m,elastic,2,5000,750,16,2026-02-11 09:30:00,2026-02-11 22:00:00,2026-03-20 14:30:00,0.024178997847816408,1.131633311200872,1.6571403086924625,0.012975740826931892,0.0001846474393732255,0.4573333333333333
16,stats_15m,elastic,3,5750,750,16,2026-03-20 01:45:00,2026-03-20 14:45:00,2026-04-21 11:15:00,-0.11903414767337961,1.1044056880749682,1.5668161701993868,-0.24394798140387278,-0.279528902273604,0.42933333333333334
16,stats_15m,elastic,4,6500,750,16,2026-04-21 00:30:00,2026-04-21 13:30:00,2026-05-25 09:45:00,0.007174088996134587,1.13896695571491,1.5838977584849032,0.05177890398952356,0.015822890351805067,0.49066666666666664
16,stats_15m,elastic,5,7250,750,16,2026-05-22 23:15:00,2026-05-25 10:00:00,2026-06-24 02:00:00,0.06627588656067462,1.0016082045766375,1.3508663497998359,0.1261294568284839,0.06261539309403215,0.524
16,stats_15m,elastic,6,8000,750,16,2026-06-23 22:00:00,2026-06-24 02:15:00,2026-07-22 11:15:00,-0.038639999805805125,0.9730828722299243,1.30125514798228,-0.01380806670713875,0.029084908802219443,0.5213333333333333
16,stats_15m,elastic,7,8750,750,16,2026-07-22 00:30:00,2026-07-22 13:30:00,2026-08-19 21:45:00,-0.004605616747506369,1.164463986579815,1.5993497557545278,0.04919638568281639,0.053225666178962086,0.5026666666666667
16,stats_15m,elastic,8,9500,447,16,2026-08-19 09:30:00,2026-08-19 22:00:00,2026-09-04 22:30:00,-0.057749718879924306,0.8360881657192357,1.1236377160198083,0.017520086498778873,0.014610133110336255,0.4966442953020134
16,stats_15m,rf,0,3500,750,16,2025-12-12 01:30:00,2025-12-12 14:30:00,2026-01-14 11:00:00,-0.06177940831060602,1.1423510497908638,1.5801958935215037,0.038967447172155445,-0.032095701731705846,0.5533333333333333
16,stats_15m,rf,1,4250,750,16,2026-01-14 00:15:00,2026-01-14 11:15:00,2026-02-11 21:45:00,0.04536780625846626,1.1945961519578736,2.326464923509643,0.15063388025719535,0.20651543604427186,0.572
16,stats_15m,rf,2,5000,750,16,2026-02-11 09:30:00,2026-02-11 22:00:00,2026-03-20 14:30:00,-0.013185052790174012,1.1573055803474803,1.6885681290493675,-0.016697195599840713,-0.042908022947596346,0.4066666666666667
16,stats_15m,rf,3,5750,750,16,2026-03-20 01:45:00,2026-03-20 14:45:00,2026-04-21 11:15:00,-0.07964656711938711,1.0691810363472722,1.5389948956496946,-0.17170411357589394,-0.19100326222802172,0.444
16,stats_15m,rf,4,6500,750,16,2026-04-21 00:30:00,2026-04-21 13:30:00,2026-05-25 09:45:00,-0.026831677280255928,1.137007801027022,1.6107948102910907,-0.13574643553772403,-0.1172005496898661,0.4746666666666667
16,stats_15m,rf,5,7250,750,16,2026-05-22 23:15:00,2026-05-25 10:00:00,2026-06-24 02:00:00,0.03946525112992705,1.0035225733996749,1.370123251677772,0.12992147233670154,0.045998773331152584,0.4573333333333333
16,stats_15m,rf,6,8000,750,16,2026-06-23 22:00:00,2026-06-24 02:15:00,2026-07-22 11:15:00,-0.07986732446006961,0.9861146444130682,1.326829560800606,-0.17872087542948306,-0.13359385267240548,0.45466666666666666
16,stats_15m,rf,7,8750,750,16,2026-07-22 00:30:00,2026-07-22 13:30:00,2026-08-19 21:45:00,0.029186102856150642,1.1514851076954917,1.5722211696494415,0.19562092035671888,0.1333616308651215,0.548
16,stats_15m,rf,8,9500,447,16,2026-08-19 09:30:00,2026-08-19 22:00:00,2026-09-04 22:30:00,-0.012860282923461641,0.8404137899885284,1.0995364217797299,0.04174072779075049,-0.011462413312753397,0.5055928411633109
16,stats_15m,hgb,0,3500,750,16,2025-12-12 01:30:00,2025-12-12 14:30:00,2026-01-14 11:00:00,-0.13564726185824494,1.2048123450882735,1.6342387674567733,0.013023795110254536,-0.05816189581252159,0.4706666666666667
16,stats_15m,hgb,1,4250,750,16,2026-01-14 00:15:00,2026-01-14 11:15:00,2026-02-11 21:45:00,-0.05184922786697288,1.378255512464535,2.4420537414232757,0.03635750554757717,0.10253668534205766,0.5533333333333333
16,stats_15m,hgb,2,5000,750,16,2026-02-11 09:30:00,2026-02-11 22:00:00,2026-03-20 14:30:00,-0.03741927590584537,1.1786169219850227,1.7086431012496035,0.051501252945175914,0.09734330549920975,0.4653333333333333
16,stats_15m,hgb,3,5750,750,16,2026-03-20 01:45:00,2026-03-20 14:45:00,2026-04-21 11:15:00,-0.13346687862041762,1.1181902862848319,1.5768877969612383,-0.14802475128356873,-0.16471372215772825,0.44
16,stats_15m,hgb,4,6500,750,16,2026-04-21 00:30:00,2026-04-21 13:30:00,2026-05-25 09:45:00,-0.07034832500852795,1.1731345531071846,1.644573014055702,-0.11999351020121411,-0.09316483828888468,0.468
16,stats_15m,hgb,5,7250,750,16,2026-05-22 23:15:00,2026-05-25 10:00:00,2026-06-24 02:00:00,-0.00020999190354387132,1.0426485129450735,1.3981336571526586,0.10230947021885116,0.08889617225986178,0.46266666666666667
16,stats_15m,hgb,6,8000,750,16,2026-06-23 22:00:00,2026-06-24 02:15:00,2026-07-22 11:15:00,-0.1778024461779606,1.0290358155931894,1.3856902610198714,-0.20181131333547395,-0.14828876245674222,0.4493333333333333
16,stats_15m,hgb,7,8750,750,16,2026-07-22 00:30:00,2026-07-22 13:30:00,2026-08-19 21:45:00,0.03260025485991158,1.1484808937566449,1.5694541461487663,0.20317750638448645,0.17777759731325812,0.5826666666666667
16,stats_15m,hgb,8,9500,447,16,2026-08-19 09:30:00,2026-08-19 22:00:00,2026-09-04 22:30:00,-0.02067030245892254,0.8401304551705038,1.1037674645716693,0.11881706384623394,0.051824785350983914,0.5078299776286354
16,stats_15m_1h,ridge,0,3500,750,16,2025-12-12 01:30:00,2025-12-12 14:30:00,2026-01-14 11:00:00,-0.26355849418788146,1.3088798171992269,1.7238181750445078,-0.04275045515217109,-0.019599224315771043,0.4613333333333333
16,stats_15m_1h,ridge,1,4250,750,16,2026-01-14 00:15:00,2026-01-14 11:15:00,2026-02-11 21:45:00,-0.44566141800269365,1.708830156558665,2.8629368342768258,-0.14900903527773762,-0.041885431587146894,0.536
16,stats_15m_1h,ridge,2,5000,750,16,2026-02-11 09:30:00,2026-02-11 22:00:00,2026-03-20 14:30:00,0.02984904585727699,1.1367674909842431,1.6523188537625666,0.06421904008966867,0.035479799964088815,0.4573333333333333
16,stats_15m_1h,ridge,3,5750,750,16,2026-03-20 01:45:00,2026-03-20 14:45:00,2026-04-21 11:15:00,-0.10209680186423631,1.1158985614906256,1.5549135436658457,-0.11110537802381877,-0.13654838141934472,0.42
16,stats_15m_1h,ridge,4,6500,750,16,2026-04-21 00:30:00,2026-04-21 13:30:00,2026-05-25 09:45:00,0.018762460741994835,1.1294454766488051,1.5746269132650559,0.10368977343970112,0.09458566859674417,0.536
16,stats_15m_1h,ridge,5,7250,750,16,2026-05-22 23:15:00,2026-05-25 10:00:00,2026-06-24 02:00:00,0.06549527208182093,1.00692557273897,1.3514309092402927,0.11925457004749171,0.05504884453127916,0.49466666666666664
16,stats_15m_1h,ridge,6,8000,750,16,2026-06-23 22:00:00,2026-06-24 02:15:00,2026-07-22 11:15:00,-0.09521878494655023,1.0011462677616116,1.3362274239533491,-0.12334523531645658,-0.09139537735281575,0.4653333333333333
16,stats_15m_1h,ridge,7,8750,750,16,2026-07-22 00:30:00,2026-07-22 13:30:00,2026-08-19 21:45:00,-0.012535077199513411,1.1838765935066533,1.6056492695359794,0.0309170365383989,0.0323607188635002,0.49466666666666664
16,stats_15m_1h,ridge,8,9500,447,16,2026-08-19 09:30:00,2026-08-19 22:00:00,2026-09-04 22:30:00,-0.09472928781753986,0.859263053308795,1.1431105095017795,-0.00933124420825383,-0.01719650864830237,0.49217002237136465
16,stats_15m_1h,elastic,0,3500,750,16,2025-12-12 01:30:00,2025-12-12 14:30:00,2026-01-14 11:00:00,-0.27181352466543984,1.312949387481893,1.729439998352478,-0.04653514143062209,-0.02456594606970641,0.45866666666666667
16,stats_15m_1h,elastic,1,4250,750,16,2026-01-14 00:15:00,2026-01-14 11:15:00,2026-02-11 21:45:00,-0.4515428056339357,1.7156004304569046,2.8687545694200347,-0.14862791139785608,-0.04311332403681874,0.5373333333333333
16,stats_15m_1h,elastic,2,5000,750,16,2026-02-11 09:30:00,2026-02-11 22:00:00,2026-03-20 14:30:00,0.029648508947525798,1.13718136398008,1.6524896178040185,0.0642729290768317,0.036600057955658585,0.46266666666666667
16,stats_15m_1h,elastic,3,5750,750,16,2026-03-20 01:45:00,2026-03-20 14:45:00,2026-04-21 11:15:00,-0.10208046933676718,1.1160738471251734,1.5549020220997685,-0.11025371384887328,-0.13547653595828613,0.42133333333333334
16,stats_15m_1h,elastic,4,6500,750,16,2026-04-21 00:30:00,2026-04-21 13:30:00,2026-05-25 09:45:00,0.01875098588483004,1.129368711595606,1.5746361202946335,0.10371344369076793,0.09466061984110193,0.5373333333333333
16,stats_15m_1h,elastic,5,7250,750,16,2026-05-22 23:15:00,2026-05-25 10:00:00,2026-06-24 02:00:00,0.06541389708315248,1.0070240535481838,1.3514897480514847,0.11905640503117265,0.05482094723723952,0.49466666666666664
16,stats_15m_1h,elastic,6,8000,750,16,2026-06-23 22:00:00,2026-06-24 02:15:00,2026-07-22 11:15:00,-0.0950090984062224,1.0010970002858393,1.3360995032484917,-0.12327943583455893,-0.09141666805748395,0.4653333333333333
16,stats_15m_1h,elastic,7,8750,750,16,2026-07-22 00:30:00,2026-07-22 13:30:00,2026-08-19 21:45:00,-0.012315724089689173,1.1836617405458207,1.6054753381603073,0.031438138557567746,0.032923493197321234,0.496
16,stats_15m_1h,elastic,8,9500,447,16,2026-08-19 09:30:00,2026-08-19 22:00:00,2026-09-04 22:30:00,-0.09452765929369034,0.8591273517162192,1.1430052349371638,-0.00953216544631317,-0.017660981387769843,0.49217002237136465
16,stats_15m_1h,rf,0,3500,750,16,2025-12-12 01:30:00,2025-12-12 14:30:00,2026-01-14 11:00:00,-0.028406311167067155,1.1279896788064947,1.5551638274199335,0.15037165228614557,0.08408567548112134,0.604
16,stats_15m_1h,rf,1,4250,750,16,2026-01-14 00:15:00,2026-01-14 11:15:00,2026-02-11 21:45:00,-0.024403144102586927,1.2564664639956131,2.4099826844331482,-0.06021855763838916,-0.013525819127014333,0.54
16,stats_15m_1h,rf,2,5000,750,16,2026-02-11 09:30:00,2026-02-11 22:00:00,2026-03-20 14:30:00,0.008759578993771333,1.1305138973173183,1.6701816296673306,0.09218842250683039,0.07793390695556515,0.468
16,stats_15m_1h,rf,3,5750,750,16,2026-03-20 01:45:00,2026-03-20 14:45:00,2026-04-21 11:15:00,-0.05582518801318592,1.0439089122018401,1.5219219633577508,-0.0979138265353913,-0.07420361188921626,0.528
16,stats_15m_1h,rf,4,6500,750,16,2026-04-21 00:30:00,2026-04-21 13:30:00,2026-05-25 09:45:00,-0.05366543887466935,1.1502724454851965,1.6317061869209195,-0.2095325366617606,-0.17158777892770186,0.464
16,stats_15m_1h,rf,5,7250,750,16,2026-05-22 23:15:00,2026-05-25 10:00:00,2026-06-24 02:00:00,0.030285256366038182,1.0097459972168037,1.3766549337325886,0.07746461987835512,0.03520784515168318,0.46266666666666667
16,stats_15m_1h,rf,6,8000,750,16,2026-06-23 22:00:00,2026-06-24 02:15:00,2026-07-22 11:15:00,-0.03188597129409976,0.9676902963291607,1.297017371300441,-0.08168826801525791,-0.0720764502183362,0.4706666666666667
16,stats_15m_1h,rf,7,8750,750,16,2026-07-22 00:30:00,2026-07-22 13:30:00,2026-08-19 21:45:00,0.009622938896963196,1.1790054904173044,1.5879833105371852,0.11427372688197578,0.01002334361798717,0.48133333333333334
16,stats_15m_1h,rf,8,9500,447,16,2026-08-19 09:30:00,2026-08-19 22:00:00,2026-09-04 22:30:00,-0.01298743950343284,0.8349019746160393,1.0996054386547458,0.03144219516840739,-0.05220603434452234,0.465324384787472
16,stats_15m_1h,hgb,0,3500,750,16,2025-12-12 01:30:00,2025-12-12 14:30:00,2026-01-14 11:00:00,-0.07107275239848598,1.1670123335877967,1.5870962488198306,0.1422236412569006,0.1136592103869759,0.5746666666666667
16,stats_15m_1h,hgb,1,4250,750,16,2026-01-14 00:15:00,2026-01-14 11:15:00,2026-02-11 21:45:00,-0.1310622364023155,1.3625222650641562,2.5323382920461266,-0.15537362104332952,-0.050234069351277576,0.5173333333333333
16,stats_15m_1h,hgb,2,5000,750,16,2026-02-11 09:30:00,2026-02-11 22:00:00,2026-03-20 14:30:00,-0.19176840368710968,1.2932062997531009,1.8313448623142694,-0.1179951649014944,-0.14785093255280357,0.452
16,stats_15m_1h,hgb,3,5750,750,16,2026-03-20 01:45:00,2026-03-20 14:45:00,2026-04-21 11:15:00,-0.13270510560381732,1.0907142746513796,1.576357815674073,-0.10589332568870177,-0.09422938260210878,0.472
16,stats_15m_1h,hgb,4,6500,750,16,2026-04-21 00:30:00,2026-04-21 13:30:00,2026-05-25 09:45:00,-0.23074434954258183,1.28019636379267,1.7634961586616438,-0.1667068481150061,-0.15250626714525206,0.43866666666666665
16,stats_15m_1h,hgb,5,7250,750,16,2026-05-22 23:15:00,2026-05-25 10:00:00,2026-06-24 02:00:00,-0.023991208457414093,1.0620869119362757,1.4146571866611861,0.09615624547143754,0.01063808688374238,0.472
16,stats_15m_1h,hgb,6,8000,750,16,2026-06-23 22:00:00,2026-06-24 02:15:00,2026-07-22 11:15:00,-0.11397194428859447,1.0145774754572725,1.3476188131579503,-0.05803612886785258,-0.0741232112011873,0.4666666666666667
16,stats_15m_1h,hgb,7,8750,750,16,2026-07-22 00:30:00,2026-07-22 13:30:00,2026-08-19 21:45:00,0.004324679319968161,1.1990068561205431,1.5922252934844972,0.1250995240281342,-0.029576292794635736,0.47333333333333333
16,stats_15m_1h,hgb,8,9500,447,16,2026-08-19 09:30:00,2026-08-19 22:00:00,2026-09-04 22:30:00,0.025835925835066997,0.8194620771478895,1.0783280530940016,0.1855443653251565,0.09696987407703402,0.5257270693512305
16,stats_15m_1h_4h,ridge,0,3500,750,16,2025-12-12 01:30:00,2025-12-12 14:30:00,2026-01-14 11:00:00,-0.6801125972567614,1.5659713149206875,1.9877555449834137,0.11534866799639212,0.06717171811627554,0.4266666666666667
16,stats_15m_1h_4h,ridge,1,4250,750,16,2026-01-14 00:15:00,2026-01-14 11:15:00,2026-02-11 21:45:00,-1.0527310097832934,2.2326233996206843,3.4114930619425445,-0.13110311589878978,-0.04840707422268624,0.48933333333333334
16,stats_15m_1h_4h,ridge,2,5000,750,16,2026-02-11 09:30:00,2026-02-11 22:00:00,2026-03-20 14:30:00,0.01332096493060031,1.1725499629134997,1.6663343654810334,0.07344772565443085,0.04917517008919126,0.49733333333333335
16,stats_15m_1h_4h,ridge,3,5750,750,16,2026-03-20 01:45:00,2026-03-20 14:45:00,2026-04-21 11:15:00,-0.05518768833579246,1.0958228515403807,1.5214624311976952,0.00938296431413896,-0.003075233911526954,0.4866666666666667
16,stats_15m_1h_4h,ridge,4,6500,750,16,2026-04-21 00:30:00,2026-04-21 13:30:00,2026-05-25 09:45:00,0.011336840275244398,1.1611892063236668,1.5805737627581893,0.08139737896842318,0.0356542784964951,0.5293333333333333
16,stats_15m_1h_4h,ridge,5,7250,750,16,2026-05-22 23:15:00,2026-05-25 10:00:00,2026-06-24 02:00:00,0.06458959362591488,1.0142646463291434,1.3520856225951299,0.043962001647514695,-0.011719259945351012,0.5506666666666666
16,stats_15m_1h_4h,ridge,6,8000,750,16,2026-06-23 22:00:00,2026-06-24 02:15:00,2026-07-22 11:15:00,-0.10965881567744629,1.0099458065564357,1.3450073962186915,-0.08599222464547084,-0.06123626218881287,0.4653333333333333
16,stats_15m_1h_4h,ridge,7,8750,750,16,2026-07-22 00:30:00,2026-07-22 13:30:00,2026-08-19 21:45:00,-0.03231196322309704,1.2090039388963756,1.6212542498340763,-0.03510979790491567,-0.059522054261429785,0.5026666666666667
16,stats_15m_1h_4h,ridge,8,9500,447,16,2026-08-19 09:30:00,2026-08-19 22:00:00,2026-09-04 22:30:00,-0.17581223239067545,0.8783922232345153,1.1846875815696267,-0.05832164819634458,-0.038184845371019266,0.4809843400447427
16,stats_15m_1h_4h,elastic,0,3500,750,16,2025-12-12 01:30:00,2025-12-12 14:30:00,2026-01-14 11:00:00,-0.7008658145688722,1.577118102543669,1.9999945203877105,0.11317861084007398,0.06512269045898883,0.42533333333333334
16,stats_15m_1h_4h,elastic,1,4250,750,16,2026-01-14 00:15:00,2026-01-14 11:15:00,2026-02-11 21:45:00,-1.08749367940323,2.261275048970004,3.440258332669171,-0.12967177758935092,-0.04757359329792057,0.49066666666666664
16,stats_15m_1h_4h,elastic,2,5000,750,16,2026-02-11 09:30:00,2026-02-11 22:00:00,2026-03-20 14:30:00,0.012195526368134257,1.1746204028555822,1.66728443253301,0.0736001389825636,0.047445204347029944,0.48933333333333334
16,stats_15m_1h_4h,elastic,3,5750,750,16,2026-03-20 01:45:00,2026-03-20 14:45:00,2026-04-21 11:15:00,-0.05548752630813958,1.0964218965014194,1.5216785822258836,0.010042644851898317,-0.0030929263874246884,0.4866666666666667
16,stats_15m_1h_4h,elastic,4,6500,750,16,2026-04-21 00:30:00,2026-04-21 13:30:00,2026-05-25 09:45:00,0.011120849814436395,1.1614295949413274,1.5807464050825604,0.08117872374349035,0.03550466045272969,0.5306666666666666
16,stats_15m_1h_4h,elastic,5,7250,750,16,2026-05-22 23:15:00,2026-05-25 10:00:00,2026-06-24 02:00:00,0.06476601851963626,1.014173156194662,1.3519581102169522,0.044012012506568686,-0.011569329012140464,0.552
16,stats_15m_1h_4h,elastic,6,8000,750,16,2026-06-23 22:00:00,2026-06-24 02:15:00,2026-07-22 11:15:00,-0.1096297688408161,1.0099512512013233,1.344989792399742,-0.08631308270513145,-0.06164355891579226,0.464
16,stats_15m_1h_4h,elastic,7,8750,750,16,2026-07-22 00:30:00,2026-07-22 13:30:00,2026-08-19 21:45:00,-0.0322338333129597,1.2088210515298106,1.6211928968467242,-0.035182853892397656,-0.05973231596856172,0.5026666666666667
16,stats_15m_1h_4h,elastic,8,9500,447,16,2026-08-19 09:30:00,2026-08-19 22:00:00,2026-09-04 22:30:00,-0.17468025486063832,0.8778945000985642,1.1841171832516482,-0.057590410996810774,-0.03779373164681046,0.4809843400447427
16,stats_15m_1h_4h,rf,0,3500,750,16,2025-12-12 01:30:00,2025-12-12 14:30:00,2026-01-14 11:00:00,-0.2263182877591936,1.3074289248242197,1.6982255945006997,0.06883843556645486,0.019134851934445526,0.464
16,stats_15m_1h_4h,rf,1,4250,750,16,2026-01-14 00:15:00,2026-01-14 11:15:00,2026-02-11 21:45:00,-0.01703037456050982,1.256490283056071,2.4012945362524887,-0.01638491987530367,0.08265821379250797,0.5226666666666666
16,stats_15m_1h_4h,rf,2,5000,750,16,2026-02-11 09:30:00,2026-02-11 22:00:00,2026-03-20 14:30:00,0.0075514102588891685,1.1183421753138303,1.6711991662271024,-0.00830041559988882,-0.027013906564784997,0.49066666666666664
16,stats_15m_1h_4h,rf,3,5750,750,16,2026-03-20 01:45:00,2026-03-20 14:45:00,2026-04-21 11:15:00,-0.07372754747834431,1.0816225858707709,1.534770429595642,-0.10986110547046211,-0.150656288237725,0.45066666666666666
16,stats_15m_1h_4h,rf,4,6500,750,16,2026-04-21 00:30:00,2026-04-21 13:30:00,2026-05-25 09:45:00,-0.0913454442511028,1.1952391866920333,1.6606255387288955,-0.23018600228492228,-0.24068082036569566,0.412
16,stats_15m_1h_4h,rf,5,7250,750,16,2026-05-22 23:15:00,2026-05-25 10:00:00,2026-06-24 02:00:00,-0.13889410161349347,1.098477960357061,1.491917362106149,0.05643239690632712,0.007616511719737376,0.45866666666666667
16,stats_15m_1h_4h,rf,6,8000,750,16,2026-06-23 22:00:00,2026-06-24 02:15:00,2026-07-22 11:15:00,0.028398478350843748,0.9171955744291447,1.2585603103039487,0.1408561608492104,0.12229293160527663,0.5706666666666667
16,stats_15m_1h_4h,rf,7,8750,750,16,2026-07-22 00:30:00,2026-07-22 13:30:00,2026-08-19 21:45:00,-0.043671043953620536,1.2164782504772795,1.630149610549701,0.03431241626222733,-0.05676553519933012,0.44266666666666665
16,stats_15m_1h_4h,rf,8,9500,447,16,2026-08-19 09:30:00,2026-08-19 22:00:00,2026-09-04 22:30:00,-0.08146938086847721,0.8635852486912473,1.1361664557650621,-0.002779723087559732,-0.11924245187777982,0.46308724832214765
16,stats_15m_1h_4h,hgb,0,3500,750,16,2025-12-12 01:30:00,2025-12-12 14:30:00,2026-01-14 11:00:00,-0.200162722074112,1.2861050449715659,1.6800176568087104,0.13641532094671688,0.09270805605133357,0.49333333333333335
16,stats_15m_1h_4h,hgb,1,4250,750,16,2026-01-14 00:15:00,2026-01-14 11:15:00,2026-02-11 21:45:00,-0.13344177404779467,1.369595802473552,2.5350006691259184,-0.14364388677308879,0.018022472146937106,0.532
16,stats_15m_1h_4h,hgb,2,5000,750,16,2026-02-11 09:30:00,2026-02-11 22:00:00,2026-03-20 14:30:00,-0.18971059542843616,1.295321804401761,1.829763101649316,-0.20175480745555635,-0.22818750014533778,0.452
16,stats_15m_1h_4h,hgb,3,5750,750,16,2026-03-20 01:45:00,2026-03-20 14:45:00,2026-04-21 11:15:00,-0.13831724142679258,1.1666631777188012,1.580258126139026,-0.0228146177898104,-0.071022659878638,0.46
16,stats_15m_1h_4h,hgb,4,6500,750,16,2026-04-21 00:30:00,2026-04-21 13:30:00,2026-05-25 09:45:00,-0.38607452196350733,1.337184752267141,1.8714743667642864,-0.30235959115601607,-0.23018308187572198,0.49066666666666664
16,stats_15m_1h_4h,hgb,5,7250,750,16,2026-05-22 23:15:00,2026-05-25 10:00:00,2026-06-24 02:00:00,-0.14177222934920475,1.1418102502664016,1.4938013034365847,0.031753649186155926,0.00959132751071888,0.476
16,stats_15m_1h_4h,hgb,6,8000,750,16,2026-06-23 22:00:00,2026-06-24 02:15:00,2026-07-22 11:15:00,-0.09243204603801392,0.9942941104595046,1.3345263534761562,0.010000697102572368,-0.05212490421396441,0.49866666666666665
16,stats_15m_1h_4h,hgb,7,8750,750,16,2026-07-22 00:30:00,2026-07-22 13:30:00,2026-08-19 21:45:00,-0.0716804827337425,1.2485698803516279,1.6518792890546998,0.047082967501401285,-0.03674797720864468,0.4706666666666667
16,stats_15m_1h_4h,hgb,8,9500,447,16,2026-08-19 09:30:00,2026-08-19 22:00:00,2026-09-04 22:30:00,-0.15923199174689895,0.8932772849024498,1.1763052301766683,-0.04842888341860954,-0.15120004952471688,0.4966442953020134
