datetime,datetime_ns,symbol,timeframe,open,high,low,close,volume,open_oi,close_oi,contract,adj_factor
2026-03-05 12:00:00,1772683200000000000,KQ.m@SHFE.ag,4h,21754.69,21774.57,20609.82,21505.25,106518.0,142647.0,143059.0,SHFE.ag2604,0.99381886
2026-03-05 20:00:00,1772712000000000000,KQ.m@SHFE.ag,4h,21565.87,21628.48,20937.78,21213.06,147183.0,143059.0,139163.0,SHFE.ag2604,0.99381886
2026-03-06 00:00:00,1772726400000000000,KQ.m@SHFE.ag,4h,21213.06,21251.82,20980.51,21173.31,43866.0,139163.0,136687.0,SHFE.ag2604,0.99381886
2026-03-06 08:00:00,1772755200000000000,KQ.m@SHFE.ag,4h,21236.92,21744.76,21058.03,21665.25,77839.0,136687.0,135585.0,SHFE.ag2604,0.99381886
2026-03-06 12:00:00,1772769600000000000,KQ.m@SHFE.ag,4h,21635.44,21648.36,21384.0,21605.62,36929.0,135585.0,133508.0,SHFE.ag2604,0.99381886
2026-03-06 20:00:00,1772798400000000000,KQ.m@SHFE.ag,4h,21182.2,21769.17,20871.15,21635.72,251638.0,133508.0,190357.0,SHFE.ag2606,1.00337259
2026-03-07 00:00:00,1772812800000000000,KQ.m@SHFE.ag,4h,21635.72,21808.3,21499.26,21765.16,70415.0,190357.0,189669.0,SHFE.ag2606,1.00337259
2026-03-09 08:00:00,1773014400000000000,KQ.m@SHFE.ag,4h,21040.72,21512.31,20413.62,21393.91,207811.0,189669.0,187963.0,SHFE.ag2606,1.00337259
2026-03-09 12:00:00,1773028800000000000,KQ.m@SHFE.ag,4h,21459.13,21923.69,21406.95,21619.67,89781.0,187963.0,189060.0,SHFE.ag2606,1.00337259
2026-03-09 20:00:00,1773057600000000000,KQ.m@SHFE.ag,4h,21622.68,22022.02,21481.2,21786.23,184995.0,189060.0,194310.0,SHFE.ag2606,1.00337259
2026-03-10 00:00:00,1773072000000000000,KQ.m@SHFE.ag,4h,21786.23,21900.61,21673.85,21811.31,53951.0,194310.0,193135.0,SHFE.ag2606,1.00337259
2026-03-10 08:00:00,1773100800000000000,KQ.m@SHFE.ag,4h,22218.68,23077.57,22209.65,22734.42,184532.0,193135.0,200277.0,SHFE.ag2606,1.00337259
2026-03-10 12:00:00,1773115200000000000,KQ.m@SHFE.ag,4h,22751.47,22903.99,22727.39,22834.75,47562.0,200277.0,200036.0,SHFE.ag2606,1.00337259
2026-03-10 20:00:00,1773144000000000000,KQ.m@SHFE.ag,4h,22756.49,23025.39,22636.09,22889.94,157544.0,200036.0,206328.0,SHFE.ag2606,1.00337259
2026-03-11 00:00:00,1773158400000000000,KQ.m@SHFE.ag,4h,22889.94,22962.18,22296.95,22612.0,68027.0,206328.0,204200.0,SHFE.ag2606,1.00337259
2026-03-11 08:00:00,1773187200000000000,KQ.m@SHFE.ag,4h,22873.88,22905.99,22447.45,22629.06,95006.0,204200.0,203131.0,SHFE.ag2606,1.00337259
2026-03-11 12:00:00,1773201600000000000,KQ.m@SHFE.ag,4h,22538.76,22555.82,22280.89,22331.06,74406.0,203131.0,204352.0,SHFE.ag2606,1.00337259
2026-03-11 20:00:00,1773230400000000000,KQ.m@SHFE.ag,4h,21844.42,22094.26,21627.7,21833.39,189253.0,204352.0,210689.0,SHFE.ag2606,1.00337259
2026-03-12 00:00:00,1773244800000000000,KQ.m@SHFE.ag,4h,21833.39,22071.19,21739.07,22071.19,64281.0,210689.0,207954.0,SHFE.ag2606,1.00337259
2026-03-12 08:00:00,1773273600000000000,KQ.m@SHFE.ag,4h,21994.93,22055.13,21702.95,21770.18,97316.0,207954.0,208160.0,SHFE.ag2606,1.00337259
2026-03-12 12:00:00,1773288000000000000,KQ.m@SHFE.ag,4h,21751.11,22222.7,21705.96,22136.41,63159.0,208160.0,206073.0,SHFE.ag2606,1.00337259
2026-03-12 20:00:00,1773316800000000000,KQ.m@SHFE.ag,4h,22389.26,22463.51,21646.76,21876.53,207171.0,206073.0,212950.0,SHFE.ag2606,1.00337259
2026-03-13 00:00:00,1773331200000000000,KQ.m@SHFE.ag,4h,21876.53,21959.81,21773.19,21779.21,62500.0,212950.0,211310.0,SHFE.ag2606,1.00337259
2026-03-13 08:00:00,1773360000000000000,KQ.m@SHFE.ag,4h,21831.38,21987.91,21573.51,21729.04,102979.0,211310.0,211445.0,SHFE.ag2606,1.00337259
2026-03-13 12:00:00,1773374400000000000,KQ.m@SHFE.ag,4h,21698.94,21698.94,20898.24,20993.56,147308.0,211445.0,212096.0,SHFE.ag2606,1.00337259
2026-03-13 20:00:00,1773403200000000000,KQ.m@SHFE.ag,4h,21501.27,21529.37,20518.97,20555.09,281152.0,212096.0,220284.0,SHFE.ag2606,1.00337259
2026-03-14 00:00:00,1773417600000000000,KQ.m@SHFE.ag,4h,20555.09,20830.01,20288.19,20751.75,152427.0,220284.0,216525.0,SHFE.ag2606,1.00337259
2026-03-16 08:00:00,1773619200000000000,KQ.m@SHFE.ag,4h,20830.01,20858.11,19866.78,20250.07,213975.0,216525.0,216531.0,SHFE.ag2606,1.00337259
2026-03-16 12:00:00,1773633600000000000,KQ.m@SHFE.ag,4h,20217.96,20494.89,20133.67,20369.47,76407.0,216531.0,216658.0,SHFE.ag2606,1.00337259
2026-03-16 20:00:00,1773662400000000000,KQ.m@SHFE.ag,4h,20458.77,20789.88,20248.06,20439.7,256733.0,216658.0,223387.0,SHFE.ag2606,1.00337259
2026-03-17 00:00:00,1773676800000000000,KQ.m@SHFE.ag,4h,20439.7,20623.32,20298.23,20597.23,82493.0,223387.0,221146.0,SHFE.ag2606,1.00337259
2026-03-17 08:00:00,1773705600000000000,KQ.m@SHFE.ag,4h,20458.77,20747.74,20309.26,20699.58,108725.0,221146.0,219869.0,SHFE.ag2606,1.00337259
2026-03-17 12:00:00,1773720000000000000,KQ.m@SHFE.ag,4h,20819.98,20850.08,20371.47,20376.49,102158.0,219869.0,218466.0,SHFE.ag2606,1.00337259
2026-03-17 20:00:00,1773748800000000000,KQ.m@SHFE.ag,4h,20389.53,20555.09,19816.61,20064.44,231472.0,218466.0,228083.0,SHFE.ag2606,1.00337259
2026-03-18 00:00:00,1773763200000000000,KQ.m@SHFE.ag,4h,20064.44,20225.98,19995.21,20155.75,74248.0,228083.0,225412.0,SHFE.ag2606,1.00337259
2026-03-18 08:00:00,1773792000000000000,KQ.m@SHFE.ag,4h,20129.66,20314.28,19648.04,19836.68,155439.0,225412.0,227856.0,SHFE.ag2606,1.00337259
2026-03-18 12:00:00,1773806400000000000,KQ.m@SHFE.ag,4h,19924.97,20159.76,19780.49,20047.38,91703.0,227856.0,225308.0,SHFE.ag2606,1.00337259
2026-03-18 20:00:00,1773835200000000000,KQ.m@SHFE.ag,4h,19483.49,19515.6,18863.4,19153.38,305210.0,225308.0,228667.0,SHFE.ag2606,1.00337259
2026-03-19 00:00:00,1773849600000000000,KQ.m@SHFE.ag,4h,19153.38,19415.26,19130.3,19234.65,77933.0,228667.0,225525.0,SHFE.ag2606,1.00337259
2026-03-19 08:00:00,1773878400000000000,KQ.m@SHFE.ag,4h,19132.31,19214.59,18868.42,18998.86,135206.0,225525.0,226495.0,SHFE.ag2606,1.00337259
2026-03-19 12:00:00,1773892800000000000,KQ.m@SHFE.ag,4h,18913.57,18945.68,17760.7,18044.65,255758.0,226495.0,227107.0,SHFE.ag2606,1.00337259
2026-03-19 20:00:00,1773921600000000000,KQ.m@SHFE.ag,4h,16774.38,17622.23,16154.3,17448.65,583025.0,227107.0,228998.0,SHFE.ag2606,1.00337259
2026-03-20 00:00:00,1773936000000000000,KQ.m@SHFE.ag,4h,17448.65,17779.76,17341.29,17719.56,133425.0,228998.0,225424.0,SHFE.ag2606,1.00337259
2026-03-20 08:00:00,1773964800000000000,KQ.m@SHFE.ag,4h,17950.34,18660.72,17823.91,18555.37,219019.0,225424.0,223628.0,SHFE.ag2606,1.00337259
2026-03-20 12:00:00,1773979200000000000,KQ.m@SHFE.ag,4h,18399.85,18450.02,17579.09,17684.44,198768.0,223628.0,219146.0,SHFE.ag2606,1.00337259
2026-03-20 20:00:00,1774008000000000000,KQ.m@SHFE.ag,4h,17743.64,17959.37,16980.07,17228.91,480044.0,219146.0,231211.0,SHFE.ag2606,1.00337259
2026-03-21 00:00:00,1774022400000000000,KQ.m@SHFE.ag,4h,17228.91,17457.68,17127.57,17196.8,148056.0,231211.0,225148.0,SHFE.ag2606,1.00337259
2026-03-23 08:00:00,1774224000000000000,KQ.m@SHFE.ag,4h,16550.63,16935.93,15928.54,16047.94,343374.0,225148.0,229881.0,SHFE.ag2606,1.00337259
2026-03-23 12:00:00,1774238400000000000,KQ.m@SHFE.ag,4h,16204.47,16229.55,15120.82,15462.97,287850.0,229881.0,222721.0,SHFE.ag2606,1.00337259
2026-03-23 20:00:00,1774267200000000000,KQ.m@SHFE.ag,4h,17057.33,17577.08,16557.65,16843.62,630195.0,222721.0,219894.0,SHFE.ag2606,1.00337259
2026-03-24 00:00:00,1774281600000000000,KQ.m@SHFE.ag,4h,16843.62,17312.19,16833.58,17304.16,192165.0,219894.0,213292.0,SHFE.ag2606,1.00337259
2026-03-24 08:00:00,1774310400000000000,KQ.m@SHFE.ag,4h,16887.76,17007.17,16495.45,16766.36,248029.0,213292.0,212206.0,SHFE.ag2606,1.00337259
2026-03-24 12:00:00,1774324800000000000,KQ.m@SHFE.ag,4h,16535.58,17262.02,16455.31,17142.62,177504.0,212206.0,211635.0,SHFE.ag2606,1.00337259
2026-03-24 20:00:00,1774353600000000000,KQ.m@SHFE.ag,4h,16944.96,17508.85,16787.43,17294.13,407945.0,211635.0,222508.0,SHFE.ag2606,1.00337259
2026-03-25 00:00:00,1774368000000000000,KQ.m@SHFE.ag,4h,17294.13,17418.55,17158.67,17303.16,134793.0,222508.0,216676.0,SHFE.ag2606,1.00337259
2026-03-25 08:00:00,1774396800000000000,KQ.m@SHFE.ag,4h,18098.83,18642.66,18098.83,18251.35,286965.0,216676.0,217183.0,SHFE.ag2606,1.00337259
2026-03-25 12:00:00,1774411200000000000,KQ.m@SHFE.ag,4h,18176.09,18274.42,18012.54,18172.08,138225.0,217183.0,214737.0,SHFE.ag2606,1.00337259
2026-03-25 20:00:00,1774440000000000000,KQ.m@SHFE.ag,4h,18137.97,18308.54,17902.17,18100.84,305997.0,214737.0,222143.0,SHFE.ag2606,1.00337259
2026-03-26 00:00:00,1774454400000000000,KQ.m@SHFE.ag,4h,18100.84,18186.13,18033.62,18060.71,79980.0,222143.0,219290.0,SHFE.ag2606,1.00337259
2026-03-26 08:00:00,1774483200000000000,KQ.m@SHFE.ag,4h,18005.52,18056.69,17725.58,17876.09,190396.0,219290.0,222810.0,SHFE.ag2606,1.00337259
2026-03-26 12:00:00,1774497600000000000,KQ.m@SHFE.ag,4h,17709.53,17787.79,17289.11,17530.93,198745.0,222810.0,219990.0,SHFE.ag2606,1.00337259
2026-03-26 20:00:00,1774526400000000000,KQ.m@SHFE.ag,4h,16992.11,17534.94,16928.9,17256.0,344548.0,219990.0,230769.0,SHFE.ag2606,1.00337259
2026-03-27 00:00:00,1774540800000000000,KQ.m@SHFE.ag,4h,17256.0,17258.01,16864.69,16897.8,195663.0,230769.0,226524.0,SHFE.ag2606,1.00337259
2026-03-27 08:00:00,1774569600000000000,KQ.m@SHFE.ag,4h,16978.07,17417.54,16948.97,17400.49,175629.0,226524.0,226806.0,SHFE.ag2606,1.00337259
2026-03-27 12:00:00,1774584000000000000,KQ.m@SHFE.ag,4h,17501.83,17739.63,17417.54,17547.98,157730.0,226806.0,225682.0,SHFE.ag2606,1.00337259
2026-03-27 20:00:00,1774612800000000000,KQ.m@SHFE.ag,4h,17145.63,18030.61,17007.17,17835.95,524523.0,225682.0,241652.0,SHFE.ag2606,1.00337259
2026-03-28 00:00:00,1774627200000000000,KQ.m@SHFE.ag,4h,17835.95,17899.16,17574.07,17822.91,197839.0,241652.0,234379.0,SHFE.ag2606,1.00337259
2026-03-30 08:00:00,1774828800000000000,KQ.m@SHFE.ag,4h,17356.34,17817.89,17316.2,17710.53,231130.0,234379.0,235541.0,SHFE.ag2606,1.00337259
2026-03-30 12:00:00,1774843200000000000,KQ.m@SHFE.ag,4h,17758.69,17897.16,17685.45,17766.72,106812.0,235541.0,233885.0,SHFE.ag2606,1.00337259
2026-03-30 20:00:00,1774872000000000000,KQ.m@SHFE.ag,4h,18009.53,18170.07,17666.38,17926.25,334802.0,233885.0,244037.0,SHFE.ag2606,1.00337259
2026-03-31 00:00:00,1774886400000000000,KQ.m@SHFE.ag,4h,17926.25,17944.32,17737.62,17738.62,101222.0,244037.0,240833.0,SHFE.ag2606,1.00337259
2026-03-31 08:00:00,1774915200000000000,KQ.m@SHFE.ag,4h,17864.05,18661.73,17864.05,18251.35,337307.0,240833.0,243592.0,SHFE.ag2606,1.00337259
2026-03-31 12:00:00,1774929600000000000,KQ.m@SHFE.ag,4h,18246.33,18369.75,18125.93,18187.13,108544.0,243592.0,241055.0,SHFE.ag2606,1.00337259
2026-03-31 20:00:00,1774958400000000000,KQ.m@SHFE.ag,4h,18361.72,18743.0,18270.41,18581.46,380282.0,241055.0,254308.0,SHFE.ag2606,1.00337259
2026-04-01 00:00:00,1774972800000000000,KQ.m@SHFE.ag,4h,18581.46,19059.06,18569.42,19017.92,184893.0,254308.0,253310.0,SHFE.ag2606,1.00337259
2026-04-01 08:00:00,1775001600000000000,KQ.m@SHFE.ag,4h,19063.08,19224.62,18686.81,18762.06,228222.0,253310.0,250849.0,SHFE.ag2606,1.00337259
2026-04-01 12:00:00,1775016000000000000,KQ.m@SHFE.ag,4h,18843.34,18991.84,18628.62,18981.8,134800.0,250849.0,248865.0,SHFE.ag2606,1.00337259
2026-04-01 20:00:00,1775044800000000000,KQ.m@SHFE.ag,4h,18807.22,19051.04,18662.73,18980.8,301674.0,248865.0,257140.0,SHFE.ag2606,1.00337259
2026-04-02 00:00:00,1775059200000000000,KQ.m@SHFE.ag,4h,18980.8,19052.04,18846.35,18858.39,108135.0,257140.0,251557.0,SHFE.ag2606,1.00337259
2026-04-02 08:00:00,1775088000000000000,KQ.m@SHFE.ag,4h,18944.68,18959.73,17878.09,18100.84,395386.0,251557.0,243872.0,SHFE.ag2606,1.00337259
2026-04-02 12:00:00,1775102400000000000,KQ.m@SHFE.ag,4h,18010.54,18010.54,17388.45,17680.43,215916.0,243872.0,237740.0,SHFE.ag2606,1.00337259
2026-04-02 20:00:00,1775131200000000000,KQ.m@SHFE.ag,4h,17542.97,18238.3,17316.2,17977.43,464193.0,237740.0,243090.0,SHFE.ag2606,1.00337259
2026-04-03 00:00:00,1775145600000000000,KQ.m@SHFE.ag,4h,17977.43,18149.0,17925.25,18070.74,124839.0,243090.0,237882.0,SHFE.ag2606,1.00337259
2026-04-03 08:00:00,1775174400000000000,KQ.m@SHFE.ag,4h,18108.87,18391.82,17940.3,17957.36,181659.0,237882.0,237019.0,SHFE.ag2606,1.00337259
2026-04-03 12:00:00,1775188800000000000,KQ.m@SHFE.ag,4h,17946.32,18011.54,17783.78,17903.18,106560.0,237019.0,229939.0,SHFE.ag2606,1.00337259
2026-04-07 08:00:00,1775520000000000000,KQ.m@SHFE.ag,4h,17980.44,18246.33,17784.78,18003.51,212595.0,229939.0,232791.0,SHFE.ag2606,1.00337259
2026-04-07 12:00:00,1775534400000000000,KQ.m@SHFE.ag,4h,17985.45,18056.69,17885.12,17968.4,90297.0,232791.0,231562.0,SHFE.ag2606,1.00337259
2026-04-07 20:00:00,1775563200000000000,KQ.m@SHFE.ag,4h,17830.93,18021.58,17358.35,17740.63,354353.0,231562.0,237722.0,SHFE.ag2606,1.00337259
2026-04-08 00:00:00,1775577600000000000,KQ.m@SHFE.ag,4h,17740.63,17892.14,17691.47,17818.89,91652.0,237722.0,232211.0,SHFE.ag2606,1.00337259
2026-04-08 08:00:00,1775606400000000000,KQ.m@SHFE.ag,4h,18914.58,19042.01,18763.07,18848.35,190087.0,232211.0,232271.0,SHFE.ag2606,1.00337259
2026-04-08 12:00:00,1775620800000000000,KQ.m@SHFE.ag,4h,18993.84,19135.32,18926.62,19052.04,121885.0,232271.0,235643.0,SHFE.ag2606,1.00337259
2026-04-08 20:00:00,1775649600000000000,KQ.m@SHFE.ag,4h,19124.28,19151.37,18582.46,18721.93,317347.0,235643.0,242984.0,SHFE.ag2606,1.00337259
2026-04-09 00:00:00,1775664000000000000,KQ.m@SHFE.ag,4h,18721.93,18784.14,18415.9,18476.1,102267.0,242984.0,236698.0,SHFE.ag2606,1.00337259
2026-04-09 08:00:00,1775692800000000000,KQ.m@SHFE.ag,4h,18272.42,18436.97,18065.72,18338.64,187856.0,236698.0,236763.0,SHFE.ag2606,1.00337259
2026-04-09 12:00:00,1775707200000000000,KQ.m@SHFE.ag,4h,18373.76,18380.78,18245.33,18286.47,66820.0,236763.0,234474.0,SHFE.ag2606,1.00337259
2026-04-09 20:00:00,1775736000000000000,KQ.m@SHFE.ag,4h,18411.89,18806.21,18361.72,18754.04,315527.0,234474.0,244318.0,SHFE.ag2606,1.00337259
2026-04-10 00:00:00,1775750400000000000,KQ.m@SHFE.ag,4h,18754.04,18931.63,18720.93,18842.33,139320.0,244318.0,241212.0,SHFE.ag2606,1.00337259
2026-04-10 08:00:00,1775779200000000000,KQ.m@SHFE.ag,4h,18683.8,18820.26,18516.24,18685.81,145911.0,241212.0,238921.0,SHFE.ag2606,1.00337259
2026-04-10 12:00:00,1775793600000000000,KQ.m@SHFE.ag,4h,18727.95,18801.2,18620.59,18645.67,82238.0,238921.0,237225.0,SHFE.ag2606,1.00337259
2026-04-10 20:00:00,1775822400000000000,KQ.m@SHFE.ag,4h,18786.15,19001.87,18730.96,18824.27,290499.0,237225.0,246559.0,SHFE.ag2606,1.00337259
2026-04-11 00:00:00,1775836800000000000,KQ.m@SHFE.ag,4h,18824.27,18952.7,18770.09,18943.67,103766.0,246559.0,240855.0,SHFE.ag2606,1.00337259
2026-04-13 08:00:00,1776038400000000000,KQ.m@SHFE.ag,4h,18542.33,18561.39,18374.76,18423.93,162138.0,240855.0,241217.0,SHFE.ag2606,1.00337259
2026-04-13 12:00:00,1776052800000000000,KQ.m@SHFE.ag,4h,18435.97,18536.31,18409.88,18491.15,60414.0,241217.0,236494.0,SHFE.ag2606,1.00337259
2026-04-13 20:00:00,1776081600000000000,KQ.m@SHFE.ag,4h,18388.81,18512.22,18322.59,18438.98,230935.0,236494.0,245837.0,SHFE.ag2606,1.00337259
2026-04-14 00:00:00,1776096000000000000,KQ.m@SHFE.ag,4h,18438.98,18879.46,18425.93,18694.84,154036.0,245837.0,241759.0,SHFE.ag2606,1.00337259
2026-04-14 08:00:00,1776124800000000000,KQ.m@SHFE.ag,4h,18897.52,19044.01,18836.31,18993.84,150126.0,241759.0,244629.0,SHFE.ag2606,1.00337259
2026-04-14 12:00:00,1776139200000000000,KQ.m@SHFE.ag,4h,19033.98,19291.84,18905.55,19274.79,106429.0,244629.0,248842.0,SHFE.ag2606,1.00337259
2026-04-14 20:00:00,1776168000000000000,KQ.m@SHFE.ag,4h,19244.69,19757.41,19224.62,19692.19,353924.0,248842.0,267392.0,SHFE.ag2606,1.00337259
2026-04-15 00:00:00,1776182400000000000,KQ.m@SHFE.ag,4h,19692.19,19832.66,19674.13,19726.31,116148.0,267392.0,263097.0,SHFE.ag2606,1.00337259
2026-04-15 08:00:00,1776211200000000000,KQ.m@SHFE.ag,4h,19816.61,20180.83,19736.34,19836.68,263633.0,263097.0,261227.0,SHFE.ag2606,1.00337259
2026-04-15 12:00:00,1776225600000000000,KQ.m@SHFE.ag,4h,19786.51,19786.51,19595.87,19624.96,111210.0,261227.0,256167.0,SHFE.ag2606,1.00337259
2026-04-15 20:00:00,1776254400000000000,KQ.m@SHFE.ag,4h,19535.66,20012.27,19518.61,19764.43,337765.0,256167.0,264687.0,SHFE.ag2606,1.00337259
2026-04-16 00:00:00,1776268800000000000,KQ.m@SHFE.ag,4h,19764.43,19854.74,19672.12,19730.32,105957.0,264687.0,260679.0,SHFE.ag2606,1.00337259
2026-04-16 08:00:00,1776297600000000000,KQ.m@SHFE.ag,4h,19926.98,20085.51,19859.75,19995.21,165821.0,260679.0,262380.0,SHFE.ag2606,1.00337259
2026-04-16 12:00:00,1776312000000000000,KQ.m@SHFE.ag,4h,20054.41,20117.62,19957.08,19992.2,83611.0,262380.0,262487.0,SHFE.ag2606,1.00337259
2026-04-16 20:00:00,1776340800000000000,KQ.m@SHFE.ag,4h,19770.45,19915.94,19488.51,19709.25,350282.0,262487.0,266898.0,SHFE.ag2606,1.00337259
2026-04-17 00:00:00,1776355200000000000,KQ.m@SHFE.ag,4h,19709.25,19738.35,19552.72,19589.85,84607.0,266898.0,263436.0,SHFE.ag2606,1.00337259
2026-04-17 08:00:00,1776384000000000000,KQ.m@SHFE.ag,4h,19676.14,19732.33,19415.26,19688.18,162987.0,263436.0,260160.0,SHFE.ag2606,1.00337259
2026-04-17 12:00:00,1776398400000000000,KQ.m@SHFE.ag,4h,19725.3,19761.42,19585.83,19636.0,78902.0,260160.0,255911.0,SHFE.ag2606,1.00337259
2026-04-17 20:00:00,1776427200000000000,KQ.m@SHFE.ag,4h,20366.46,20628.34,20178.83,20480.84,405838.0,255911.0,266818.0,SHFE.ag2606,1.00337259
2026-04-18 00:00:00,1776441600000000000,KQ.m@SHFE.ag,4h,20480.84,20548.07,20280.17,20391.54,110533.0,266818.0,258691.0,SHFE.ag2606,1.00337259
2026-04-20 08:00:00,1776643200000000000,KQ.m@SHFE.ag,4h,19978.15,20176.82,19904.91,20018.29,160892.0,258691.0,255941.0,SHFE.ag2606,1.00337259
2026-04-20 12:00:00,1776657600000000000,KQ.m@SHFE.ag,4h,19896.88,19987.18,19790.52,19919.96,89355.0,255941.0,253248.0,SHFE.ag2606,1.00337259
2026-04-20 20:00:00,1776686400000000000,KQ.m@SHFE.ag,4h,19912.93,20100.56,19886.84,19986.18,227639.0,253248.0,262374.0,SHFE.ag2606,1.00337259
2026-04-21 00:00:00,1776700800000000000,KQ.m@SHFE.ag,4h,19986.18,20042.37,19948.05,19992.2,52785.0,262374.0,259520.0,SHFE.ag2606,1.00337259
2026-04-21 08:00:00,1776729600000000000,KQ.m@SHFE.ag,4h,20024.31,20033.34,19603.89,19730.32,142323.0,259520.0,259962.0,SHFE.ag2606,1.00337259
2026-04-21 12:00:00,1776744000000000000,KQ.m@SHFE.ag,4h,19736.34,19836.68,19670.12,19719.28,87104.0,259962.0,257391.0,SHFE.ag2606,1.00337259
2026-04-21 20:00:00,1776772800000000000,KQ.m@SHFE.ag,4h,19684.16,19726.31,19191.51,19283.82,339633.0,257391.0,264914.0,SHFE.ag2606,1.00337259
2026-04-22 00:00:00,1776787200000000000,KQ.m@SHFE.ag,4h,19283.82,19331.98,19064.08,19166.42,133689.0,264914.0,260175.0,SHFE.ag2606,1.00337259
2026-04-22 08:00:00,1776816000000000000,KQ.m@SHFE.ag,4h,19352.05,19553.73,19349.04,19529.64,118259.0,260175.0,256470.0,SHFE.ag2606,1.00337259
2026-04-22 12:00:00,1776830400000000000,KQ.m@SHFE.ag,4h,19576.8,19669.11,19553.73,19652.06,71981.0,256470.0,254001.0,SHFE.ag2606,1.00337259
2026-04-22 20:00:00,1776859200000000000,KQ.m@SHFE.ag,4h,19465.43,19636.0,19386.16,19518.61,234146.0,254001.0,259452.0,SHFE.ag2606,1.00337259
2026-04-23 00:00:00,1776873600000000000,KQ.m@SHFE.ag,4h,19518.61,19585.83,19477.47,19536.67,56596.0,259452.0,256905.0,SHFE.ag2606,1.00337259
2026-04-23 08:00:00,1776902400000000000,KQ.m@SHFE.ag,4h,19602.89,19678.14,18905.55,18934.64,248879.0,256905.0,253966.0,SHFE.ag2606,1.00337259
2026-04-23 12:00:00,1776916800000000000,KQ.m@SHFE.ag,4h,18995.85,19084.15,18899.53,19030.97,98710.0,253966.0,247550.0,SHFE.ag2606,1.00337259
2026-04-23 20:00:00,1776945600000000000,KQ.m@SHFE.ag,4h,19176.46,19219.6,18893.51,19036.99,293069.0,247550.0,235720.0,SHFE.ag2606,1.00337259
2026-04-24 00:00:00,1776960000000000000,KQ.m@SHFE.ag,4h,19036.99,19114.25,18694.84,19029.96,141840.0,235720.0,230013.0,SHFE.ag2606,1.00337259
2026-04-24 08:00:00,1776988800000000000,KQ.m@SHFE.ag,4h,19003.88,19024.95,18682.8,18745.01,143602.0,230013.0,227157.0,SHFE.ag2606,1.00337259
2026-04-24 12:00:00,1777003200000000000,KQ.m@SHFE.ag,4h,18761.06,18828.29,18394.83,18504.2,135655.0,227157.0,222500.0,SHFE.ag2606,1.00337259
2026-04-24 20:00:00,1777032000000000000,KQ.m@SHFE.ag,4h,18714.91,19057.06,18652.7,18998.86,279111.0,222500.0,222127.0,SHFE.ag2606,1.00337259
2026-04-25 00:00:00,1777046400000000000,KQ.m@SHFE.ag,4h,18998.86,19035.98,18923.61,18956.72,90389.0,222127.0,217137.0,SHFE.ag2606,1.00337259
2026-04-27 08:00:00,1777248000000000000,KQ.m@SHFE.ag,4h,18832.3,18935.65,18694.84,18888.49,143227.0,217137.0,212064.0,SHFE.ag2606,1.00337259
2026-04-27 12:00:00,1777262400000000000,KQ.m@SHFE.ag,4h,18888.49,18943.67,18784.14,18883.47,64703.0,212064.0,208635.0,SHFE.ag2606,1.00337259
2026-04-27 20:00:00,1777291200000000000,KQ.m@SHFE.ag,4h,18814.24,18836.31,18573.43,18635.64,209981.0,208635.0,210372.0,SHFE.ag2606,1.00337259
2026-04-28 00:00:00,1777305600000000000,KQ.m@SHFE.ag,4h,18635.64,18743.0,18607.54,18726.95,53707.0,210372.0,205828.0,SHFE.ag2606,1.00337259
2026-04-28 08:00:00,1777334400000000000,KQ.m@SHFE.ag,4h,18785.14,18813.24,18427.94,18548.35,146174.0,205828.0,202876.0,SHFE.ag2606,1.00337259
2026-04-28 12:00:00,1777348800000000000,KQ.m@SHFE.ag,4h,18442.99,18442.99,18011.54,18128.94,166701.0,202876.0,198465.0,SHFE.ag2606,1.00337259
2026-04-28 20:00:00,1777377600000000000,KQ.m@SHFE.ag,4h,18176.09,18185.12,17850.0,18038.63,251772.0,198465.0,202559.0,SHFE.ag2606,1.00337259
2026-04-29 00:00:00,1777392000000000000,KQ.m@SHFE.ag,4h,18038.63,18140.98,17991.47,18081.78,60673.0,202559.0,197202.0,SHFE.ag2606,1.00337259
2026-04-29 08:00:00,1777420800000000000,KQ.m@SHFE.ag,4h,18060.71,18257.37,17973.41,18245.33,112736.0,197202.0,193133.0,SHFE.ag2606,1.00337259
2026-04-29 12:00:00,1777435200000000000,KQ.m@SHFE.ag,4h,18241.31,18302.52,18133.95,18160.04,66665.0,193133.0,189356.0,SHFE.ag2606,1.00337259
2026-04-29 20:00:00,1777464000000000000,KQ.m@SHFE.ag,4h,17862.04,17951.34,17663.37,17737.62,249338.0,189356.0,193195.0,SHFE.ag2606,1.00337259
2026-04-30 00:00:00,1777478400000000000,KQ.m@SHFE.ag,4h,17737.62,17804.85,17613.2,17681.43,75543.0,193195.0,190067.0,SHFE.ag2606,1.00337259
2026-04-30 08:00:00,1777507200000000000,KQ.m@SHFE.ag,4h,17824.91,18149.0,17824.91,17995.49,144580.0,190067.0,182900.0,SHFE.ag2606,1.00337259
2026-04-30 12:00:00,1777521600000000000,KQ.m@SHFE.ag,4h,17935.29,18200.18,17901.17,18196.16,76528.0,182900.0,176377.0,SHFE.ag2606,1.00337259
2026-05-06 08:00:00,1778025600000000000,KQ.m@SHFE.ag,4h,18491.15,18851.36,18411.89,18789.16,145059.0,176377.0,181315.0,SHFE.ag2606,1.00337259
2026-05-06 12:00:00,1778040000000000000,KQ.m@SHFE.ag,4h,18800.19,18950.7,18749.02,18914.58,67785.0,181315.0,180229.0,SHFE.ag2606,1.00337259
2026-05-06 20:00:00,1778068800000000000,KQ.m@SHFE.ag,4h,19093.18,19298.87,19048.03,19179.47,196022.0,180229.0,185691.0,SHFE.ag2606,1.00337259
2026-05-07 00:00:00,1778083200000000000,KQ.m@SHFE.ag,4h,19179.47,19239.67,19149.37,19227.63,42210.0,185691.0,183106.0,SHFE.ag2606,1.00337259
2026-05-07 08:00:00,1778112000000000000,KQ.m@SHFE.ag,4h,19209.57,19511.58,19141.34,19346.03,127469.0,183106.0,181312.0,SHFE.ag2606,1.00337259
2026-05-07 12:00:00,1778126400000000000,KQ.m@SHFE.ag,4h,19323.95,19585.83,19295.86,19558.74,76369.0,181312.0,181095.0,SHFE.ag2606,1.00337259
2026-05-07 20:00:00,1778155200000000000,KQ.m@SHFE.ag,4h,20127.65,20217.96,19835.67,19870.79,267829.0,181095.0,185690.0,SHFE.ag2606,1.00337259
2026-05-08 00:00:00,1778169600000000000,KQ.m@SHFE.ag,4h,19870.79,19886.84,19582.82,19773.46,160982.0,185690.0,179714.0,SHFE.ag2606,1.00337259
2026-05-08 08:00:00,1778198400000000000,KQ.m@SHFE.ag,4h,19686.17,19933.0,19669.11,19819.62,116220.0,179714.0,179218.0,SHFE.ag2606,1.00337259
2026-05-08 12:00:00,1778212800000000000,KQ.m@SHFE.ag,4h,19837.68,20010.26,19837.68,19906.91,73740.0,179218.0,178221.0,SHFE.ag2606,1.00337259
2026-05-08 20:00:00,1778241600000000000,KQ.m@SHFE.ag,4h,20107.59,20145.71,19766.44,19786.51,257226.0,178221.0,181935.0,SHFE.ag2606,1.00337259
2026-05-09 00:00:00,1778256000000000000,KQ.m@SHFE.ag,4h,19786.51,19985.18,19779.48,19930.99,81433.0,181935.0,175009.0,SHFE.ag2606,1.00337259
2026-05-11 08:00:00,1778457600000000000,KQ.m@SHFE.ag,4h,19766.44,20193.88,19641.02,20049.39,152257.0,175009.0,177389.0,SHFE.ag2606,1.00337259
2026-05-11 12:00:00,1778472000000000000,KQ.m@SHFE.ag,4h,19876.81,20000.23,19748.38,19996.21,90873.0,177389.0,175269.0,SHFE.ag2606,1.00337259
2026-05-11 20:00:00,1778500800000000000,KQ.m@SHFE.ag,4h,20649.41,21238.39,20624.32,21220.33,338044.0,175269.0,184809.0,SHFE.ag2606,1.00337259
2026-05-12 00:00:00,1778515200000000000,KQ.m@SHFE.ag,4h,21220.33,21232.37,21043.73,21213.3,74991.0,184809.0,180779.0,SHFE.ag2606,1.00337259
2026-05-12 08:00:00,1778544000000000000,KQ.m@SHFE.ag,4h,21259.46,21547.43,21114.97,21216.31,176045.0,180779.0,175473.0,SHFE.ag2606,1.00337259
2026-05-12 12:00:00,1778558400000000000,KQ.m@SHFE.ag,4h,21171.16,21271.5,20729.68,20849.08,124840.0,175473.0,167798.0,SHFE.ag2606,1.00337259
2026-05-12 20:00:00,1778587200000000000,KQ.m@SHFE.ag,4h,20903.26,21100.93,20592.22,20793.89,283464.0,167798.0,172771.0,SHFE.ag2606,1.00337259
2026-05-13 00:00:00,1778601600000000000,KQ.m@SHFE.ag,4h,20793.89,21043.73,20774.83,21034.7,84410.0,172771.0,169202.0,SHFE.ag2606,1.00337259
2026-05-13 08:00:00,1778630400000000000,KQ.m@SHFE.ag,4h,21450.1,21639.74,21172.17,21323.67,180068.0,169202.0,162511.0,SHFE.ag2606,1.00337259
2026-05-13 12:00:00,1778644800000000000,KQ.m@SHFE.ag,4h,21239.39,21437.06,21120.99,21368.83,70424.0,162511.0,161695.0,SHFE.ag2606,1.00337259
2026-05-13 20:00:00,1778673600000000000,KQ.m@SHFE.ag,4h,21275.51,21940.75,21266.48,21939.75,250930.0,161695.0,173193.0,SHFE.ag2606,1.00337259
2026-05-14 00:00:00,1778688000000000000,KQ.m@SHFE.ag,4h,21939.75,22129.38,21746.09,21814.32,152969.0,173193.0,166010.0,SHFE.ag2606,1.00337259
2026-05-14 08:00:00,1778716800000000000,KQ.m@SHFE.ag,4h,21798.27,21915.66,21326.68,21438.06,171564.0,166010.0,154986.0,SHFE.ag2606,1.00337259
2026-05-14 12:00:00,1778731200000000000,KQ.m@SHFE.ag,4h,21420.0,21572.51,21407.96,21459.13,58163.0,154986.0,152005.0,SHFE.ag2606,1.00337259
2026-05-14 20:00:00,1778760000000000000,KQ.m@SHFE.ag,4h,21351.77,21414.98,20691.55,20942.39,288207.0,152005.0,151891.0,SHFE.ag2606,1.00337259
2026-05-15 00:00:00,1778774400000000000,KQ.m@SHFE.ag,4h,20942.39,20983.53,20846.07,20896.24,59856.0,151891.0,149545.0,SHFE.ag2606,1.00337259
2026-05-15 08:00:00,1778803200000000000,KQ.m@SHFE.ag,4h,20489.87,20489.87,19883.83,20003.24,206920.0,149545.0,139610.0,SHFE.ag2606,1.00337259
2026-05-15 12:00:00,1778817600000000000,KQ.m@SHFE.ag,4h,19834.67,19834.67,19141.34,19263.75,180653.0,139610.0,133810.0,SHFE.ag2606,1.00337259
2026-05-15 20:00:00,1778846400000000000,KQ.m@SHFE.ag,4h,19042.01,19082.14,18728.95,18815.24,250609.0,133810.0,136958.0,SHFE.ag2606,1.00337259
2026-05-16 00:00:00,1778860800000000000,KQ.m@SHFE.ag,4h,18815.24,19054.05,18739.99,18952.7,79082.0,136958.0,133377.0,SHFE.ag2606,1.00337259
2026-05-18 08:00:00,1779062400000000000,KQ.m@SHFE.ag,4h,18551.36,18629.62,18196.16,18425.93,184367.0,133377.0,131681.0,SHFE.ag2606,1.00337259
2026-05-18 12:00:00,1779076800000000000,KQ.m@SHFE.ag,4h,18570.42,18642.66,18412.89,18638.65,60809.0,131681.0,130144.0,SHFE.ag2606,1.00337259
2026-05-18 20:00:00,1779105600000000000,KQ.m@SHFE.ag,4h,18972.22,19217.63,18711.77,18856.02,322904.0,130144.0,212391.0,SHFE.ag2608,1.00170093
2026-05-19 00:00:00,1779120000000000000,KQ.m@SHFE.ag,4h,18856.02,18919.13,18743.83,18872.05,88681.0,212391.0,209377.0,SHFE.ag2608,1.00170093
2026-05-19 08:00:00,1779148800000000000,KQ.m@SHFE.ag,4h,19031.32,19082.4,18640.65,18722.79,190055.0,209377.0,212965.0,SHFE.ag2608,1.00170093
2026-05-19 12:00:00,1779163200000000000,KQ.m@SHFE.ag,4h,18651.67,18806.93,18531.47,18739.82,107459.0,212965.0,212405.0,SHFE.ag2608,1.00170093
2026-05-19 20:00:00,1779192000000000000,KQ.m@SHFE.ag,4h,18681.72,18682.72,17950.48,18260.01,438046.0,212405.0,228359.0,SHFE.ag2608,1.00170093
2026-05-20 00:00:00,1779206400000000000,KQ.m@SHFE.ag,4h,18260.01,18330.13,18170.85,18222.94,83560.0,228359.0,225714.0,SHFE.ag2608,1.00170093
2026-05-20 08:00:00,1779235200000000000,KQ.m@SHFE.ag,4h,18282.04,18380.21,17880.36,18040.63,232482.0,225714.0,228369.0,SHFE.ag2608,1.00170093
2026-05-20 12:00:00,1779249600000000000,KQ.m@SHFE.ag,4h,18061.67,18528.46,18061.67,18515.44,149108.0,228369.0,224684.0,SHFE.ag2608,1.00170093
2026-05-20 20:00:00,1779278400000000000,KQ.m@SHFE.ag,4h,18565.53,18809.94,18231.96,18577.55,477461.0,224684.0,233488.0,SHFE.ag2608,1.00170093
2026-05-21 00:00:00,1779292800000000000,KQ.m@SHFE.ag,4h,18577.55,18705.76,18566.53,18692.74,88327.0,233488.0,231307.0,SHFE.ag2608,1.00170093
2026-05-21 08:00:00,1779321600000000000,KQ.m@SHFE.ag,4h,18697.75,18918.12,18469.36,18538.48,233104.0,231307.0,232626.0,SHFE.ag2608,1.00170093
2026-05-21 12:00:00,1779336000000000000,KQ.m@SHFE.ag,4h,18481.38,18541.48,18315.1,18345.15,135527.0,232626.0,231182.0,SHFE.ag2608,1.00170093
2026-05-21 20:00:00,1779364800000000000,KQ.m@SHFE.ag,4h,18296.07,18613.61,18195.9,18565.53,336464.0,231182.0,238332.0,SHFE.ag2608,1.00170093
2026-05-22 00:00:00,1779379200000000000,KQ.m@SHFE.ag,4h,18565.53,18932.15,18565.53,18910.11,169056.0,238332.0,234676.0,SHFE.ag2608,1.00170093
2026-05-22 08:00:00,1779408000000000000,KQ.m@SHFE.ag,4h,18744.83,18856.02,18629.63,18680.72,168218.0,234676.0,233486.0,SHFE.ag2608,1.00170093
2026-05-22 12:00:00,1779422400000000000,KQ.m@SHFE.ag,4h,18744.83,18916.12,18562.52,18712.78,154609.0,233486.0,233074.0,SHFE.ag2608,1.00170093
2026-05-22 20:00:00,1779451200000000000,KQ.m@SHFE.ag,4h,18665.7,18773.88,18409.26,18675.71,336996.0,233074.0,242563.0,SHFE.ag2608,1.00170093
2026-05-23 00:00:00,1779465600000000000,KQ.m@SHFE.ag,4h,18675.71,18781.89,18623.62,18712.78,143506.0,242563.0,238236.0,SHFE.ag2608,1.00170093
2026-05-25 08:00:00,1779667200000000000,KQ.m@SHFE.ag,4h,19211.62,19320.81,18938.16,19040.33,226889.0,238236.0,243161.0,SHFE.ag2608,1.00170093
2026-05-25 12:00:00,1779681600000000000,KQ.m@SHFE.ag,4h,19025.31,19062.37,18951.18,19027.31,78512.0,243161.0,245615.0,SHFE.ag2608,1.00170093
2026-05-25 20:00:00,1779710400000000000,KQ.m@SHFE.ag,4h,19034.32,19116.46,18912.11,19041.33,206776.0,245615.0,254369.0,SHFE.ag2608,1.00170093
2026-05-26 00:00:00,1779724800000000000,KQ.m@SHFE.ag,4h,19041.33,19257.7,19016.29,19119.47,94185.0,254369.0,253359.0,SHFE.ag2608,1.00170093
2026-05-26 08:00:00,1779753600000000000,KQ.m@SHFE.ag,4h,18975.22,19011.28,18516.44,18810.94,240084.0,253359.0,253843.0,SHFE.ag2608,1.00170093
2026-05-26 12:00:00,1779768000000000000,KQ.m@SHFE.ag,4h,18786.9,18791.91,18647.66,18715.78,99404.0,253843.0,255092.0,SHFE.ag2608,1.00170093
2026-05-26 20:00:00,1779796800000000000,KQ.m@SHFE.ag,4h,18650.67,18770.87,18573.54,18608.6,296056.0,255092.0,264913.0,SHFE.ag2608,1.00170093
2026-05-27 00:00:00,1779811200000000000,KQ.m@SHFE.ag,4h,18608.6,18718.79,18559.51,18632.64,91156.0,264913.0,262339.0,SHFE.ag2608,1.00170093
2026-05-27 08:00:00,1779840000000000000,KQ.m@SHFE.ag,4h,18834.98,18960.2,18695.75,18755.85,173900.0,262339.0,259413.0,SHFE.ag2608,1.00170093
2026-05-27 12:00:00,1779854400000000000,KQ.m@SHFE.ag,4h,18758.85,18773.88,18165.85,18282.04,233146.0,259413.0,264047.0,SHFE.ag2608,1.00170093
2026-05-27 20:00:00,1779883200000000000,KQ.m@SHFE.ag,4h,18102.74,18260.01,18014.59,18144.81,348923.0,264047.0,271997.0,SHFE.ag2608,1.00170093
2026-05-28 00:00:00,1779897600000000000,KQ.m@SHFE.ag,4h,18144.81,18311.09,18137.8,18198.9,84310.0,271997.0,267341.0,SHFE.ag2608,1.00170093
2026-05-28 08:00:00,1779926400000000000,KQ.m@SHFE.ag,4h,18233.96,18254.0,17580.85,17697.05,307267.0,267341.0,274630.0,SHFE.ag2608,1.00170093
2026-05-28 12:00:00,1779940800000000000,KQ.m@SHFE.ag,4h,17530.77,17880.36,17484.69,17820.26,171966.0,274630.0,269163.0,SHFE.ag2608,1.00170093
2026-05-28 20:00:00,1779969600000000000,KQ.m@SHFE.ag,4h,18035.63,18249.99,17830.28,18243.98,442986.0,269163.0,276397.0,SHFE.ag2608,1.00170093
2026-05-29 00:00:00,1779984000000000000,KQ.m@SHFE.ag,4h,18243.98,18501.42,18185.88,18460.35,185714.0,276397.0,269105.0,SHFE.ag2608,1.00170093
2026-05-29 08:00:00,1780012800000000000,KQ.m@SHFE.ag,4h,18389.23,18619.62,18283.05,18307.09,230088.0,269105.0,266068.0,SHFE.ag2608,1.00170093
2026-05-29 12:00:00,1780027200000000000,KQ.m@SHFE.ag,4h,18381.21,18406.25,18260.01,18389.23,114339.0,266068.0,265831.0,SHFE.ag2608,1.00170093
2026-05-29 20:00:00,1780056000000000000,KQ.m@SHFE.ag,4h,18348.16,18516.44,18090.72,18356.17,407304.0,265831.0,273945.0,SHFE.ag2608,1.00170093
2026-05-30 00:00:00,1780070400000000000,KQ.m@SHFE.ag,4h,18356.17,18411.26,18276.03,18354.17,101483.0,273945.0,268974.0,SHFE.ag2608,1.00170093
2026-06-01 08:00:00,1780272000000000000,KQ.m@SHFE.ag,4h,18318.1,18379.21,18080.7,18260.01,167200.0,268974.0,269460.0,SHFE.ag2608,1.00170093
2026-06-01 12:00:00,1780286400000000000,KQ.m@SHFE.ag,4h,18310.09,18322.11,18167.85,18186.88,71040.0,269460.0,267921.0,SHFE.ag2608,1.00170093
2026-06-01 20:00:00,1780315200000000000,KQ.m@SHFE.ag,4h,18284.05,18351.16,17880.36,18109.75,323382.0,267921.0,277729.0,SHFE.ag2608,1.00170093
2026-06-02 00:00:00,1780329600000000000,KQ.m@SHFE.ag,4h,18109.75,18219.94,18035.63,18160.84,70830.0,277729.0,274211.0,SHFE.ag2608,1.00170093
2026-06-02 08:00:00,1780358400000000000,KQ.m@SHFE.ag,4h,18110.75,18381.21,18025.61,18238.97,169364.0,274211.0,270211.0,SHFE.ag2608,1.00170093
2026-06-02 12:00:00,1780372800000000000,KQ.m@SHFE.ag,4h,18381.21,18571.54,18381.21,18553.5,127323.0,270211.0,272959.0,SHFE.ag2608,1.00170093
2026-06-02 20:00:00,1780401600000000000,KQ.m@SHFE.ag,4h,18406.25,18515.44,18248.99,18343.15,234679.0,272959.0,276936.0,SHFE.ag2608,1.00170093
2026-06-03 00:00:00,1780416000000000000,KQ.m@SHFE.ag,4h,18343.15,18356.17,18194.9,18232.96,71292.0,276936.0,275717.0,SHFE.ag2608,1.00170093
2026-06-03 08:00:00,1780444800000000000,KQ.m@SHFE.ag,4h,18219.94,18240.97,17963.5,18222.94,147634.0,275717.0,276266.0,SHFE.ag2608,1.00170093
2026-06-03 12:00:00,1780459200000000000,KQ.m@SHFE.ag,4h,18118.77,18125.78,17950.48,18038.63,97433.0,276266.0,279219.0,SHFE.ag2608,1.00170093
2026-06-03 20:00:00,1780488000000000000,KQ.m@SHFE.ag,4h,17976.52,18066.68,17785.2,17895.39,243156.0,279219.0,288884.0,SHFE.ag2608,1.00170093
2026-06-04 00:00:00,1780502400000000000,KQ.m@SHFE.ag,4h,17895.39,17934.45,17820.26,17825.27,63610.0,288884.0,287218.0,SHFE.ag2608,1.00170093
2026-06-04 08:00:00,1780531200000000000,KQ.m@SHFE.ag,4h,17825.27,17997.56,17690.04,17880.36,156221.0,287218.0,284192.0,SHFE.ag2608,1.00170093
2026-06-04 12:00:00,1780545600000000000,KQ.m@SHFE.ag,4h,17895.39,17897.39,17680.02,17760.16,92115.0,284192.0,287231.0,SHFE.ag2608,1.00170093
2026-06-04 20:00:00,1780574400000000000,KQ.m@SHFE.ag,4h,18063.67,18261.01,17799.22,17957.49,298036.0,287231.0,284228.0,SHFE.ag2608,1.00170093
2026-06-05 00:00:00,1780588800000000000,KQ.m@SHFE.ag,4h,17957.49,18019.6,17879.36,18006.58,62380.0,284228.0,281083.0,SHFE.ag2608,1.00170093
2026-06-05 08:00:00,1780617600000000000,KQ.m@SHFE.ag,4h,17836.29,17836.29,17522.75,17561.82,195102.0,281083.0,292409.0,SHFE.ag2608,1.00170093
2026-06-05 12:00:00,1780632000000000000,KQ.m@SHFE.ag,4h,17593.88,17604.89,17199.2,17557.81,150212.0,292409.0,289322.0,SHFE.ag2608,1.00170093
2026-06-05 20:00:00,1780660800000000000,KQ.m@SHFE.ag,4h,17235.27,17279.34,16654.28,16712.38,450055.0,289322.0,302966.0,SHFE.ag2608,1.00170093
2026-06-06 00:00:00,1780675200000000000,KQ.m@SHFE.ag,4h,16712.38,16824.57,16467.96,16481.99,136359.0,302966.0,296057.0,SHFE.ag2608,1.00170093
2026-06-08 08:00:00,1780876800000000000,KQ.m@SHFE.ag,4h,16518.05,16548.1,16165.45,16297.67,234152.0,296057.0,291648.0,SHFE.ag2608,1.00170093
2026-06-08 12:00:00,1780891200000000000,KQ.m@SHFE.ag,4h,16320.71,16335.74,15997.16,16231.56,137922.0,291648.0,284624.0,SHFE.ag2608,1.00170093
2026-06-08 20:00:00,1780920000000000000,KQ.m@SHFE.ag,4h,16612.21,16643.26,16344.75,16540.09,284087.0,284624.0,289020.0,SHFE.ag2608,1.00170093
2026-06-09 00:00:00,1780934400000000000,KQ.m@SHFE.ag,4h,16540.09,16585.16,16429.9,16534.08,69559.0,289020.0,283793.0,SHFE.ag2608,1.00170093
2026-06-09 08:00:00,1780963200000000000,KQ.m@SHFE.ag,4h,16349.76,16447.93,16250.59,16320.71,150994.0,283793.0,283156.0,SHFE.ag2608,1.00170093
2026-06-09 12:00:00,1780977600000000000,KQ.m@SHFE.ag,4h,16351.77,16543.09,16342.75,16485.99,97969.0,283156.0,279277.0,SHFE.ag2608,1.00170093
2026-06-09 20:00:00,1781006400000000000,KQ.m@SHFE.ag,4h,16529.07,16605.2,15653.58,15706.67,528567.0,279277.0,296383.0,SHFE.ag2608,1.00170093
2026-06-10 00:00:00,1781020800000000000,KQ.m@SHFE.ag,4h,15706.67,15803.84,15476.28,15784.8,199241.0,296383.0,289992.0,SHFE.ag2608,1.00170093
2026-06-10 08:00:00,1781049600000000000,KQ.m@SHFE.ag,4h,15548.4,15638.55,15265.92,15335.04,227668.0,289992.0,287327.0,SHFE.ag2608,1.00170093
2026-06-10 12:00:00,1781064000000000000,KQ.m@SHFE.ag,4h,15374.11,15709.68,15295.97,15648.57,131652.0,287327.0,277658.0,SHFE.ag2608,1.00170093
2026-06-10 20:00:00,1781092800000000000,KQ.m@SHFE.ag,4h,15511.34,15860.93,15414.17,15608.5,468776.0,277658.0,286849.0,SHFE.ag2608,1.00170093
2026-06-11 00:00:00,1781107200000000000,KQ.m@SHFE.ag,4h,15608.5,15688.64,15543.39,15630.54,105189.0,286849.0,282572.0,SHFE.ag2608,1.00170093
2026-06-11 08:00:00,1781136000000000000,KQ.m@SHFE.ag,4h,15392.14,15619.52,15130.69,15186.79,314806.0,282572.0,286059.0,SHFE.ag2608,1.00170093
2026-06-11 12:00:00,1781150400000000000,KQ.m@SHFE.ag,4h,15306.99,15510.34,15277.94,15442.22,129761.0,286059.0,279388.0,SHFE.ag2608,1.00170093
2026-06-11 20:00:00,1781179200000000000,KQ.m@SHFE.ag,4h,15293.97,15510.34,15269.93,15430.2,335579.0,279388.0,286210.0,SHFE.ag2608,1.00170093
2026-06-12 00:00:00,1781193600000000000,KQ.m@SHFE.ag,4h,15430.2,16007.18,15326.02,15892.99,256691.0,286210.0,279396.0,SHFE.ag2608,1.00170093
2026-06-12 08:00:00,1781222400000000000,KQ.m@SHFE.ag,4h,16198.51,16243.58,15940.07,16195.5,195858.0,279396.0,272944.0,SHFE.ag2608,1.00170093
2026-06-12 12:00:00,1781236800000000000,KQ.m@SHFE.ag,4h,16077.3,16113.36,15969.12,15999.17,100538.0,272944.0,268836.0,SHFE.ag2608,1.00170093
2026-06-12 20:00:00,1781265600000000000,KQ.m@SHFE.ag,4h,15960.1,16402.85,15928.05,16291.66,344490.0,268836.0,276535.0,SHFE.ag2608,1.00170093
2026-06-13 00:00:00,1781280000000000000,KQ.m@SHFE.ag,4h,16291.66,16516.04,16250.59,16516.04,141520.0,276535.0,271946.0,SHFE.ag2608,1.00170093
2026-06-15 08:00:00,1781481600000000000,KQ.m@SHFE.ag,4h,16901.7,17109.05,16856.62,16941.77,201246.0,271946.0,266438.0,SHFE.ag2608,1.00170093
2026-06-15 12:00:00,1781496000000000000,KQ.m@SHFE.ag,4h,16966.81,17002.87,16851.61,16904.7,79539.0,266438.0,263068.0,SHFE.ag2608,1.00170093
2026-06-15 20:00:00,1781524800000000000,KQ.m@SHFE.ag,4h,17137.1,17172.16,16904.7,17001.87,232096.0,263068.0,269496.0,SHFE.ag2608,1.00170093
2026-06-16 00:00:00,1781539200000000000,KQ.m@SHFE.ag,4h,17001.87,17022.91,16829.58,16882.67,84185.0,269496.0,263329.0,SHFE.ag2608,1.00170093
2026-06-16 08:00:00,1781568000000000000,KQ.m@SHFE.ag,4h,16832.58,16853.62,16588.17,16745.43,161244.0,263329.0,261997.0,SHFE.ag2608,1.00170093
2026-06-16 12:00:00,1781582400000000000,KQ.m@SHFE.ag,4h,16760.46,16811.55,16641.26,16744.43,69642.0,261997.0,261019.0,SHFE.ag2608,1.00170093
2026-06-16 20:00:00,1781611200000000000,KQ.m@SHFE.ag,4h,17089.02,17129.09,16685.33,16804.53,263542.0,261019.0,267565.0,SHFE.ag2608,1.00170093
2026-06-17 00:00:00,1781625600000000000,KQ.m@SHFE.ag,4h,16804.53,16885.67,16731.41,16875.66,74338.0,267565.0,263710.0,SHFE.ag2608,1.00170093
2026-06-17 08:00:00,1781654400000000000,KQ.m@SHFE.ag,4h,16826.57,16916.73,16782.5,16841.6,103237.0,263710.0,260165.0,SHFE.ag2608,1.00170093
2026-06-17 12:00:00,1781668800000000000,KQ.m@SHFE.ag,4h,16841.6,16914.72,16837.59,16893.69,63419.0,260165.0,257889.0,SHFE.ag2608,1.00170093
2026-06-17 20:00:00,1781697600000000000,KQ.m@SHFE.ag,4h,16827.57,17073.99,16683.33,17026.91,273790.0,257889.0,263924.0,SHFE.ag2608,1.00170093
2026-06-18 00:00:00,1781712000000000000,KQ.m@SHFE.ag,4h,17026.91,17242.28,16489.0,16617.22,223232.0,263924.0,256148.0,SHFE.ag2608,1.00170093
2026-06-18 08:00:00,1781740800000000000,KQ.m@SHFE.ag,4h,16650.27,16850.61,16494.01,16535.08,164806.0,256148.0,251523.0,SHFE.ag2608,1.00170093
2026-06-18 12:00:00,1781755200000000000,KQ.m@SHFE.ag,4h,16583.16,16620.22,16400.85,16521.05,99553.0,251523.0,245422.0,SHFE.ag2608,1.00170093
2026-06-22 08:00:00,1782086400000000000,KQ.m@SHFE.ag,4h,16009.18,16243.58,15764.77,15843.9,222974.0,245422.0,249344.0,SHFE.ag2608,1.00170093
2026-06-22 12:00:00,1782100800000000000,KQ.m@SHFE.ag,4h,15887.98,16134.4,15887.98,16090.32,93961.0,249344.0,246653.0,SHFE.ag2608,1.00170093
2026-06-22 20:00:00,1782129600000000000,KQ.m@SHFE.ag,4h,16015.19,16152.43,15712.68,15796.82,248214.0,246653.0,252550.0,SHFE.ag2608,1.00170093
2026-06-23 00:00:00,1782144000000000000,KQ.m@SHFE.ag,4h,15796.82,15853.92,15659.59,15794.82,93480.0,252550.0,248962.0,SHFE.ag2608,1.00170093
2026-06-23 08:00:00,1782172800000000000,KQ.m@SHFE.ag,4h,15694.65,15757.76,15106.65,15205.82,232166.0,248962.0,252005.0,SHFE.ag2608,1.00170093
2026-06-23 12:00:00,1782187200000000000,KQ.m@SHFE.ag,4h,15107.65,15219.84,14995.46,15022.51,165096.0,252005.0,250386.0,SHFE.ag2608,1.00170093
2026-06-23 20:00:00,1782216000000000000,KQ.m@SHFE.ag,4h,14944.38,15082.61,14825.17,15012.49,281487.0,250386.0,258011.0,SHFE.ag2608,1.00170093
2026-06-24 00:00:00,1782230400000000000,KQ.m@SHFE.ag,4h,15012.49,15034.53,14893.29,14893.29,71567.0,258011.0,253997.0,SHFE.ag2608,1.00170093
2026-06-24 08:00:00,1782259200000000000,KQ.m@SHFE.ag,4h,14863.24,14977.43,14645.87,14782.1,202090.0,253997.0,251513.0,SHFE.ag2608,1.00170093
2026-06-24 12:00:00,1782273600000000000,KQ.m@SHFE.ag,4h,14834.19,15071.59,14834.19,14975.43,121084.0,251513.0,246458.0,SHFE.ag2608,1.00170093
2026-06-24 20:00:00,1782302400000000000,KQ.m@SHFE.ag,4h,14113.97,14496.62,14041.84,14298.28,434352.0,246458.0,254111.0,SHFE.ag2608,1.00170093
2026-06-25 00:00:00,1782316800000000000,KQ.m@SHFE.ag,4h,14298.28,14328.33,13583.06,13979.74,251536.0,254111.0,251684.0,SHFE.ag2608,1.00170093
2026-06-25 08:00:00,1782345600000000000,KQ.m@SHFE.ag,4h,14003.78,14117.97,13713.29,13862.54,207759.0,251684.0,247941.0,SHFE.ag2608,1.00170093
2026-06-25 12:00:00,1782360000000000000,KQ.m@SHFE.ag,4h,14004.78,14004.78,13803.44,13834.49,91362.0,247941.0,245393.0,SHFE.ag2608,1.00170093
2026-06-25 20:00:00,1782388800000000000,KQ.m@SHFE.ag,4h,14113.97,14391.44,13903.61,14293.27,487481.0,245393.0,254608.0,SHFE.ag2608,1.00170093
2026-06-26 00:00:00,1782403200000000000,KQ.m@SHFE.ag,4h,14293.27,14302.29,14142.01,14261.22,122857.0,254608.0,248887.0,SHFE.ag2608,1.00170093
2026-06-26 08:00:00,1782432000000000000,KQ.m@SHFE.ag,4h,14108.96,14164.05,13535.98,13703.27,266172.0,248887.0,250144.0,SHFE.ag2608,1.00170093
2026-06-26 12:00:00,1782446400000000000,KQ.m@SHFE.ag,4h,13773.39,14259.21,13715.29,14236.17,179918.0,250144.0,240550.0,SHFE.ag2608,1.00170093
2026-06-26 20:00:00,1782475200000000000,KQ.m@SHFE.ag,4h,14396.45,14488.6,14113.97,14439.52,391964.0,240550.0,246916.0,SHFE.ag2608,1.00170093
2026-06-27 00:00:00,1782489600000000000,KQ.m@SHFE.ag,4h,14439.52,14462.56,14355.38,14409.47,96705.0,246916.0,241386.0,SHFE.ag2608,1.00170093
2026-06-29 08:00:00,1782691200000000000,KQ.m@SHFE.ag,4h,14324.32,14407.46,14166.05,14354.37,182304.0,241386.0,237489.0,SHFE.ag2608,1.00170093
2026-06-29 12:00:00,1782705600000000000,KQ.m@SHFE.ag,4h,14167.06,14344.36,14037.84,14296.28,138701.0,237489.0,234798.0,SHFE.ag2608,1.00170093
2026-06-29 20:00:00,1782734400000000000,KQ.m@SHFE.ag,4h,14252.2,14322.32,13993.76,14125.99,293322.0,234798.0,241407.0,SHFE.ag2608,1.00170093
2026-06-30 00:00:00,1782748800000000000,KQ.m@SHFE.ag,4h,14125.99,14214.14,14089.93,14166.05,74045.0,241407.0,236422.0,SHFE.ag2608,1.00170093
2026-06-30 08:00:00,1782777600000000000,KQ.m@SHFE.ag,4h,13991.76,14078.91,13756.36,13996.77,224376.0,236422.0,232650.0,SHFE.ag2608,1.00170093
2026-06-30 12:00:00,1782792000000000000,KQ.m@SHFE.ag,4h,13967.72,14549.71,13911.62,14434.51,200472.0,232650.0,230662.0,SHFE.ag2608,1.00170093
2026-06-30 20:00:00,1782820800000000000,KQ.m@SHFE.ag,4h,14274.24,14774.09,14250.2,14593.78,361704.0,230662.0,233485.0,SHFE.ag2608,1.00170093
2026-07-01 00:00:00,1782835200000000000,KQ.m@SHFE.ag,4h,14593.78,14637.86,14512.64,14602.8,72032.0,233485.0,227881.0,SHFE.ag2608,1.00170093
2026-07-01 08:00:00,1782864000000000000,KQ.m@SHFE.ag,4h,14362.39,14386.43,14023.81,14189.09,191604.0,227881.0,223816.0,SHFE.ag2608,1.00170093
2026-07-01 12:00:00,1782878400000000000,KQ.m@SHFE.ag,4h,14123.98,14147.02,14005.78,14055.87,98826.0,223816.0,222844.0,SHFE.ag2608,1.00170093
2026-07-01 20:00:00,1782907200000000000,KQ.m@SHFE.ag,4h,14376.41,14923.34,14257.21,14735.02,466052.0,222844.0,225279.0,SHFE.ag2608,1.00170093
2026-07-02 00:00:00,1782921600000000000,KQ.m@SHFE.ag,4h,14735.02,14772.08,14606.8,14606.8,73329.0,225279.0,221008.0,SHFE.ag2608,1.00170093
2026-07-02 08:00:00,1782950400000000000,KQ.m@SHFE.ag,4h,14572.75,14745.04,14562.73,14695.95,142138.0,221008.0,216882.0,SHFE.ag2608,1.00170093
2026-07-02 12:00:00,1782964800000000000,KQ.m@SHFE.ag,4h,14613.81,14764.07,14510.64,14674.92,113694.0,216882.0,213466.0,SHFE.ag2608,1.00170093
2026-07-02 20:00:00,1782993600000000000,KQ.m@SHFE.ag,4h,15023.51,15191.8,14882.27,14962.41,370507.0,213466.0,219761.0,SHFE.ag2608,1.00170093
2026-07-03 00:00:00,1783008000000000000,KQ.m@SHFE.ag,4h,14962.41,14969.42,14787.11,14875.26,103812.0,219761.0,215394.0,SHFE.ag2608,1.00170093
2026-07-03 08:00:00,1783036800000000000,KQ.m@SHFE.ag,4h,15026.52,15322.02,15001.47,15244.89,194759.0,215394.0,213029.0,SHFE.ag2608,1.00170093
2026-07-03 12:00:00,1783051200000000000,KQ.m@SHFE.ag,4h,15245.89,15296.97,15178.77,15281.95,73195.0,213029.0,212260.0,SHFE.ag2608,1.00170093
2026-07-03 20:00:00,1783080000000000000,KQ.m@SHFE.ag,4h,15273.94,15296.97,15133.7,15211.83,162351.0,212260.0,213953.0,SHFE.ag2608,1.00170093
2026-07-04 00:00:00,1783094400000000000,KQ.m@SHFE.ag,4h,15211.83,15325.02,15205.82,15320.01,57618.0,213953.0,210171.0,SHFE.ag2608,1.00170093
2026-07-06 08:00:00,1783296000000000000,KQ.m@SHFE.ag,4h,15375.11,15449.23,15115.67,15153.73,165900.0,210171.0,210876.0,SHFE.ag2608,1.00170093
2026-07-06 12:00:00,1783310400000000000,KQ.m@SHFE.ag,4h,15123.68,15162.75,15051.56,15108.66,75653.0,210876.0,207485.0,SHFE.ag2608,1.00170093
2026-07-06 20:00:00,1783339200000000000,KQ.m@SHFE.ag,4h,15088.62,15141.71,14987.45,15102.64,182879.0,207485.0,212269.0,SHFE.ag2608,1.00170093
2026-07-07 00:00:00,1783353600000000000,KQ.m@SHFE.ag,4h,15102.64,15175.77,15046.55,15151.73,55553.0,212269.0,209393.0,SHFE.ag2608,1.00170093
2026-07-07 08:00:00,1783382400000000000,KQ.m@SHFE.ag,4h,15026.52,15037.53,14833.19,14872.25,146918.0,209393.0,205227.0,SHFE.ag2608,1.00170093
2026-07-07 12:00:00,1783396800000000000,KQ.m@SHFE.ag,4h,14797.13,14968.42,14679.93,14905.31,111656.0,205227.0,205291.0,SHFE.ag2608,1.00170093
2026-07-07 20:00:00,1783425600000000000,KQ.m@SHFE.ag,4h,15036.53,15105.65,14800.13,14840.2,234743.0,205291.0,210992.0,SHFE.ag2608,1.00170093
2026-07-08 00:00:00,1783440000000000000,KQ.m@SHFE.ag,4h,14840.2,14934.36,14831.18,14880.27,54134.0,210992.0,206713.0,SHFE.ag2608,1.00170093
2026-07-08 08:00:00,1783468800000000000,KQ.m@SHFE.ag,4h,14729.01,14856.23,14584.77,14842.2,161870.0,206713.0,203501.0,SHFE.ag2608,1.00170093
2026-07-08 12:00:00,1783483200000000000,KQ.m@SHFE.ag,4h,14771.08,14953.39,14763.07,14885.28,85652.0,203501.0,201364.0,SHFE.ag2608,1.00170093
2026-07-08 20:00:00,1783512000000000000,KQ.m@SHFE.ag,4h,14436.51,14494.61,14024.81,14066.89,311485.0,201364.0,212707.0,SHFE.ag2608,1.00170093
2026-07-09 00:00:00,1783526400000000000,KQ.m@SHFE.ag,4h,14066.89,14367.4,14055.87,14284.26,123661.0,212707.0,204076.0,SHFE.ag2608,1.00170093
2026-07-09 08:00:00,1783555200000000000,KQ.m@SHFE.ag,4h,14274.24,14293.27,14089.93,14146.02,111997.0,204076.0,202319.0,SHFE.ag2608,1.00170093
2026-07-09 12:00:00,1783569600000000000,KQ.m@SHFE.ag,4h,14227.16,14461.56,14168.06,14427.5,109402.0,202319.0,197820.0,SHFE.ag2608,1.00170093
2026-07-09 20:00:00,1783598400000000000,KQ.m@SHFE.ag,4h,14505.63,14804.14,14465.56,14740.03,239402.0,197820.0,205940.0,SHFE.ag2608,1.00170093
2026-07-10 00:00:00,1783612800000000000,KQ.m@SHFE.ag,4h,14740.03,14839.2,14715.99,14717.99,70986.0,205940.0,202372.0,SHFE.ag2608,1.00170093
2026-07-10 08:00:00,1783641600000000000,KQ.m@SHFE.ag,4h,14718.99,14845.21,14614.82,14755.05,110079.0,202372.0,199154.0,SHFE.ag2608,1.00170093
2026-07-10 12:00:00,1783656000000000000,KQ.m@SHFE.ag,4h,14714.99,14745.04,14624.83,14680.93,68858.0,199154.0,195782.0,SHFE.ag2608,1.00170093
2026-07-10 20:00:00,1783684800000000000,KQ.m@SHFE.ag,4h,14565.73,14684.94,14411.47,14659.89,208842.0,195782.0,200579.0,SHFE.ag2608,1.00170093
2026-07-11 00:00:00,1783699200000000000,KQ.m@SHFE.ag,4h,14659.89,14675.92,14571.74,14613.81,52931.0,200579.0,195687.0,SHFE.ag2608,1.00170093
2026-07-13 08:00:00,1783900800000000000,KQ.m@SHFE.ag,4h,14430.5,14457.55,14206.12,14262.22,147161.0,195687.0,196083.0,SHFE.ag2608,1.00170093
2026-07-13 12:00:00,1783915200000000000,KQ.m@SHFE.ag,4h,14236.17,14289.26,14106.95,14159.04,82855.0,196083.0,192778.0,SHFE.ag2608,1.00170093
2026-07-13 20:00:00,1783944000000000000,KQ.m@SHFE.ag,4h,14309.3,14334.34,14056.87,14168.06,190471.0,192778.0,198394.0,SHFE.ag2608,1.00170093
2026-07-14 00:00:00,1783958400000000000,KQ.m@SHFE.ag,4h,14168.06,14182.08,13981.74,14038.84,77671.0,198394.0,196657.0,SHFE.ag2608,1.00170093
2026-07-14 08:00:00,1783987200000000000,KQ.m@SHFE.ag,4h,14031.83,14109.96,13874.56,14063.88,120361.0,196657.0,194469.0,SHFE.ag2608,1.00170093
2026-07-14 12:00:00,1784001600000000000,KQ.m@SHFE.ag,4h,14174.07,14270.23,14168.06,14241.18,80614.0,194469.0,189904.0,SHFE.ag2608,1.00170093
2026-07-14 20:00:00,1784030400000000000,KQ.m@SHFE.ag,4h,14459.55,14590.78,14390.44,14429.5,241474.0,189904.0,196200.0,SHFE.ag2608,1.00170093
2026-07-15 00:00:00,1784044800000000000,KQ.m@SHFE.ag,4h,14429.5,14448.53,14377.41,14405.46,49056.0,196200.0,192616.0,SHFE.ag2608,1.00170093
2026-07-15 08:00:00,1784073600000000000,KQ.m@SHFE.ag,4h,14466.56,14482.59,14259.21,14271.23,100467.0,192616.0,190224.0,SHFE.ag2608,1.00170093
2026-07-15 12:00:00,1784088000000000000,KQ.m@SHFE.ag,4h,14271.23,14319.31,14196.11,14265.22,63926.0,190224.0,185018.0,SHFE.ag2608,1.00170093
2026-07-15 20:00:00,1784116800000000000,KQ.m@SHFE.ag,4h,14344.36,14404.46,14063.88,14105.95,178689.0,185018.0,189631.0,SHFE.ag2608,1.00170093
2026-07-16 00:00:00,1784131200000000000,KQ.m@SHFE.ag,4h,14105.95,14217.14,13828.48,14208.13,153390.0,189631.0,187467.0,SHFE.ag2608,1.00170093
2026-07-16 08:00:00,1784160000000000000,KQ.m@SHFE.ag,4h,14021.81,14057.87,13874.56,13949.69,114804.0,187467.0,188198.0,SHFE.ag2608,1.00170093
2026-07-16 12:00:00,1784174400000000000,KQ.m@SHFE.ag,4h,13921.64,14031.83,13866.55,13939.67,76998.0,188198.0,182685.0,SHFE.ag2608,1.00170093
2026-07-16 20:00:00,1784203200000000000,KQ.m@SHFE.ag,4h,13623.13,13809.45,13506.94,13759.36,245955.0,182685.0,185920.0,SHFE.ag2608,1.00170093
2026-07-17 00:00:00,1784217600000000000,KQ.m@SHFE.ag,4h,13759.36,13761.37,13589.07,13617.12,79832.0,185920.0,184058.0,SHFE.ag2608,1.00170093
2026-07-17 08:00:00,1784246400000000000,KQ.m@SHFE.ag,4h,13631.15,13631.15,13330.64,13521.96,151942.0,184058.0,182169.0,SHFE.ag2608,1.00170093
2026-07-17 12:00:00,1784260800000000000,KQ.m@SHFE.ag,4h,13353.68,13659.19,13353.68,13545.0,95078.0,182169.0,173086.0,SHFE.ag2608,1.00170093
2026-07-17 20:00:00,1784289600000000000,KQ.m@SHFE.ag,4h,13421.0,13718.0,13386.0,13671.0,272872.0,173086.0,209194.0,SHFE.ag2610,1.0
2026-07-18 00:00:00,1784304000000000000,KQ.m@SHFE.ag,4h,13671.0,13737.0,13608.0,13729.0,92435.0,209194.0,205314.0,SHFE.ag2610,1.0
2026-07-20 08:00:00,1784505600000000000,KQ.m@SHFE.ag,4h,13789.0,13986.0,13712.0,13923.0,190664.0,205314.0,211721.0,SHFE.ag2610,1.0
2026-07-20 12:00:00,1784520000000000000,KQ.m@SHFE.ag,4h,13816.0,13863.0,13745.0,13753.0,90899.0,211721.0,210628.0,SHFE.ag2610,1.0
2026-07-20 20:00:00,1784548800000000000,KQ.m@SHFE.ag,4h,13823.0,13945.0,13740.0,13888.0,251745.0,210628.0,220453.0,SHFE.ag2610,1.0
2026-07-21 00:00:00,1784563200000000000,KQ.m@SHFE.ag,4h,13888.0,13942.0,13810.0,13840.0,86693.0,220453.0,217949.0,SHFE.ag2610,1.0
2026-07-21 08:00:00,1784592000000000000,KQ.m@SHFE.ag,4h,13903.0,14160.0,13868.0,14134.0,210371.0,217949.0,227142.0,SHFE.ag2610,1.0
2026-07-21 12:00:00,1784606400000000000,KQ.m@SHFE.ag,4h,14188.0,14453.0,14169.0,14420.0,153736.0,227142.0,230338.0,SHFE.ag2610,1.0
2026-07-21 20:00:00,1784635200000000000,KQ.m@SHFE.ag,4h,14432.0,14479.0,14258.0,14413.0,326743.0,230338.0,238938.0,SHFE.ag2610,1.0
2026-07-22 00:00:00,1784649600000000000,KQ.m@SHFE.ag,4h,14413.0,14445.0,14375.0,14421.0,66084.0,238938.0,235776.0,SHFE.ag2610,1.0
2026-07-22 08:00:00,1784678400000000000,KQ.m@SHFE.ag,4h,14483.0,14695.0,14483.0,14671.0,223900.0,235776.0,238149.0,SHFE.ag2610,1.0
2026-07-22 12:00:00,1784692800000000000,KQ.m@SHFE.ag,4h,14572.0,14636.0,14516.0,14531.0,114901.0,238149.0,236745.0,SHFE.ag2610,1.0
2026-07-22 20:00:00,1784721600000000000,KQ.m@SHFE.ag,4h,14460.0,14950.0,14444.0,14810.0,391654.0,236745.0,256499.0,SHFE.ag2610,1.0
2026-07-23 00:00:00,1784736000000000000,KQ.m@SHFE.ag,4h,14810.0,14814.0,14706.0,14735.0,107943.0,256499.0,253874.0,SHFE.ag2610,1.0
2026-07-23 08:00:00,1784764800000000000,KQ.m@SHFE.ag,4h,14720.0,14776.0,14611.0,14715.0,192701.0,253874.0,255185.0,SHFE.ag2610,1.0
2026-07-23 12:00:00,1784779200000000000,KQ.m@SHFE.ag,4h,14680.0,14730.0,14606.0,14614.0,95351.0,255185.0,254670.0,SHFE.ag2610,1.0
2026-07-23 20:00:00,1784808000000000000,KQ.m@SHFE.ag,4h,14210.0,14237.0,14030.0,14128.0,421800.0,254670.0,260334.0,SHFE.ag2610,1.0
2026-07-24 00:00:00,1784822400000000000,KQ.m@SHFE.ag,4h,14128.0,14207.0,14093.0,14110.0,94570.0,260334.0,256097.0,SHFE.ag2610,1.0
2026-07-24 08:00:00,1784851200000000000,KQ.m@SHFE.ag,4h,14173.0,14188.0,13986.0,14021.0,193712.0,256097.0,254279.0,SHFE.ag2610,1.0
2026-07-24 12:00:00,1784865600000000000,KQ.m@SHFE.ag,4h,14060.0,14161.0,14036.0,14154.0,103143.0,254279.0,253963.0,SHFE.ag2610,1.0
2026-07-24 20:00:00,1784894400000000000,KQ.m@SHFE.ag,4h,14293.0,14460.0,14170.0,14433.0,368562.0,253963.0,258612.0,SHFE.ag2610,1.0
2026-07-25 00:00:00,1784908800000000000,KQ.m@SHFE.ag,4h,14433.0,14445.0,14323.0,14323.0,114546.0,258612.0,254393.0,SHFE.ag2610,1.0
2026-07-27 08:00:00,1785110400000000000,KQ.m@SHFE.ag,4h,14600.0,14675.0,14543.0,14545.0,180921.0,254393.0,260459.0,SHFE.ag2610,1.0
2026-07-27 12:00:00,1785124800000000000,KQ.m@SHFE.ag,4h,14545.0,14613.0,14508.0,14558.0,83684.0,260459.0,261087.0,SHFE.ag2610,1.0
2026-07-27 20:00:00,1785153600000000000,KQ.m@SHFE.ag,4h,14443.0,14488.0,14304.0,14371.0,302135.0,261087.0,271407.0,SHFE.ag2610,1.0
2026-07-28 00:00:00,1785168000000000000,KQ.m@SHFE.ag,4h,14371.0,14464.0,14274.0,14322.0,114235.0,271407.0,268079.0,SHFE.ag2610,1.0
2026-07-28 08:00:00,1785196800000000000,KQ.m@SHFE.ag,4h,14170.0,14170.0,13973.0,14052.0,212712.0,268079.0,269498.0,SHFE.ag2610,1.0
2026-07-28 12:00:00,1785211200000000000,KQ.m@SHFE.ag,4h,13975.0,14118.0,13874.0,14088.0,144623.0,269498.0,266221.0,SHFE.ag2610,1.0
2026-07-28 20:00:00,1785240000000000000,KQ.m@SHFE.ag,4h,14067.0,14082.0,13909.0,14068.0,323079.0,266221.0,275472.0,SHFE.ag2610,1.0
2026-07-29 00:00:00,1785254400000000000,KQ.m@SHFE.ag,4h,14068.0,14090.0,13986.0,14016.0,94915.0,275472.0,271185.0,SHFE.ag2610,1.0
2026-07-29 08:00:00,1785283200000000000,KQ.m@SHFE.ag,4h,14006.0,14235.0,13962.0,14102.0,200029.0,271185.0,271089.0,SHFE.ag2610,1.0
2026-07-29 12:00:00,1785297600000000000,KQ.m@SHFE.ag,4h,14168.0,14269.0,14143.0,14268.0,127263.0,271089.0,274265.0,SHFE.ag2610,1.0
2026-07-29 20:00:00,1785326400000000000,KQ.m@SHFE.ag,4h,14065.0,14120.0,13945.0,14011.0,342275.0,274265.0,282228.0,SHFE.ag2610,1.0
2026-07-30 00:00:00,1785340800000000000,KQ.m@SHFE.ag,4h,14011.0,14598.0,13980.0,14324.0,267066.0,282228.0,282941.0,SHFE.ag2610,1.0
2026-07-30 08:00:00,1785369600000000000,KQ.m@SHFE.ag,4h,14275.0,14419.0,14077.0,14088.0,238234.0,282941.0,281339.0,SHFE.ag2610,1.0
2026-07-30 12:00:00,1785384000000000000,KQ.m@SHFE.ag,4h,14079.0,14126.0,13970.0,14032.0,136952.0,281339.0,282478.0,SHFE.ag2610,1.0
2026-07-30 20:00:00,1785412800000000000,KQ.m@SHFE.ag,4h,14196.0,14337.0,14132.0,14324.0,421690.0,282478.0,286661.0,SHFE.ag2610,1.0
2026-07-31 00:00:00,1785427200000000000,KQ.m@SHFE.ag,4h,14324.0,14411.0,14322.0,14402.0,136437.0,286661.0,286394.0,SHFE.ag2610,1.0
2026-07-31 08:00:00,1785456000000000000,KQ.m@SHFE.ag,4h,14393.0,14455.0,14255.0,14281.0,170639.0,286394.0,288083.0,SHFE.ag2610,1.0
2026-07-31 12:00:00,1785470400000000000,KQ.m@SHFE.ag,4h,14335.0,14335.0,14235.0,14264.0,99156.0,288083.0,285738.0,SHFE.ag2610,1.0
2026-07-31 20:00:00,1785499200000000000,KQ.m@SHFE.ag,4h,14106.0,14108.0,13952.0,14054.0,312297.0,285738.0,294149.0,SHFE.ag2610,1.0
2026-08-01 00:00:00,1785513600000000000,KQ.m@SHFE.ag,4h,14054.0,14187.0,14030.0,14143.0,101298.0,294149.0,286866.0,SHFE.ag2610,1.0
2026-08-03 08:00:00,1785715200000000000,KQ.m@SHFE.ag,4h,14156.0,14270.0,14135.0,14220.0,138921.0,286866.0,287417.0,SHFE.ag2610,1.0
2026-08-03 12:00:00,1785729600000000000,KQ.m@SHFE.ag,4h,14220.0,14330.0,14120.0,14218.0,98500.0,287417.0,286111.0,SHFE.ag2610,1.0
2026-08-03 20:00:00,1785758400000000000,KQ.m@SHFE.ag,4h,14068.0,14114.0,13813.0,14011.0,308410.0,286111.0,299875.0,SHFE.ag2610,1.0
2026-08-04 00:00:00,1785772800000000000,KQ.m@SHFE.ag,4h,14011.0,14162.0,13998.0,14153.0,89711.0,299875.0,292841.0,SHFE.ag2610,1.0
2026-08-04 08:00:00,1785801600000000000,KQ.m@SHFE.ag,4h,14196.0,14368.0,14144.0,14337.0,166640.0,292841.0,294309.0,SHFE.ag2610,1.0
2026-08-04 12:00:00,1785816000000000000,KQ.m@SHFE.ag,4h,14375.0,14452.0,14340.0,14373.0,99171.0,294309.0,296603.0,SHFE.ag2610,1.0
2026-08-04 20:00:00,1785844800000000000,KQ.m@SHFE.ag,4h,14594.0,14637.0,14480.0,14569.0,271838.0,296603.0,305579.0,SHFE.ag2610,1.0
2026-08-05 00:00:00,1785859200000000000,KQ.m@SHFE.ag,4h,14569.0,14654.0,14547.0,14593.0,82827.0,305579.0,304078.0,SHFE.ag2610,1.0
2026-08-05 08:00:00,1785888000000000000,KQ.m@SHFE.ag,4h,14591.0,14898.0,14540.0,14860.0,195468.0,304078.0,312761.0,SHFE.ag2610,1.0
2026-08-05 12:00:00,1785902400000000000,KQ.m@SHFE.ag,4h,14890.0,15127.0,14890.0,15105.0,159661.0,312761.0,315309.0,SHFE.ag2610,1.0
2026-08-05 20:00:00,1785931200000000000,KQ.m@SHFE.ag,4h,15044.0,15346.0,15027.0,15163.0,410215.0,315309.0,323316.0,SHFE.ag2610,1.0
2026-08-06 00:00:00,1785945600000000000,KQ.m@SHFE.ag,4h,15163.0,15276.0,15126.0,15260.0,113338.0,323316.0,320370.0,SHFE.ag2610,1.0
2026-08-06 08:00:00,1785974400000000000,KQ.m@SHFE.ag,4h,15342.0,15435.0,15152.0,15181.0,213128.0,320370.0,315643.0,SHFE.ag2610,1.0
2026-08-06 12:00:00,1785988800000000000,KQ.m@SHFE.ag,4h,15145.0,15225.0,15078.0,15091.0,101409.0,315643.0,313530.0,SHFE.ag2610,1.0
2026-08-06 20:00:00,1786017600000000000,KQ.m@SHFE.ag,4h,15035.0,15149.0,14951.0,15020.0,282615.0,313530.0,324269.0,SHFE.ag2610,1.0
2026-08-07 00:00:00,1786032000000000000,KQ.m@SHFE.ag,4h,15020.0,15098.0,14942.0,15076.0,98728.0,324269.0,318100.0,SHFE.ag2610,1.0
2026-08-07 08:00:00,1786060800000000000,KQ.m@SHFE.ag,4h,14999.0,15258.0,14994.0,15233.0,150443.0,318100.0,315989.0,SHFE.ag2610,1.0
2026-08-07 12:00:00,1786075200000000000,KQ.m@SHFE.ag,4h,15255.0,15650.0,15241.0,15635.0,212057.0,315989.0,322723.0,SHFE.ag2610,1.0
2026-08-07 20:00:00,1786104000000000000,KQ.m@SHFE.ag,4h,15877.0,15900.0,15490.0,15505.0,398621.0,322723.0,326944.0,SHFE.ag2610,1.0
2026-08-08 00:00:00,1786118400000000000,KQ.m@SHFE.ag,4h,15505.0,15541.0,15444.0,15451.0,113576.0,326944.0,320220.0,SHFE.ag2610,1.0
2026-08-10 08:00:00,1786320000000000000,KQ.m@SHFE.ag,4h,15478.0,15576.0,15402.0,15510.0,166664.0,320220.0,320357.0,SHFE.ag2610,1.0
2026-08-10 12:00:00,1786334400000000000,KQ.m@SHFE.ag,4h,15552.0,15725.0,15528.0,15705.0,120897.0,320357.0,322632.0,SHFE.ag2610,1.0
2026-08-10 20:00:00,1786363200000000000,KQ.m@SHFE.ag,4h,15616.0,15950.0,15540.0,15892.0,303046.0,322632.0,334645.0,SHFE.ag2610,1.0
2026-08-11 00:00:00,1786377600000000000,KQ.m@SHFE.ag,4h,15892.0,15959.0,15820.0,15884.0,114073.0,334645.0,330873.0,SHFE.ag2610,1.0
2026-08-11 08:00:00,1786406400000000000,KQ.m@SHFE.ag,4h,16007.0,16249.0,15940.0,16069.0,243737.0,330873.0,326086.0,SHFE.ag2610,1.0
2026-08-11 12:00:00,1786420800000000000,KQ.m@SHFE.ag,4h,15900.0,15907.0,15698.0,15748.0,185329.0,326086.0,313807.0,SHFE.ag2610,1.0
2026-08-11 20:00:00,1786449600000000000,KQ.m@SHFE.ag,4h,15811.0,15946.0,15738.0,15861.0,276438.0,313807.0,321791.0,SHFE.ag2610,1.0
2026-08-12 00:00:00,1786464000000000000,KQ.m@SHFE.ag,4h,15861.0,15905.0,15771.0,15795.0,82055.0,321791.0,319033.0,SHFE.ag2610,1.0
2026-08-12 08:00:00,1786492800000000000,KQ.m@SHFE.ag,4h,15878.0,16111.0,15842.0,16054.0,159471.0,319033.0,322317.0,SHFE.ag2610,1.0
2026-08-12 12:00:00,1786507200000000000,KQ.m@SHFE.ag,4h,15951.0,16196.0,15918.0,16154.0,124992.0,322317.0,324253.0,SHFE.ag2610,1.0
2026-08-12 20:00:00,1786536000000000000,KQ.m@SHFE.ag,4h,16260.0,16340.0,16020.0,16082.0,352880.0,324253.0,330519.0,SHFE.ag2610,1.0
2026-08-13 00:00:00,1786550400000000000,KQ.m@SHFE.ag,4h,16082.0,16101.0,15936.0,16024.0,106602.0,330519.0,325797.0,SHFE.ag2610,1.0
2026-08-13 08:00:00,1786579200000000000,KQ.m@SHFE.ag,4h,16105.0,16164.0,15849.0,15968.0,197296.0,325797.0,317105.0,SHFE.ag2610,1.0
2026-08-13 12:00:00,1786593600000000000,KQ.m@SHFE.ag,4h,16013.0,16013.0,15786.0,15823.0,128099.0,317105.0,314536.0,SHFE.ag2610,1.0
2026-08-13 20:00:00,1786622400000000000,KQ.m@SHFE.ag,4h,15950.0,15992.0,15744.0,15791.0,288195.0,314536.0,321572.0,SHFE.ag2610,1.0
2026-08-14 00:00:00,1786636800000000000,KQ.m@SHFE.ag,4h,15791.0,15883.0,15760.0,15805.0,78934.0,321572.0,317602.0,SHFE.ag2610,1.0
2026-08-14 08:00:00,1786665600000000000,KQ.m@SHFE.ag,4h,15700.0,15700.0,15560.0,15664.0,176918.0,317602.0,315308.0,SHFE.ag2610,1.0
2026-08-14 12:00:00,1786680000000000000,KQ.m@SHFE.ag,4h,15599.0,15749.0,15503.0,15722.0,113451.0,315308.0,312556.0,SHFE.ag2610,1.0
2026-08-14 20:00:00,1786708800000000000,KQ.m@SHFE.ag,4h,15890.0,16057.0,15851.0,15912.0,248585.0,312556.0,321577.0,SHFE.ag2610,1.0
2026-08-15 00:00:00,1786723200000000000,KQ.m@SHFE.ag,4h,15912.0,15936.0,15822.0,15841.0,82326.0,321577.0,315469.0,SHFE.ag2610,1.0
2026-08-17 08:00:00,1786924800000000000,KQ.m@SHFE.ag,4h,16000.0,16215.0,15994.0,16055.0,179811.0,315469.0,317772.0,SHFE.ag2610,1.0
2026-08-17 12:00:00,1786939200000000000,KQ.m@SHFE.ag,4h,16090.0,16156.0,16075.0,16143.0,77304.0,317772.0,317332.0,SHFE.ag2610,1.0
2026-08-17 20:00:00,1786968000000000000,KQ.m@SHFE.ag,4h,16000.0,16282.0,15921.0,16258.0,277363.0,317332.0,332605.0,SHFE.ag2610,1.0
2026-08-18 00:00:00,1786982400000000000,KQ.m@SHFE.ag,4h,16258.0,16265.0,16122.0,16134.0,75283.0,332605.0,324365.0,SHFE.ag2610,1.0
2026-08-18 08:00:00,1787011200000000000,KQ.m@SHFE.ag,4h,16250.0,16315.0,15944.0,15983.0,217149.0,324365.0,313982.0,SHFE.ag2610,1.0
2026-08-18 12:00:00,1787025600000000000,KQ.m@SHFE.ag,4h,15945.0,16030.0,15835.0,15961.0,99754.0,313982.0,308947.0,SHFE.ag2610,1.0
2026-08-18 20:00:00,1787054400000000000,KQ.m@SHFE.ag,4h,15924.0,15986.0,15577.0,15672.0,339416.0,308947.0,319321.0,SHFE.ag2610,1.0
2026-08-19 00:00:00,1787068800000000000,KQ.m@SHFE.ag,4h,15672.0,15707.0,15601.0,15620.0,67351.0,319321.0,313824.0,SHFE.ag2610,1.0
2026-08-19 08:00:00,1787097600000000000,KQ.m@SHFE.ag,4h,15468.0,15516.0,15333.0,15429.0,186800.0,313824.0,306783.0,SHFE.ag2610,1.0
2026-08-19 12:00:00,1787112000000000000,KQ.m@SHFE.ag,4h,15375.0,15436.0,15320.0,15432.0,91737.0,306783.0,301327.0,SHFE.ag2610,1.0
2026-08-19 20:00:00,1787140800000000000,KQ.m@SHFE.ag,4h,15839.0,16098.0,15780.0,16088.0,362821.0,301327.0,308724.0,SHFE.ag2610,1.0
2026-08-20 00:00:00,1787155200000000000,KQ.m@SHFE.ag,4h,16088.0,16128.0,16004.0,16027.0,86127.0,308724.0,305203.0,SHFE.ag2610,1.0
2026-08-20 08:00:00,1787184000000000000,KQ.m@SHFE.ag,4h,16221.0,16444.0,16192.0,16395.0,217115.0,305203.0,308457.0,SHFE.ag2610,1.0
2026-08-20 12:00:00,1787198400000000000,KQ.m@SHFE.ag,4h,16350.0,16390.0,16255.0,16361.0,93292.0,308457.0,302419.0,SHFE.ag2610,1.0
2026-08-20 20:00:00,1787227200000000000,KQ.m@SHFE.ag,4h,16222.0,16786.0,16201.0,16648.0,406923.0,302419.0,317941.0,SHFE.ag2610,1.0
2026-08-21 00:00:00,1787241600000000000,KQ.m@SHFE.ag,4h,16648.0,16671.0,16530.0,16589.0,100813.0,317941.0,310880.0,SHFE.ag2610,1.0
2026-08-21 08:00:00,1787270400000000000,KQ.m@SHFE.ag,4h,16550.0,16832.0,16531.0,16766.0,166250.0,310880.0,310736.0,SHFE.ag2610,1.0
2026-08-21 12:00:00,1787284800000000000,KQ.m@SHFE.ag,4h,16767.0,16872.0,16748.0,16771.0,99052.0,310736.0,306822.0,SHFE.ag2610,1.0
2026-08-21 20:00:00,1787313600000000000,KQ.m@SHFE.ag,4h,16899.0,17033.0,16810.0,16953.0,324144.0,306822.0,311695.0,SHFE.ag2610,1.0
2026-08-22 00:00:00,1787328000000000000,KQ.m@SHFE.ag,4h,16953.0,17052.0,16908.0,16968.0,116918.0,311695.0,307364.0,SHFE.ag2610,1.0
2026-08-24 08:00:00,1787529600000000000,KQ.m@SHFE.ag,4h,16902.0,16959.0,16664.0,16828.0,227237.0,307364.0,301563.0,SHFE.ag2610,1.0
2026-08-24 12:00:00,1787544000000000000,KQ.m@SHFE.ag,4h,16795.0,16928.0,16740.0,16843.0,88932.0,301563.0,298270.0,SHFE.ag2610,1.0
2026-08-24 20:00:00,1787572800000000000,KQ.m@SHFE.ag,4h,16852.0,17072.0,16712.0,16752.0,323573.0,298270.0,305757.0,SHFE.ag2610,1.0
2026-08-25 00:00:00,1787587200000000000,KQ.m@SHFE.ag,4h,16752.0,16840.0,16701.0,16775.0,89437.0,305757.0,300425.0,SHFE.ag2610,1.0
2026-08-25 08:00:00,1787616000000000000,KQ.m@SHFE.ag,4h,16966.0,16978.0,16460.0,16536.0,243182.0,300425.0,287661.0,SHFE.ag2610,1.0
2026-08-25 12:00:00,1787630400000000000,KQ.m@SHFE.ag,4h,16615.0,16704.0,16512.0,16631.0,96112.0,287661.0,282243.0,SHFE.ag2610,1.0
2026-08-25 20:00:00,1787659200000000000,KQ.m@SHFE.ag,4h,16598.0,16747.0,16402.0,16720.0,290685.0,282243.0,279096.0,SHFE.ag2610,1.0
2026-08-26 00:00:00,1787673600000000000,KQ.m@SHFE.ag,4h,16720.0,16775.0,16654.0,16751.0,70662.0,279096.0,276032.0,SHFE.ag2610,1.0
2026-08-26 08:00:00,1787702400000000000,KQ.m@SHFE.ag,4h,16640.0,16989.0,16574.0,16883.0,187430.0,276032.0,276204.0,SHFE.ag2610,1.0
2026-08-26 12:00:00,1787716800000000000,KQ.m@SHFE.ag,4h,16850.0,16920.0,16701.0,16756.0,94702.0,276204.0,269980.0,SHFE.ag2610,1.0
2026-08-26 20:00:00,1787745600000000000,KQ.m@SHFE.ag,4h,16658.0,16717.0,16445.0,16548.0,300148.0,269980.0,271746.0,SHFE.ag2610,1.0
2026-08-27 00:00:00,1787760000000000000,KQ.m@SHFE.ag,4h,16548.0,16626.0,16522.0,16590.0,64130.0,271746.0,268618.0,SHFE.ag2610,1.0
2026-08-27 08:00:00,1787788800000000000,KQ.m@SHFE.ag,4h,16659.0,16977.0,16647.0,16888.0,200481.0,268618.0,271175.0,SHFE.ag2610,1.0
2026-08-27 12:00:00,1787803200000000000,KQ.m@SHFE.ag,4h,16806.0,16832.0,16632.0,16728.0,107683.0,271175.0,260536.0,SHFE.ag2610,1.0
2026-08-27 20:00:00,1787832000000000000,KQ.m@SHFE.ag,4h,16597.0,16959.0,16478.0,16939.0,298082.0,260536.0,270278.0,SHFE.ag2610,1.0
2026-08-28 00:00:00,1787846400000000000,KQ.m@SHFE.ag,4h,16939.0,17030.0,16883.0,16915.0,128068.0,270278.0,273276.0,SHFE.ag2610,1.0
2026-08-28 08:00:00,1787875200000000000,KQ.m@SHFE.ag,4h,16877.0,17041.0,16684.0,16819.0,198852.0,273276.0,255429.0,SHFE.ag2610,1.0
2026-08-28 12:00:00,1787889600000000000,KQ.m@SHFE.ag,4h,16789.0,17223.0,16742.0,17215.0,140354.0,255429.0,261945.0,SHFE.ag2610,1.0
2026-08-28 20:00:00,1787918400000000000,KQ.m@SHFE.ag,4h,17285.0,17388.0,16600.0,16661.0,636435.0,261945.0,259632.0,SHFE.ag2610,1.0
2026-08-29 00:00:00,1787932800000000000,KQ.m@SHFE.ag,4h,16661.0,16686.0,16210.0,16210.0,298985.0,259632.0,250415.0,SHFE.ag2610,1.0
2026-08-31 08:00:00,1788134400000000000,KQ.m@SHFE.ag,4h,16231.0,16341.0,16047.0,16151.0,195227.0,250415.0,244730.0,SHFE.ag2610,1.0
2026-08-31 12:00:00,1788148800000000000,KQ.m@SHFE.ag,4h,16297.0,16353.0,16222.0,16293.0,83661.0,244730.0,239957.0,SHFE.ag2610,1.0
2026-08-31 20:00:00,1788177600000000000,KQ.m@SHFE.ag,4h,16275.0,16369.0,16166.0,16192.0,215151.0,239957.0,245843.0,SHFE.ag2610,1.0
2026-09-01 00:00:00,1788192000000000000,KQ.m@SHFE.ag,4h,16192.0,16278.0,16177.0,16212.0,55148.0,245843.0,242066.0,SHFE.ag2610,1.0
2026-09-01 08:00:00,1788220800000000000,KQ.m@SHFE.ag,4h,16331.0,16370.0,16134.0,16275.0,124758.0,242066.0,236095.0,SHFE.ag2610,1.0
2026-09-01 12:00:00,1788235200000000000,KQ.m@SHFE.ag,4h,16210.0,16380.0,16167.0,16245.0,71546.0,236095.0,232963.0,SHFE.ag2610,1.0
2026-09-01 20:00:00,1788264000000000000,KQ.m@SHFE.ag,4h,15855.0,15927.0,15700.0,15909.0,260240.0,232963.0,236598.0,SHFE.ag2610,1.0
2026-09-02 00:00:00,1788278400000000000,KQ.m@SHFE.ag,4h,15909.0,15944.0,15681.0,15749.0,83679.0,236598.0,231947.0,SHFE.ag2610,1.0
2026-09-02 08:00:00,1788307200000000000,KQ.m@SHFE.ag,4h,15611.0,15666.0,15441.0,15553.0,156805.0,231947.0,227446.0,SHFE.ag2610,1.0
2026-09-02 12:00:00,1788321600000000000,KQ.m@SHFE.ag,4h,15607.0,15676.0,15589.0,15631.0,63663.0,227446.0,223865.0,SHFE.ag2610,1.0
2026-09-02 20:00:00,1788350400000000000,KQ.m@SHFE.ag,4h,15686.0,16009.0,15676.0,15898.0,245247.0,223865.0,226402.0,SHFE.ag2610,1.0
2026-09-03 00:00:00,1788364800000000000,KQ.m@SHFE.ag,4h,15898.0,15922.0,15835.0,15886.0,43368.0,226402.0,223872.0,SHFE.ag2610,1.0
2026-09-03 08:00:00,1788393600000000000,KQ.m@SHFE.ag,4h,15968.0,16146.0,15955.0,16098.0,124147.0,223872.0,220236.0,SHFE.ag2610,1.0
2026-09-03 12:00:00,1788408000000000000,KQ.m@SHFE.ag,4h,16045.0,16167.0,16020.0,16045.0,79863.0,220236.0,216412.0,SHFE.ag2610,1.0
2026-09-03 20:00:00,1788436800000000000,KQ.m@SHFE.ag,4h,16300.0,16472.0,16150.0,16404.0,256719.0,216412.0,219615.0,SHFE.ag2610,1.0
2026-09-04 00:00:00,1788451200000000000,KQ.m@SHFE.ag,4h,16404.0,16447.0,16370.0,16419.0,49592.0,219615.0,217669.0,SHFE.ag2610,1.0
2026-09-04 08:00:00,1788480000000000000,KQ.m@SHFE.ag,4h,16446.0,16452.0,16267.0,16301.0,100889.0,217669.0,211437.0,SHFE.ag2610,1.0
2026-09-04 12:00:00,1788494400000000000,KQ.m@SHFE.ag,4h,16265.0,16354.0,16173.0,16250.0,59755.0,211437.0,207832.0,SHFE.ag2610,1.0
2026-09-04 20:00:00,1788523200000000000,KQ.m@SHFE.ag,4h,15967.0,16155.0,15775.0,16110.0,195707.0,207832.0,209360.0,SHFE.ag2610,1.0
