instrument,horizon,features,learner,stratum,n,auc,brier_skill,logloss_skill,calibration_slope,return_spread
AG,H5,B0,gbr,ALL,12313,0.5191826589217153,-0.002076424087137818,-0.0015760378504361405,0.09092083030342944,-0.00020299008897342016
AG,H5,B0,gbr,TOP50,9960,0.5172130176932487,-0.0019790915114570318,-0.0014940209985272457,0.08755752308792218,-0.00021563766393994753
AG,H5,B0,gbr,TOP30,8221,0.5187336198198004,-0.0016897013392365157,-0.0012916585048736717,0.09155747805113142,-0.0002079460315802115
AG,H5,B0,gbr,TOP20,6944,0.5189073544199714,-0.001882496937823941,-0.001441019442356195,0.08867299568889694,-0.00022432591138425495
AG,H5,B0,logistic,ALL,12313,0.5294421645689584,-0.0038727678792631615,-0.008049240801408564,0.03110032928158114,-2.592514023372387e-05
AG,H5,B0,logistic,TOP50,9960,0.5294397715992649,-0.005587764085086544,-0.010528473882032152,0.027617420454802186,-5.444654631550003e-05
AG,H5,B0,logistic,TOP30,8221,0.5309626047155968,-0.007270571296167816,-0.013117344758756033,0.02548819943255226,-1.1309509291834145e-05
AG,H5,B0,logistic,TOP20,6944,0.5318140200770725,-0.00886270454312399,-0.015712630934953564,0.02401990716794519,2.8666492070113402e-05
AG,H5,B1,gbr,ALL,12313,0.5198099530152753,-0.0011507971663407002,-0.0008670497905758356,0.10589930521919956,-0.00016280854347496966
AG,H5,B1,gbr,TOP50,9960,0.5189089709109136,-0.0010281452339255814,-0.0007720784173537165,0.10354190854661094,-0.0002417960570001445
AG,H5,B1,gbr,TOP30,8221,0.5205974677205256,-0.0007350792227134306,-0.0005604638087508551,0.10827203919609452,-0.00016344468845853587
AG,H5,B1,gbr,TOP20,6944,0.5214698329168875,-0.0006689476741714717,-0.0005158748370732713,0.10987696206431839,-0.00018106291541892427
AG,H5,B1,logistic,ALL,12313,0.5291413203847428,-0.0034947343286158006,-0.006991375623793594,0.03734407145692193,-1.7410175220035412e-06
AG,H5,B1,logistic,TOP50,9960,0.530120371136675,-0.00520485368964585,-0.00928628531911313,0.03321692331381244,-1.1254093005589434e-05
AG,H5,B1,logistic,TOP30,8221,0.5330788585566146,-0.006651461730281971,-0.011502042443300775,0.031334166681138496,-3.331863738614317e-05
AG,H5,B1,logistic,TOP20,6944,0.5328485757818489,-0.008360025720304254,-0.013966105862490696,0.029093502597533454,-1.568204058369558e-05
AG,H5,B2,gbr,ALL,12313,0.5236434770173776,-0.00041594225970009724,-0.0003486220555521946,0.12514904508205904,-9.734011610698426e-05
AG,H5,B2,gbr,TOP50,9960,0.5231033394911964,-0.0003651581046364427,-0.0003078523651183218,0.12236307997572096,-0.00010428364399397793
AG,H5,B2,gbr,TOP30,8221,0.5258953274579168,0.0001301092332283149,4.3108654290691106e-05,0.1298698438596037,-8.59361468519352e-05
AG,H5,B2,gbr,TOP20,6944,0.5270021031510403,0.00022965629863769266,0.00010868500312766205,0.1309853644829772,-8.604350683643009e-05
AG,H5,B2,logistic,ALL,12313,0.5290209563270019,-0.00391446792136807,-0.008016751127216226,0.030319083738072673,-7.259335205743792e-06
AG,H5,B2,logistic,TOP50,9960,0.5293838716905923,-0.005591678387011356,-0.010453949680526264,0.027069235563036347,1.735285467355899e-05
AG,H5,B2,logistic,TOP30,8221,0.5305509496965977,-0.00731916327275961,-0.013057753027931884,0.024898362347447033,-7.328965029512123e-06
AG,H5,B2,logistic,TOP20,6944,0.5316988664969002,-0.008834602243417367,-0.015579523816700913,0.023610123259119133,3.874940673762665e-05
AG,H5,B3,gbr,ALL,12313,0.5227621704367722,-0.00029897825571323366,-0.00025027636217500593,0.12399628131463061,-0.00019602358550925976
AG,H5,B3,gbr,TOP50,9960,0.5223294322779463,-0.00023609397477764027,-0.0002018869834008452,0.12168422580508727,-0.00019129068336382974
AG,H5,B3,gbr,TOP30,8221,0.5243498296585626,0.00011799924319855215,5.068545313369199e-05,0.12783143306569922,-0.00014500398504622432
AG,H5,B3,gbr,TOP20,6944,0.5254611456710224,0.0003246057887400511,0.00019680593497994892,0.13217848046790243,-0.0001530718837831394
AG,H5,B3,logistic,ALL,12313,0.5310107098155016,-0.0042658872570122686,-0.007828366976264212,0.032786491947093814,-4.384643572858279e-06
AG,H5,B3,logistic,TOP50,9960,0.5323368468805512,-0.006147137866228336,-0.01031496058157022,0.028896986166238214,-3.080239342390101e-05
AG,H5,B3,logistic,TOP30,8221,0.5354434319911678,-0.007696517554321547,-0.012674112402254023,0.027308855667638066,-0.0001206472788512153
AG,H5,B3,logistic,TOP20,6944,0.5358490446985185,-0.009505878085901198,-0.0152873647818077,0.025317381532577173,-0.00010582324126651118
AG,H15,B0,gbr,ALL,11123,0.512958743809086,-0.003927111110971548,-0.0030341586282358612,0.08286269288459021,-0.0004819444707997929
AG,H15,B0,gbr,TOP50,8882,0.5135034726837631,-0.004217031442145025,-0.003309156403363822,0.07455525529504103,-0.0005298810226252826
AG,H15,B0,gbr,TOP30,7369,0.5109636522700336,-0.0055022500312253975,-0.004291984702565088,0.06293113128471794,-0.0005876482072199208
AG,H15,B0,gbr,TOP20,6255,0.5128562120707477,-0.005630359186981293,-0.00441383285130148,0.06532952016161188,-0.0005786552218556229
AG,H15,B0,logistic,ALL,11123,0.5099378405403197,-0.0076785301812862805,-0.009919295126998406,0.030196699036478043,-0.0005235312647614196
AG,H15,B0,logistic,TOP50,8882,0.5082192709355922,-0.009870773123543453,-0.012609081153864832,0.027153643369584545,-0.0006310796604487444
AG,H15,B0,logistic,TOP30,7369,0.5112042365292025,-0.011793534403343298,-0.015127622181653644,0.02599042032013815,-0.0005645078485131286
AG,H15,B0,logistic,TOP20,6255,0.5136976526523422,-0.013720155934738854,-0.017698419183435732,0.025032395588395012,-0.00045065013700005705
AG,H15,B1,gbr,ALL,11123,0.5110157024511492,-0.0035362104559830687,-0.002719207067513052,0.08722726234236536,-0.0003812249708624266
AG,H15,B1,gbr,TOP50,8882,0.5108045260739893,-0.0038215567480173185,-0.0029838273947273564,0.07709560239480055,-0.0003246097326818855
AG,H15,B1,gbr,TOP30,7369,0.5078244562470628,-0.004909344851588449,-0.003813050430710785,0.0653028839343381,-0.0003181588669082463
AG,H15,B1,gbr,TOP20,6255,0.5097946127268568,-0.0048936417289546785,-0.0038310031336774575,0.06798396374179655,-0.0003868325824158052
AG,H15,B1,logistic,ALL,11123,0.5099227113480205,-0.009888483580379859,-0.014304655657730425,0.01916376349102084,-0.0004800629631534739
AG,H15,B1,logistic,TOP50,8882,0.5082601744593722,-0.011228756988092448,-0.013848946138676377,0.024763970419613795,-0.0005785666930066339
AG,H15,B1,logistic,TOP30,7369,0.5115310498517777,-0.013064858546077751,-0.016357062453814075,0.024122809003552882,-0.0005536762285654138
AG,H15,B1,logistic,TOP20,6255,0.5140611081655928,-0.015095163713805704,-0.01905786104863494,0.02327833932805936,-0.00048708884270911294
AG,H15,B2,gbr,ALL,11123,0.5118235204151541,-0.003703909040164044,-0.0027952870999292667,0.07723075003250705,-0.0005600982708177183
AG,H15,B2,gbr,TOP50,8882,0.5091852292446882,-0.004791471223306809,-0.0036319483079845227,0.05846971322543806,-0.000606518378830609
AG,H15,B2,gbr,TOP30,7369,0.5053690337911527,-0.00611400285222885,-0.004622915448017073,0.046440167655686704,-0.0005673977269370077
AG,H15,B2,gbr,TOP20,6255,0.5052099397074532,-0.006826275771594226,-0.00515604466729469,0.04465687650174073,-0.0007197876169374323
AG,H15,B2,logistic,ALL,11123,0.5115352728947073,-0.008267216314141512,-0.01056859047541936,0.030193510640590147,-0.0005258688945551355
AG,H15,B2,logistic,TOP50,8882,0.5091375423414986,-0.01087714189466582,-0.013619023029940225,0.026771433794228746,-0.0006608514997212067
AG,H15,B2,logistic,TOP30,7369,0.5093533780808233,-0.013229418012669747,-0.016505820280660943,0.025261412186180533,-0.0006839332329316339
AG,H15,B2,logistic,TOP20,6255,0.5113136308959363,-0.015384721927911515,-0.019302976005314276,0.024352402484584715,-0.0007375579855039931
AG,H15,B3,gbr,ALL,11123,0.5076112620218827,-0.004542725021635441,-0.0034299531093655578,0.061693644736201834,-0.00044895998323571276
AG,H15,B3,gbr,TOP50,8882,0.5050248073520248,-0.005793048479111773,-0.00439116265742312,0.04099149215232055,-0.0005528449568932419
AG,H15,B3,gbr,TOP30,7369,0.5010477533154225,-0.007191400627525768,-0.005441442547728936,0.029234964935889063,-0.0007079546163328192
AG,H15,B3,gbr,TOP20,6255,0.5005030368042855,-0.00816671058086893,-0.006176058083395608,0.025839626339583647,-0.000772886386029932
AG,H15,B3,logistic,ALL,11123,0.5071834699512882,-0.01171021286018159,-0.01626010193768157,0.018230537291561835,-0.0005293673911029844
AG,H15,B3,logistic,TOP50,8882,0.5047779888839974,-0.013677293580871552,-0.016048142686871048,0.02346873973388228,-0.0006204325525863911
AG,H15,B3,logistic,TOP30,7369,0.5061396275377354,-0.016166863237752516,-0.01911636183622689,0.022537968407088337,-0.0007982944294745812
AG,H15,B3,logistic,TOP20,6255,0.5083123507932982,-0.018601245368384367,-0.022201503290281144,0.02188796534848135,-0.0007758117388291104
CU,H5,B0,gbr,ALL,8813,0.5326974356455656,0.002380113561434416,0.0017129212816123784,0.1700543543689202,3.9295914645758494e-05
CU,H5,B0,gbr,TOP50,6608,0.5318107762921426,0.0016937791706163052,0.0012076080936327394,0.1543977398540016,3.777079725688113e-05
CU,H5,B0,gbr,TOP30,4313,0.5336478251236348,0.002006860809568689,0.0014348391606361366,0.15617219854348355,0.00010837073668910514
CU,H5,B0,gbr,TOP20,3021,0.518172713645807,-0.0022746317343280698,-0.0016544278755814545,0.09165123358810442,7.733526544197589e-05
CU,H5,B0,logistic,ALL,8813,0.5145050337916305,-0.0021759865711596937,-0.003204323314260682,0.02321338775209434,-1.560978632492806e-05
CU,H5,B0,logistic,TOP50,6608,0.5119052290014334,-0.0038071150202383386,-0.004927127995083991,0.013052003263890322,-3.8738584779403e-05
CU,H5,B0,logistic,TOP30,4313,0.5139342234612596,-0.0053186471043458194,-0.0071028964335730915,0.013545029440404572,-2.0701813305128225e-05
CU,H5,B0,logistic,TOP20,3021,0.5110958195636357,-0.009762290183892519,-0.011706785715491774,0.0035854555513733276,3.027184841345041e-05
CU,H5,B1,gbr,ALL,8813,0.5321955577824551,0.002191698071553838,0.0015682045973570702,0.16835573839448026,8.296509984415004e-05
CU,H5,B1,gbr,TOP50,6608,0.5316526400591989,0.0022426629113173613,0.0016163670536891717,0.16841355545014605,7.298804566246852e-05
CU,H5,B1,gbr,TOP30,4313,0.53427401226561,0.002897700840127082,0.002097287978061968,0.17795142180734808,7.842420549681078e-05
CU,H5,B1,gbr,TOP20,3021,0.5215977524347163,-0.0008288023985945081,-0.0006069233476169167,0.11110836580628977,0.00010104348981896658
CU,H5,B1,logistic,ALL,8813,0.5146399444219794,-0.0017959846715167593,-0.001702565037976278,0.07014844313440781,4.6872931502435565e-05
CU,H5,B1,logistic,TOP50,6608,0.5153150128764147,-0.00298580061256537,-0.0026990679863176936,0.06102319877423683,1.5022944531038795e-05
CU,H5,B1,logistic,TOP30,4313,0.5146171998184466,-0.004192669019454698,-0.0037858490411617485,0.05889571880642998,5.0700180516301935e-06
CU,H5,B1,logistic,TOP20,3021,0.5166454825165018,-0.007217209685561832,-0.0062943145181799665,0.05244961629843122,3.318303999297265e-05
CU,H5,B2,gbr,ALL,8813,0.5370313945033437,0.002935435217425675,0.0021108110874555885,0.174289468920554,6.42351894350464e-05
CU,H5,B2,gbr,TOP50,6608,0.5331065308339069,0.0016716002994230372,0.0011888120694489857,0.15177384816189218,4.3375050163557265e-05
CU,H5,B2,gbr,TOP30,4313,0.5331553292591373,0.0014112068612240902,0.0009909510088461637,0.14388232531001438,5.648700698319831e-05
CU,H5,B2,gbr,TOP20,3021,0.5171506149247451,-0.003281319575861641,-0.002409904972413557,0.08463313448112973,3.826146777802067e-05
CU,H5,B2,logistic,ALL,8813,0.520073618383588,-0.0015332398952287996,-0.0024754240150075546,0.04476822693953169,3.526375919423068e-05
CU,H5,B2,logistic,TOP50,6608,0.516405190315352,-0.0033428386813478816,-0.004239455904336165,0.030132021538967817,3.088918707295419e-05
CU,H5,B2,logistic,TOP30,4313,0.5185251152455381,-0.004717658481984799,-0.006100439936198354,0.02986800393869891,4.7109509166081116e-05
CU,H5,B2,logistic,TOP20,3021,0.5172739943372575,-0.009208606280389331,-0.010493900947945223,0.018731047509129222,9.109502147021082e-05
CU,H5,B3,gbr,ALL,8813,0.5346271477746556,0.0017940665508675568,0.0012697480185120957,0.15458115950996743,9.412066355286958e-05
CU,H5,B3,gbr,TOP50,6608,0.5304832569940219,0.001224459370882447,0.0008782483387985707,0.14525802530404358,8.740279344327805e-05
CU,H5,B3,gbr,TOP30,4313,0.5309843248859375,0.0015739174250620769,0.0011388597031195546,0.14790130517365283,8.412182315451766e-05
CU,H5,B3,gbr,TOP20,3021,0.5152788856844818,-0.0027823788221490453,-0.0020124768256579717,0.08814438373164579,0.0001414184118750263
CU,H5,B3,logistic,ALL,8813,0.5178840420690038,-0.0018053246076552565,-0.0018853380324568292,0.06792729550453293,4.708467308583523e-05
CU,H5,B3,logistic,TOP50,6608,0.5167096369412107,-0.0033767882298143537,-0.0032180895065530013,0.05867203513724523,2.764789157329833e-05
CU,H5,B3,logistic,TOP30,4313,0.5170290205796372,-0.004874761536967753,-0.004654641583889507,0.05628097850295876,2.384057676160786e-05
CU,H5,B3,logistic,TOP20,3021,0.5179862200755617,-0.00833934340890874,-0.007626860163397309,0.05223281146068461,6.489515680289389e-05
CU,H15,B0,gbr,ALL,7623,0.5184159604347581,-0.0019314214182972744,-0.0014773407842132436,0.0914443636944573,9.498857546231595e-05
CU,H15,B0,gbr,TOP50,5662,0.5181891078142307,-0.0027019457310448747,-0.002044522734112597,0.08354356576342414,0.00011030951132592788
CU,H15,B0,gbr,TOP30,3702,0.5239493972225213,-0.0022125905381895627,-0.00171975663037216,0.09537471750831536,0.00020830030490164413
CU,H15,B0,gbr,TOP20,2562,0.5202616422767499,-0.004497605899713264,-0.0033984454940918507,0.08014952739341405,0.0003152148449772433
CU,H15,B0,logistic,ALL,7623,0.5013596350392413,-0.002226921507480828,-0.0016710308480074598,-0.06905867480939706,-7.448396815046312e-05
CU,H15,B0,logistic,TOP50,5662,0.5016467137798162,-0.0032362484335832775,-0.002421860938054632,-0.08312840495826233,-7.551198838168733e-05
CU,H15,B0,logistic,TOP30,3702,0.4988504277657961,-0.005642058614362844,-0.00420561119405316,-0.13459350106463053,-0.00012869658503148813
CU,H15,B0,logistic,TOP20,2562,0.4907496295646142,-0.007263525309198826,-0.005432143629621189,-0.1791460502116439,-7.78766708336452e-05
CU,H15,B1,gbr,ALL,7623,0.5167744800773518,-0.002234320058780437,-0.0016930856693533336,0.08567333807762761,2.239181599626866e-05
CU,H15,B1,gbr,TOP50,5662,0.5179313271243818,-0.002490334225356383,-0.0018833003634357581,0.08404802071872675,1.6863667826577985e-05
CU,H15,B1,gbr,TOP30,3702,0.5241427682026306,-0.0014509364855099793,-0.0011604663447659647,0.10331422361751515,0.00013735373472145362
CU,H15,B1,gbr,TOP20,2562,0.5233448959154279,-0.003170362806698357,-0.0024165848992421246,0.09358062889933799,0.00014052494710085572
CU,H15,B1,logistic,ALL,7623,0.5052663472695236,-0.0019249704913015808,-0.001386819967364561,0.06765571251417107,-5.3280652986490595e-05
CU,H15,B1,logistic,TOP50,5662,0.5068767101917286,-0.002424918829731171,-0.001744613987011867,0.072949476635154,-3.7707335611964465e-05
CU,H15,B1,logistic,TOP30,3702,0.5048377770714264,-0.004392617701387325,-0.003163681452459155,0.0594477240303071,-3.494148171678409e-05
CU,H15,B1,logistic,TOP20,2562,0.507271261101633,-0.005232996474440199,-0.003773719656669172,0.05364803158695235,-0.00011342264016709144
CU,H15,B2,gbr,ALL,7623,0.5196600884851035,-0.0025871890473789794,-0.00194998362425447,0.08448529702682539,0.00013814693442508566
CU,H15,B2,gbr,TOP50,5662,0.5165725339698289,-0.00400962619025691,-0.002985542365085303,0.06964101558328585,0.00018108284795296758
CU,H15,B2,gbr,TOP30,3702,0.5174368085528058,-0.0051217062016470916,-0.0038309710982438183,0.06427232575701892,0.0002510955311663675
CU,H15,B2,gbr,TOP20,2562,0.5131921320804054,-0.0074729788934393415,-0.005540645641227915,0.052381608270462114,0.0003371831794137199
CU,H15,B2,logistic,ALL,7623,0.5013882879357117,-0.0028698540459410893,-0.0022322171371829125,-0.026501018469764225,5.7021193847706714e-05
CU,H15,B2,logistic,TOP50,5662,0.5001126347482878,-0.004216404279544728,-0.003259093137069957,-0.03616815226982105,7.266111995901016e-05
CU,H15,B2,logistic,TOP30,3702,0.5027876068611818,-0.006363774925088217,-0.004923919623315953,-0.03683887661501282,0.00011165523369906368
CU,H15,B2,logistic,TOP20,2562,0.4982570794148858,-0.008404483591001322,-0.006541988378663932,-0.06349709841765967,6.281190764592805e-05
CU,H15,B3,gbr,ALL,7623,0.5178849864470422,-0.002922986485537793,-0.0021995869616959762,0.07711623853551358,1.3637953134819231e-05
CU,H15,B3,gbr,TOP50,5662,0.5139715137049343,-0.004403149102137682,-0.0032822130908249925,0.05960218737424343,-2.940504350063866e-05
CU,H15,B3,gbr,TOP30,3702,0.5126864497584249,-0.005620629744710559,-0.00420811330901949,0.052470336517407686,1.1547610252175646e-05
CU,H15,B3,gbr,TOP20,2562,0.5120547689708326,-0.007037664087084172,-0.0052488071217924315,0.04992654578270839,7.346963681758321e-05
CU,H15,B3,logistic,ALL,7623,0.5089906727934274,-0.00469370822765236,-0.006221961692842726,-0.0012753482018889048,1.0443552776611094e-05
CU,H15,B3,logistic,TOP50,5662,0.5091985460445235,-0.0063553697536777864,-0.008400952356045988,-0.0046371938013419975,-2.6990592298677156e-05
CU,H15,B3,logistic,TOP30,3702,0.51007528479532,-0.009470459487076255,-0.012662292259741914,-0.007634605511976457,-8.218389877418078e-05
CU,H15,B3,logistic,TOP20,2562,0.5119663886648904,-0.01289306107577537,-0.017734676383592607,-0.01326355326758672,-7.759967093676434e-05
AL,H5,B0,gbr,ALL,8813,0.5381080670328523,0.0011957912144908711,0.0006456392402408584,0.13811718976221543,3.4026296202008446e-05
AL,H5,B0,gbr,TOP50,5711,0.5371492547836052,-0.0010142042737673052,-0.0009738915461248165,0.12655006776785171,1.923375494246749e-05
AL,H5,B0,gbr,TOP30,4045,0.5461371978616903,0.0031132778323499366,0.002111263267399077,0.14711662476855386,1.3712758622463419e-05
AL,H5,B0,gbr,TOP20,3005,0.555147977234133,0.0060767639613067415,0.004351348151793832,0.17039889589729665,8.514139084430986e-05
AL,H5,B0,logistic,ALL,8813,0.5208053526005647,-0.010211041420876033,-0.015259365132960001,0.025805005453174885,4.241783295425521e-06
AL,H5,B0,logistic,TOP50,5711,0.5150460810137822,-0.018481209550221367,-0.025512320860618276,0.016600392889836512,2.6422352189742314e-06
AL,H5,B0,logistic,TOP30,4045,0.5195905809501509,-0.021109842111383115,-0.03228879576790966,0.01777721545830679,2.012350803958887e-05
AL,H5,B0,logistic,TOP20,3005,0.5288523366036796,-0.02602400837356722,-0.041532655566547394,0.017273668784828486,-1.5745737231835935e-05
AL,H5,B1,gbr,ALL,8813,0.5375821402285469,0.001425823789469871,0.0008433333264402654,0.14142194771037903,-2.2982651438024815e-06
AL,H5,B1,gbr,TOP50,5711,0.5371662551576135,-0.00015738333881576416,-0.00032073250554476296,0.1336878839997677,-4.559637712345625e-06
AL,H5,B1,gbr,TOP30,4045,0.5451239825316673,0.0032757051506679957,0.0022439732021447556,0.14916404701837543,2.952667144609535e-06
AL,H5,B1,gbr,TOP20,3005,0.5548073098959014,0.006022355347275354,0.0043148744661969385,0.17175658154383017,-2.3151753479855744e-05
AL,H5,B1,logistic,ALL,8813,0.5256917027377681,-0.010138832751628968,-0.017782195435817938,0.02423014239931169,9.149755368933e-06
AL,H5,B1,logistic,TOP50,5711,0.5216737268219901,-0.018211308192573883,-0.02926088356652823,0.01626272862974771,2.6717898181882526e-05
AL,H5,B1,logistic,TOP30,4045,0.5256270927274656,-0.021273888900241733,-0.03801199930251675,0.01710393705722954,1.9835692085702284e-05
AL,H5,B1,logistic,TOP20,3005,0.5371153795859325,-0.02612163913334853,-0.04910822425396999,0.016450579153285863,9.809891041963386e-06
AL,H5,B2,gbr,ALL,8813,0.540226094889508,0.0005164134440196477,0.00013622338078467244,0.13335063676313513,6.569730001272648e-06
AL,H5,B2,gbr,TOP50,5711,0.5361167320681055,-0.002888572829748526,-0.0023873663597449024,0.1125363480313793,2.32993158073328e-06
AL,H5,B2,gbr,TOP30,4045,0.546958277543946,0.0018550952831944967,0.0011311089511416572,0.13838103017887385,3.5560365853838224e-06
AL,H5,B2,gbr,TOP20,3005,0.5555941590093547,0.004165853083825333,0.002890555830808994,0.15698985673873206,-4.4926851457467896e-05
AL,H5,B2,logistic,ALL,8813,0.5217184386846233,-0.012240260105692125,-0.01629654379473,0.030749504457631794,9.11172540613427e-06
AL,H5,B2,logistic,TOP50,5711,0.5146449471888381,-0.022139979496600848,-0.027532479047645664,0.020215347552508332,-4.7253162219920436e-05
AL,H5,B2,logistic,TOP30,4045,0.5185901246279874,-0.02560321407792454,-0.034593012151435065,0.021908469538553882,-1.742976251710638e-05
AL,H5,B2,logistic,TOP20,3005,0.5267032690536978,-0.03101045138336289,-0.043718883719083834,0.02197943249265178,-5.447114145590838e-05
AL,H5,B3,gbr,ALL,8813,0.5393721673141075,0.0007505836277551525,0.0003597386381677392,0.1372856074550504,1.6118146744265777e-06
AL,H5,B3,gbr,TOP50,5711,0.5372571946582825,-0.001536058941545626,-0.001334176907884066,0.12363985434817674,4.0905720490339206e-05
AL,H5,B3,gbr,TOP30,4045,0.5460308727961941,0.0022099819507390706,0.001462688805030088,0.14273953905556552,6.0397206044085695e-06
AL,H5,B3,gbr,TOP20,3005,0.5531154715728775,0.004063287185721132,0.0028553681008152143,0.15935317543818597,4.1298035110581404e-05
AL,H5,B3,logistic,ALL,8813,0.5266307879162972,-0.013868827321688482,-0.022340116219192074,0.02477275100100905,1.4736883314210778e-05
AL,H5,B3,logistic,TOP50,5711,0.5199681893001646,-0.024591056869871508,-0.03673806010601721,0.016517533620709794,5.396198759068937e-07
AL,H5,B3,logistic,TOP30,4045,0.5240910082518258,-0.02909547919698996,-0.04763183280644445,0.01801151274838126,-6.169656409829359e-06
AL,H5,B3,logistic,TOP20,3005,0.530642925617733,-0.035584055176998364,-0.06110368135202515,0.017369933647419362,-1.291786169931108e-05
AL,H15,B0,gbr,ALL,7623,0.5216467047271724,-0.009249949339208863,-0.007219342275107676,0.0646214723188092,-0.00014173444748939474
AL,H15,B0,gbr,TOP50,4658,0.5268598712627475,-0.010258783100622226,-0.008011796891976841,0.07060201570079658,-0.0001829010422451773
AL,H15,B0,gbr,TOP30,3488,0.5313027045867135,-0.01011070593184149,-0.007971278523752234,0.0773604241566077,-0.00024334038297990222
AL,H15,B0,gbr,TOP20,2659,0.533407546418721,-0.011194250311555853,-0.00888519789459985,0.0775338898470165,-0.0003318938091269467
AL,H15,B0,logistic,ALL,7623,0.5237794975159183,-0.012705028620087155,-0.025942081716924692,0.016134582083365785,7.255488541715971e-06
AL,H15,B0,logistic,TOP50,4658,0.5218817420842287,-0.023470916371848727,-0.044265601510418806,0.009713025035364777,-4.157553935217445e-05
AL,H15,B0,logistic,TOP30,3488,0.5272769620353531,-0.02903636532913967,-0.05741039466853959,0.009754666849642744,-9.32512613326542e-05
AL,H15,B0,logistic,TOP20,2659,0.529603912536609,-0.03751793346793808,-0.0749126801646176,0.008347570784119384,-0.0003210604194887795
AL,H15,B1,gbr,ALL,7623,0.5225710431811772,-0.008245740756492648,-0.006471235852813173,0.07056664982081436,-0.00013028897397353978
AL,H15,B1,gbr,TOP50,4658,0.528968843334138,-0.0077060500177303926,-0.0060614978671114095,0.08296202277852074,-0.00016541059391431836
AL,H15,B1,gbr,TOP30,3488,0.5357189463129708,-0.006247104581094121,-0.0050604242780636355,0.09325319769143225,-0.00024602682154117617
AL,H15,B1,gbr,TOP20,2659,0.5387119338053399,-0.006342285373634127,-0.005246860833093114,0.09514042521170929,-0.00033141567875834933
AL,H15,B1,logistic,ALL,7623,0.5212208255242192,-0.014428352075654516,-0.029023599850423798,0.012398135755491155,-4.0263126239998e-05
AL,H15,B1,logistic,TOP50,4658,0.521121742143459,-0.025245071675834563,-0.048517975125485835,0.006900025832856231,-9.22720005359469e-05
AL,H15,B1,logistic,TOP30,3488,0.5257364394866687,-0.031342966130164074,-0.06303874180818125,0.0069243528378803414,-0.00014514498106319942
AL,H15,B1,logistic,TOP20,2659,0.5255924251471467,-0.04058090206288467,-0.08231906100580533,0.005477811503145939,-0.0001929658692652181
AL,H15,B2,gbr,ALL,7623,0.5189371882420044,-0.009772994974740268,-0.007549241584468458,0.05905510171194339,-0.0001717340065737541
AL,H15,B2,gbr,TOP50,4658,0.5221852052851277,-0.011051233797074955,-0.008485715950390826,0.06393603951463252,-0.00024117900192609476
AL,H15,B2,gbr,TOP30,3488,0.525373361150618,-0.011684462273567231,-0.009012141968322673,0.06788069438572526,-0.00036331839457826194
AL,H15,B2,gbr,TOP20,2659,0.5270454093093349,-0.012639830897342774,-0.00979035291546837,0.06871048543285743,-0.0004508767520318272
AL,H15,B2,logistic,ALL,7623,0.5238221998173784,-0.014211818536249643,-0.027714208107194382,0.01608724622174179,-4.5056498270843934e-05
AL,H15,B2,logistic,TOP50,4658,0.5230034175934989,-0.025618341598929506,-0.046951365739809736,0.00995214053773623,-6.858328048224828e-05
AL,H15,B2,logistic,TOP30,3488,0.5266935258738741,-0.031841374098238395,-0.060938852391548615,0.00985873408289329,-0.00014133223111119201
AL,H15,B2,logistic,TOP20,2659,0.5237402257670107,-0.0416944400486543,-0.079890351979512,0.007977857751487781,-0.0002783631574942673
AL,H15,B3,gbr,ALL,7623,0.5193484405202693,-0.00921861185832551,-0.007148437324490331,0.06248956046243094,-0.00016886384980901867
AL,H15,B3,gbr,TOP50,4658,0.5251292333070252,-0.008781453842372944,-0.006798914389342325,0.07571791963816721,-0.00019368213072302917
AL,H15,B3,gbr,TOP30,3488,0.5302159473652043,-0.008071129342911432,-0.0063336716011608285,0.08376127842495709,-0.000269558580164321
AL,H15,B3,gbr,TOP20,2659,0.5336762489692627,-0.007326228857226669,-0.0058103390402690636,0.08971545089120653,-0.0003423632999189632
AL,H15,B3,logistic,ALL,7623,0.5229746007265492,-0.016947286027398034,-0.03621571106951338,0.009616577560241604,-7.159473419978061e-05
AL,H15,B3,logistic,TOP50,4658,0.5226624726614731,-0.029389302847176557,-0.06034723078184223,0.003975904972862578,-0.0001332842403961182
AL,H15,B3,logistic,TOP30,3488,0.527028852999526,-0.036266498031850336,-0.07835860854662857,0.004170418891092471,-0.0001581593915014239
AL,H15,B3,logistic,TOP20,2659,0.5233319116267167,-0.04687710472265061,-0.10227304098767553,0.0027315966725323564,-0.00024330989326419093
SN,H5,B0,gbr,ALL,8813,0.5260515083261308,-0.0026487818521370166,-0.0021285088993396872,0.09071639057967155,0.0001006324447439068
SN,H5,B0,gbr,TOP50,6705,0.5212654934328362,-0.005286342004154454,-0.004104218161753659,0.06452505527721984,0.00012477775072259692
SN,H5,B0,gbr,TOP30,4815,0.5164067077475603,-0.007784813331359608,-0.00599815433074169,0.04607011685740985,0.00013125372491251745
SN,H5,B0,gbr,TOP20,3765,0.5079896434467287,-0.012012549978597908,-0.009172178030811384,0.015829458630647313,6.332267505018752e-05
SN,H5,B0,logistic,ALL,8813,0.520100070959089,-0.006231942024758741,-0.0064441282394014365,0.04120565987203144,-2.2388986512873144e-05
SN,H5,B0,logistic,TOP50,6705,0.5183835116116551,-0.008964303494322534,-0.00903217174173121,0.03384525301832828,-6.559075336074298e-05
SN,H5,B0,logistic,TOP30,4815,0.5210365035186069,-0.01094681966429878,-0.011442473125500507,0.03615393264504951,-8.070038800470083e-05
SN,H5,B0,logistic,TOP20,3765,0.5169631594542351,-0.015185224799696861,-0.015496699191799967,0.028529838743956062,-0.00010203397831315105
SN,H5,B1,gbr,ALL,8813,0.5250547695189254,-0.001151403818747898,-0.0009338103475329262,0.1052201118392076,-3.363811333226452e-06
SN,H5,B1,gbr,TOP50,6705,0.5182187252475666,-0.003722311904855058,-0.0028237760469584927,0.06991521979900714,1.680715159742174e-05
SN,H5,B1,gbr,TOP30,4815,0.5140295691337057,-0.005425678789097166,-0.00409200954209199,0.055017231762421535,-5.431116092364301e-06
SN,H5,B1,gbr,TOP20,3765,0.5092572629915483,-0.008203730188371061,-0.006158132661533644,0.030870024100410946,7.887026654002205e-05
SN,H5,B1,logistic,ALL,8813,0.5212175555814438,-0.006090675858659633,-0.008320813312695297,0.029654542584223908,5.854933453802917e-06
SN,H5,B1,logistic,TOP50,6705,0.5186080908681128,-0.009033990627146604,-0.011685181402979916,0.024535798688962874,-3.6328559637871257e-06
SN,H5,B1,logistic,TOP30,4815,0.5214709377637575,-0.011034050653557781,-0.01510107028264085,0.02554115748920721,-4.714908266313708e-05
SN,H5,B1,logistic,TOP20,3765,0.5194394198072609,-0.014986720949599075,-0.019951069296014978,0.022162158503516105,-7.775286768608735e-05
SN,H5,B2,gbr,ALL,8813,0.5264848439152401,-0.0030749646195624702,-0.0024809761702646593,0.08789670521497754,2.694232531275942e-05
SN,H5,B2,gbr,TOP50,6705,0.5205554528359538,-0.005671430653791054,-0.004411404204187175,0.06756922252601215,-1.6024944828560636e-06
SN,H5,B2,gbr,TOP30,4815,0.5162804147104473,-0.006836791111927365,-0.00524584684398155,0.06396947515273022,-6.379608359953315e-05
SN,H5,B2,gbr,TOP20,3765,0.5102758455265052,-0.010631190077299735,-0.0081082843699809,0.04064680363882461,-8.221858876366021e-05
SN,H5,B2,logistic,ALL,8813,0.5256504385733155,-0.007034067415431666,-0.006408149619620662,0.04961931531075156,0.00010185812356395039
SN,H5,B2,logistic,TOP50,6705,0.523047223750164,-0.010251125233740277,-0.009149901891825296,0.03995985224686601,0.00014673374072890488
SN,H5,B2,logistic,TOP30,4815,0.5200264180189108,-0.013066561955353162,-0.01180564701204645,0.03840018003928249,6.099822072797064e-05
SN,H5,B2,logistic,TOP20,3765,0.520756282364229,-0.016013002051940672,-0.014568837004175661,0.03777787328058198,0.0001897241512707092
SN,H5,B3,gbr,ALL,8813,0.5256300696375544,-0.0022245859821676817,-0.0017947517963847748,0.09350611338731278,2.3403570937959913e-05
SN,H5,B3,gbr,TOP50,6705,0.5180592330458232,-0.004910712611510659,-0.0037730045159181103,0.06795224053319673,6.536894363517993e-05
SN,H5,B3,gbr,TOP30,4815,0.5134533140190103,-0.006064654697730321,-0.004592907905400567,0.0638693901444116,1.1260499367358429e-05
SN,H5,B3,gbr,TOP20,3765,0.5098237692774399,-0.00878786993814451,-0.006649560017838452,0.04655907612221332,0.00011142587667991756
SN,H5,B3,logistic,ALL,8813,0.5274610077797489,-0.008011807241505187,-0.009528116080846472,0.032377711963350174,0.00013819754110334427
SN,H5,B3,logistic,TOP50,6705,0.525388088793157,-0.011858535079388055,-0.013479104540041753,0.02571920793812775,0.00011724241943875794
SN,H5,B3,logistic,TOP30,4815,0.5229707538452089,-0.01516465838410097,-0.017586486491814268,0.02490773702819124,0.00011450919766441326
SN,H5,B3,logistic,TOP20,3765,0.5243479181070365,-0.018373679914427843,-0.02164559232542973,0.025016487744331503,0.00016176295927175255
SN,H15,B0,gbr,ALL,7623,0.49801259650442253,-0.011511753331049146,-0.008734949257126923,-0.005896359859371334,-0.0001869580586527507
SN,H15,B0,gbr,TOP50,5721,0.4910124158605633,-0.015684193116890288,-0.011890255529355187,-0.029884341090507454,-0.00031533213493789233
SN,H15,B0,gbr,TOP30,4145,0.4988564476885645,-0.015503255345721279,-0.011845157971348108,-0.0025023060986863444,-0.00035438574097594014
SN,H15,B0,gbr,TOP20,3184,0.49438498179424895,-0.01981426643333961,-0.015127644123504869,-0.009967662433737133,-0.00040245073473762425
SN,H15,B0,logistic,ALL,7623,0.5024333937212452,-0.014081684521071391,-0.012601967549546789,0.001889690756144519,-0.00024285438636708907
SN,H15,B0,logistic,TOP50,5721,0.49810888694803224,-0.018337413160764537,-0.016477170995713664,-0.003004807266496534,-0.0002721957654657088
SN,H15,B0,logistic,TOP30,4145,0.5062363939044692,-0.021908362368403544,-0.020267784576893044,0.004670085042458283,-0.00021741026532887678
SN,H15,B0,logistic,TOP20,3184,0.5052707503736638,-0.028219044138241278,-0.026162293988053476,0.00326658913870791,-0.00024203260090254356
SN,H15,B1,gbr,ALL,7623,0.4954322490726667,-0.01115753204179648,-0.008405329556313346,-0.018517164066661526,-0.00041516392538069413
SN,H15,B1,gbr,TOP50,5721,0.4892028847876681,-0.015280865933939847,-0.01151605635010955,-0.04466851205431651,-0.00047362640820120726
SN,H15,B1,gbr,TOP30,4145,0.4978650508154926,-0.015866907182932044,-0.01204865822353729,-0.019732354717582522,-0.0004963920994655044
SN,H15,B1,gbr,TOP20,3184,0.49740329329172916,-0.019661577902411187,-0.014962107971349337,-0.021337310797312676,-0.0005513055627021821
SN,H15,B1,logistic,ALL,7623,0.5007380043569073,-0.015580793459782916,-0.016725602873948864,0.0024458372145608094,-0.000315176869808134
SN,H15,B1,logistic,TOP50,5721,0.49496238917989516,-0.020513877849383633,-0.02209899064274068,-0.0009640572983715458,-0.00048040016738425253
SN,H15,B1,logistic,TOP30,4145,0.5012781289654129,-0.02540766732402555,-0.028384020458550818,0.0015981853067460455,-0.0004772057514171226
SN,H15,B1,logistic,TOP20,3184,0.5030944647256669,-0.03213197995915151,-0.0362635165556231,0.0018410213531385954,-0.0004994006331589702
SN,H15,B2,gbr,ALL,7623,0.5147711026423303,-0.012773928343055907,-0.010530732674613796,0.020142873601336486,-0.00021906789851760218
SN,H15,B2,gbr,TOP50,5721,0.5040405995927134,-0.019043077723747137,-0.015455604974557113,-0.004106101097756603,-0.00027335443508079226
SN,H15,B2,gbr,TOP30,4145,0.5069830847856204,-0.019168798364852968,-0.015417037202609452,0.0110086675223082,-0.0004460180022624351
SN,H15,B2,gbr,TOP20,3184,0.5058010609367872,-0.021672363238753878,-0.01742726241272674,0.014612922930184909,-0.0004926906751087555
SN,H15,B2,logistic,ALL,7623,0.5095070685801883,-0.01928101084300038,-0.018432776567627984,-0.0057120111786179715,-0.00028893203236724267
SN,H15,B2,logistic,TOP50,5721,0.5021489976599722,-0.025687629530474654,-0.02433210724372059,-0.013622633775086292,-0.0004247027666558717
SN,H15,B2,logistic,TOP30,4145,0.505744653604815,-0.031039502640364702,-0.02998717182527888,-0.011096015167243234,-0.0004067773608808268
SN,H15,B2,logistic,TOP20,3184,0.5070566027610872,-0.0375023626581219,-0.03673872211862372,-0.008334878387575486,-0.0005614521103041114
SN,H15,B3,gbr,ALL,7623,0.5141414288843869,-0.011929494345781944,-0.009625689256984149,0.021747363199193518,-0.00025230133944503206
SN,H15,B3,gbr,TOP50,5721,0.5018312251572179,-0.01839106866601048,-0.014600345805170667,-0.00509033578574393,-0.0003503382881918496
SN,H15,B3,gbr,TOP30,4145,0.5034212272552648,-0.019346078412713963,-0.015344516207061565,0.007476926254991581,-0.0004874092578022174
SN,H15,B3,gbr,TOP20,3184,0.5047524743880516,-0.02133867518726129,-0.01702618189640459,0.014761310339378603,-0.0005495959712752095
SN,H15,B3,logistic,ALL,7623,0.5074069282839732,-0.0220808243415771,-0.02466583935472011,-0.0009433978129786988,-0.0003712140406774652
SN,H15,B3,logistic,TOP50,5721,0.49806678209141725,-0.02964818028781413,-0.03277146858959057,-0.005714784272653093,-0.0004682967381759432
SN,H15,B3,logistic,TOP30,4145,0.5006788204752093,-0.03662003265958402,-0.041620040937184744,-0.005733739812841066,-0.0007025595026158933
SN,H15,B3,logistic,TOP20,3184,0.5034073637409622,-0.043938831237746445,-0.05126928990284174,-0.0031996139884224555,-0.0008394622388507075
I,H5,B0,gbr,ALL,4130,0.5386487684575282,-0.0009134481970600739,-0.0009010623552980768,0.10838986704757762,0.0002130625672119123
I,H5,B0,gbr,TOP50,1744,0.555280982709742,0.0032435662746979066,0.002237267612015925,0.14722590843724898,0.0003278564974873552
I,H5,B0,gbr,TOP30,869,0.5738817891373802,0.009226056283428319,0.0072336776161583405,0.18848239329308664,0.00023552491593681717
I,H5,B0,gbr,TOP20,500,0.5854062160624709,0.01101914084904565,0.00894071410260766,0.2015037372992724,0.0005439263933359494
I,H5,B0,logistic,ALL,4130,0.5417859082820842,0.0022525990830882803,0.0015236297414531474,0.13670660959688663,0.000209424827467395
I,H5,B0,logistic,TOP50,1744,0.5652901952576025,0.006577051920546917,0.004723497156644441,0.16639878511042738,0.0004240014605233543
I,H5,B0,logistic,TOP30,869,0.5753212126784195,0.009005133764896422,0.006364679876858403,0.1625926183761948,0.0004643639395001299
I,H5,B0,logistic,TOP20,500,0.5980417507024529,0.013819981051933827,0.009875095206772766,0.1674903132485259,0.0007085790868497366
I,H5,B1,gbr,ALL,4130,0.5393908781569007,0.00014948041063733708,-0.0001614712681927699,0.11544266236432563,0.000151351391965175
I,H5,B1,gbr,TOP50,1744,0.5607373170839367,0.006685062952445198,0.0046156621172805945,0.16706409215142223,0.00033709998013201536
I,H5,B1,gbr,TOP30,869,0.5805588755832395,0.01271674032202641,0.009519199287871594,0.20822197714775026,0.000366595733391998
I,H5,B1,gbr,TOP20,500,0.5898967437210184,0.016624665471580036,0.01288851010156078,0.23400320425483748,0.0003991831994505812
I,H5,B1,logistic,ALL,4130,0.5377799144632098,-0.0002626541122665582,-0.0005923131482687971,0.11133169204351005,0.0001275234466522034
I,H5,B1,logistic,TOP50,1744,0.5593767932074902,0.0043125376493753365,0.0024701993450327864,0.14320898456944625,0.00033800399480145716
I,H5,B1,logistic,TOP30,869,0.5727469142896546,0.008469199572744612,0.0057572708572212195,0.15484616923762137,0.00033645761369181267
I,H5,B1,logistic,TOP20,500,0.5888193618451674,0.01212773603004269,0.00828832789024736,0.15886749495946392,0.0006638266460628728
I,H5,B2,gbr,ALL,4130,0.5407828177192271,0.0012574636707131104,0.0007042635853810042,0.12475088977767523,0.0001718274718265388
I,H5,B2,gbr,TOP50,1744,0.5581109578059612,0.005664083815995813,0.004086895243229027,0.16468360405454902,0.0002804928189137153
I,H5,B2,gbr,TOP30,869,0.5816937504309652,0.0123790869031567,0.00956294922396661,0.20898190766798494,0.00017756569671027142
I,H5,B2,gbr,TOP20,500,0.580614021478685,0.010172161980972372,0.008090307329735924,0.19539076306943973,0.0002796834289157868
I,H5,B2,logistic,ALL,4130,0.5402583585677271,0.001751324431667145,0.0010218152285694782,0.12935570989228717,0.00016129192532088815
I,H5,B2,logistic,TOP50,1744,0.5596701138967084,0.0041151427461714185,0.0027139856202322843,0.14878581418215203,0.0002585167783987364
I,H5,B2,logistic,TOP30,869,0.5666444480198589,0.0056724470933809945,0.003944674839401308,0.15064328778792885,0.0003478253240155872
I,H5,B2,logistic,TOP20,500,0.5926979365982314,0.011886290200141758,0.00856560581677257,0.1648691762594538,0.0007091274140376669
I,H5,B3,gbr,ALL,4130,0.5408912059438704,0.0018256306201586137,0.0011256795238250294,0.12943422290345588,0.00015335467127805004
I,H5,B3,gbr,TOP50,1744,0.5549527767929228,0.005472669512101791,0.0038176076439317974,0.16071949568381264,0.0002996139815469015
I,H5,B3,gbr,TOP30,869,0.5760107568896958,0.010776776188391346,0.008104508601270655,0.1992435985371191,0.00023436200653954804
I,H5,B3,gbr,TOP20,500,0.5797865921980314,0.011898142045085436,0.009165804868679572,0.20603371425321843,0.0004219204133407839
I,H5,B3,logistic,ALL,4130,0.5343417101114476,-0.001567040106345008,-0.0017924621044558275,0.09891368961716142,0.00010821626567067186
I,H5,B3,logistic,TOP50,1744,0.5526959161501517,0.000713902472233241,-0.0006003200835664746,0.11866387588610179,0.00021152794764378146
I,H5,B3,logistic,TOP30,869,0.562662330199738,0.004432080617095324,0.0028731649488994426,0.13866031167660914,0.0001989671892432999
I,H5,B3,logistic,TOP20,500,0.5848545965420351,0.011993184192458095,0.008599975426972106,0.15608486282368078,0.0005353327727021728
I,H15,B0,gbr,ALL,2945,0.5053873859051423,-0.014330462327041715,-0.011414933314058073,0.01707660458276497,0.0001922357563134193
I,H15,B0,gbr,TOP50,1259,0.5146731589832194,-0.010999459173403947,-0.008356065076914554,0.06336802417638858,0.000574869331961349
I,H15,B0,gbr,TOP30,597,0.5508754638218923,0.00418011003549712,0.002681493648955424,0.1390530892681558,0.0009379846944566727
I,H15,B0,gbr,TOP20,349,0.6122647299509003,0.03004334518709073,0.02186223029759249,0.23907917224174696,0.0018688425552314948
I,H15,B0,logistic,ALL,2945,0.5073203676754955,-0.0048790057745427,-0.0037279069671911635,0.06894775798396818,0.00033610693217606363
I,H15,B0,logistic,TOP50,1259,0.5276525563496427,-0.002336529274874488,-0.0018541090884507394,0.1116740165291343,0.0009983737417674123
I,H15,B0,logistic,TOP30,597,0.5422425788497217,0.005228387102936272,0.003540511243703248,0.14458193225394633,0.0010760178467886794
I,H15,B0,logistic,TOP20,349,0.583094653573377,0.01978454742343505,0.014324832247708863,0.19039353002856282,0.0015737679798975255
I,H15,B1,gbr,ALL,2945,0.5156740071277078,-0.010931401345992242,-0.008824376886678253,0.04618760824577705,0.00025426163386880714
I,H15,B1,gbr,TOP50,1259,0.532517866959868,-0.0036854981593652525,-0.0026776076251642245,0.10310843490444085,0.0005170140114253588
I,H15,B1,gbr,TOP30,597,0.5664250927643785,0.009313896326332949,0.006743057213824288,0.16502435609525726,0.0006448416981175376
I,H15,B1,gbr,TOP20,349,0.6290405073649753,0.03138866855178246,0.023347850349341726,0.2562463044808728,0.001561981370106594
I,H15,B1,logistic,ALL,2945,0.5039066230569715,-0.00702048364905794,-0.005407455359621283,0.05238722320876981,0.00027025787209508884
I,H15,B1,logistic,TOP50,1259,0.5298332417078981,-0.0028974004509119133,-0.0024361966568642313,0.10646685678437202,0.0006949867599582662
I,H15,B1,logistic,TOP30,597,0.5453269944341372,0.005452038425255767,0.003653370559480118,0.14327342583370048,0.0010231339777646417
I,H15,B1,logistic,TOP20,349,0.5865725586470267,0.021699577130504633,0.01569175888000407,0.19276780024737894,0.0016025286775367851
I,H15,B2,gbr,ALL,2945,0.5075347757060336,-0.013208666848313788,-0.010383927830388329,0.018493142352791914,0.00017815924163667318
I,H15,B2,gbr,TOP50,1259,0.5258305191235373,-0.008365799658583084,-0.0065787227027340744,0.07373664578012565,0.0005612706071279599
I,H15,B2,gbr,TOP30,597,0.5604359925788498,0.004146640409834479,0.0025072040348099733,0.13937067268220113,0.0011975835046310983
I,H15,B2,gbr,TOP20,349,0.6221017457719585,0.03141513802170681,0.022767246215491976,0.25451673128405466,0.0018348282868577166
I,H15,B2,logistic,ALL,2945,0.5024717203608675,-0.006161784371636836,-0.004782425339906249,0.05650936812321295,0.00024459102368252724
I,H15,B2,logistic,TOP50,1259,0.5296918767507003,-0.002735048365712922,-0.0023079992253876025,0.10762769551358689,0.0006330259119339283
I,H15,B2,logistic,TOP30,597,0.5448051948051948,0.00459427542626778,0.0028731111705017076,0.14192866477221086,0.0009633413100208859
I,H15,B2,logistic,TOP20,349,0.5921644844517184,0.019118763381479886,0.013597508058746044,0.19527365200144578,0.0016943919531911434
I,H15,B3,gbr,ALL,2945,0.5142053002988947,-0.009594575857579501,-0.007567842833393179,0.04936297368848592,0.00030604327148508516
I,H15,B3,gbr,TOP50,1259,0.540590067802822,0.0004892661523125952,0.0002755686990570938,0.12584778232751903,0.0007683164676948361
I,H15,B3,gbr,TOP30,597,0.570628478664193,0.012823178405312441,0.009215636079760392,0.18449138653496158,0.0009590405381004826
I,H15,B3,gbr,TOP20,349,0.648424713584288,0.042701955163653604,0.03157413814457588,0.3143187304135185,0.001787346180994019
I,H15,B3,logistic,ALL,2945,0.49919437423586116,-0.009544556404986304,-0.007816302446752577,0.03404173913414635,0.0002062108553814479
I,H15,B3,logistic,TOP50,1259,0.534943323123642,-0.004188706129083508,-0.004518198770927073,0.08991932428812408,0.0006618943502026417
I,H15,B3,logistic,TOP30,597,0.5468344155844156,-0.00020128607549807498,-0.002865272026875365,0.10405443233941973,0.0009365124099227555
I,H15,B3,logistic,TOP20,349,0.5906301145662848,0.011431357188967262,0.004246484579571219,0.13815333762697596,0.0012413022720016544
SC,H5,B0,gbr,ALL,12306,0.528765589424426,0.0006340219192785268,0.00041129800163053343,0.1473180833154425,-5.180767851032589e-05
SC,H5,B0,gbr,TOP50,8844,0.5296213481884194,0.0006970850846856891,0.00044948821386192606,0.1473114518033275,-0.00012226587711278267
SC,H5,B0,gbr,TOP30,7161,0.5325081941950454,0.0007617827185757431,0.0004896076909730596,0.15786915084268915,-0.00010119025923612081
SC,H5,B0,gbr,TOP20,5585,0.5324239523792289,0.0005669027592483111,0.0003221937333495184,0.14809164424844606,-8.261018641406995e-05
SC,H5,B0,logistic,ALL,12306,0.5276941773491823,-0.001998038410897518,-0.002918923430767162,0.07965234764917309,-7.037697402000757e-05
SC,H5,B0,logistic,TOP50,8844,0.5293266968555769,-0.0032052828729030036,-0.0043649988552285635,0.06833762521802275,-0.00015745030826939892
SC,H5,B0,logistic,TOP30,7161,0.530995783032173,-0.0049598689974903465,-0.0061087544258426885,0.06176183211791965,-0.00015972328359749668
SC,H5,B0,logistic,TOP20,5585,0.5362766741950031,-0.004610646167412913,-0.006551258832184548,0.06202696783504246,-8.77508612170165e-05
SC,H5,B1,gbr,ALL,12306,0.5316371136252979,0.0018896893034986428,0.0013455690222635708,0.16237342552719117,-2.593968648508356e-05
SC,H5,B1,gbr,TOP50,8844,0.533399709724119,0.002378307665118151,0.00170154092845054,0.1662562420651879,-6.864644613865615e-05
SC,H5,B1,gbr,TOP30,7161,0.5353557286920093,0.002375654583233744,0.0016947667406188582,0.17100648528265536,-4.8928231050075167e-05
SC,H5,B1,gbr,TOP20,5585,0.5355771010231916,0.0024565255050336132,0.0017363589952213987,0.16457490205781417,-2.2632321496193826e-05
SC,H5,B1,logistic,ALL,12306,0.5252574524769127,-0.002766897784076683,-0.003943806739479028,0.06965366794502202,-3.2409672327038986e-05
SC,H5,B1,logistic,TOP50,8844,0.5269651312348652,-0.004254207045418568,-0.005771328066326076,0.06003126215297731,-6.173628656290641e-05
SC,H5,B1,logistic,TOP30,7161,0.5281246726108182,-0.006035748250255324,-0.007669021817258814,0.055627250961638966,-8.281832588265042e-05
SC,H5,B1,logistic,TOP20,5585,0.5316113129875739,-0.005929871140297083,-0.008373499902377013,0.05411489391851459,-7.643349760694961e-05
SC,H5,B2,gbr,ALL,12306,0.52727186555688,-0.0007124728252789758,-0.0005865647758487302,0.12477393020463887,-4.0885808838550864e-05
SC,H5,B2,gbr,TOP50,8844,0.5288758306185721,-0.0005868750755924079,-0.0005044425840721178,0.1274458739118486,-9.284367859685895e-05
SC,H5,B2,gbr,TOP30,7161,0.5303134864123829,-0.0006847694879277277,-0.0005707734511091189,0.13715682754201636,-0.0001191974217195099
SC,H5,B2,gbr,TOP20,5585,0.5300500109472741,-0.00039899942013699174,-0.0003765936498778544,0.135719916008212,-0.00013785445172329307
SC,H5,B2,logistic,ALL,12306,0.5252613986972917,-0.0032996057651426547,-0.003715059254084885,0.07060812168391141,-4.6696099081702554e-05
SC,H5,B2,logistic,TOP50,8844,0.5288664546502344,-0.004364603193288019,-0.004996688884160605,0.0637644503415734,-4.263069730552483e-05
SC,H5,B2,logistic,TOP30,7161,0.5312742443643002,-0.005643511340843732,-0.00631668135540675,0.06161975282634408,-3.0097090684020453e-05
SC,H5,B2,logistic,TOP20,5585,0.5347730603111387,-0.005415137466423525,-0.006753911566223625,0.06148070462950097,-3.684962196691376e-05
SC,H5,B3,gbr,ALL,12306,0.5305938812714183,0.0010076309253781446,0.0006814578123401915,0.15168096448329255,1.2202912239166567e-05
SC,H5,B3,gbr,TOP50,8844,0.5335367115784089,0.001700523127803888,0.0011850631997736283,0.1603819420735837,2.863095183505133e-05
SC,H5,B3,gbr,TOP30,7161,0.5356867284251798,0.002003544140407487,0.001415814537073623,0.17316964690144593,3.798121144863474e-05
SC,H5,B3,gbr,TOP20,5585,0.5353643157876635,0.0025142703904706964,0.0017854214302583937,0.17256569114187667,4.840162074569389e-05
SC,H5,B3,logistic,ALL,12306,0.5243398105729467,-0.004194750928854019,-0.004631513334254933,0.061806087000765286,1.3364264905161313e-05
SC,H5,B3,logistic,TOP50,8844,0.527729708150186,-0.005547246009740325,-0.006223066969985869,0.05716920612312064,-3.5727122343641245e-05
SC,H5,B3,logistic,TOP30,7161,0.5314270194769923,-0.0066619296703371855,-0.007484480414586825,0.057357399949952,-3.175870175498441e-05
SC,H5,B3,logistic,TOP20,5585,0.5321179933915938,-0.007419347967891898,-0.008758901869447167,0.0534505806081856,-2.8008142052537478e-05
SC,H15,B0,gbr,ALL,11116,0.528666308995122,0.0002367194470257461,0.00010900702460348022,0.13274876892085086,1.0543526185622997e-05
SC,H15,B0,gbr,TOP50,7753,0.5288696385812527,-0.0004804213463815987,-0.0004368266541778798,0.12495276559979057,6.868388945592538e-05
SC,H15,B0,gbr,TOP30,6299,0.5272540975342201,-0.002066323657298419,-0.0016099750941489521,0.11404867010783182,8.32184352786258e-06
SC,H15,B0,gbr,TOP20,4953,0.5347524369778051,-0.0002044751016032631,-0.0002772391232939153,0.13284663907612737,4.0267131594815807e-05
SC,H15,B0,logistic,ALL,11116,0.5224464150810333,-0.005389426254568841,-0.005353794705992954,0.05432542819132495,-8.586788143964211e-05
SC,H15,B0,logistic,TOP50,7753,0.52088574750984,-0.008971744848458085,-0.008638209925744045,0.04405225937495126,-0.0002329141786754403
SC,H15,B0,logistic,TOP30,6299,0.5183792154996492,-0.012526585725582517,-0.011692538763045768,0.03973735624861864,-0.0002569511502280487
SC,H15,B0,logistic,TOP20,4953,0.5254024662525258,-0.014592539283173611,-0.013886997705120807,0.039811207579296695,-0.00022031342791027858
SC,H15,B1,gbr,ALL,11116,0.5272514567279439,0.0008197540504498724,0.0005707387085257531,0.14384186295225246,8.593090646328162e-06
SC,H15,B1,gbr,TOP50,7753,0.5273842070105264,0.000689976710931739,0.00048176036876546036,0.14397383826328916,7.933439108470818e-05
SC,H15,B1,gbr,TOP30,6299,0.5270270897021222,-0.0004836785295005974,-0.0003839140152670506,0.1369280574932049,8.991413089443596e-05
SC,H15,B1,gbr,TOP20,4953,0.5335290961368785,0.0013784598920079105,0.0009666631992478747,0.15743483533148744,0.0001930352830851529
SC,H15,B1,logistic,ALL,11116,0.5172784401091044,-0.006587633211362354,-0.006329729638229198,0.05093788635462611,-0.0001320406208442772
SC,H15,B1,logistic,TOP50,7753,0.5185514741318695,-0.009943406586802928,-0.009486274871951972,0.043795757445480865,-0.00016776453718070594
SC,H15,B1,logistic,TOP30,6299,0.5176512578946095,-0.013357034891817499,-0.012470852610991345,0.0404885925787032,-0.0001653208065571953
SC,H15,B1,logistic,TOP20,4953,0.5210104426761825,-0.01507062904467249,-0.014309234765532697,0.04072941088132102,-0.00012082505308515892
SC,H15,B2,gbr,ALL,11116,0.5248791061436451,-0.000378179294186598,-0.00032637452187422866,0.12488117690063193,-4.945637049586519e-05
SC,H15,B2,gbr,TOP50,7753,0.5250913924891991,-0.0008415729553725715,-0.0006755233405009164,0.12210895782432603,3.2050010709541564e-05
SC,H15,B2,gbr,TOP30,6299,0.5223477943489517,-0.002366091218713562,-0.001777012399246658,0.11154694276721493,-4.701161906776771e-06
SC,H15,B2,gbr,TOP20,4953,0.5308210621423224,-0.00021947054164384028,-0.00022404852380164542,0.13958969961292933,4.063322707682066e-05
SC,H15,B2,logistic,ALL,11116,0.5177425129479463,-0.005469426446446324,-0.005353786825496254,0.056656886311028345,-0.00013617908950803813
SC,H15,B2,logistic,TOP50,7753,0.5168837367220191,-0.008851250718717285,-0.008476615051511427,0.04752397996167423,-0.00017436699774262752
SC,H15,B2,logistic,TOP30,6299,0.5157906305201772,-0.011591273849826944,-0.010902878230810709,0.045787325307885415,-0.0001192342236436133
SC,H15,B2,logistic,TOP20,4953,0.5178278972595927,-0.01369618179029719,-0.013101745897516448,0.04414225832840621,-0.00010442074746767785
SC,H15,B3,gbr,ALL,11116,0.5227647608886716,-0.00032605040391286977,-0.00028272496532877334,0.1270569204185879,-3.1100220228512215e-05
SC,H15,B3,gbr,TOP50,7753,0.5231760997876747,-0.0004738035332774171,-0.0003928898459797381,0.12956254239556744,-8.335140881859197e-05
SC,H15,B3,gbr,TOP30,6299,0.5209484924623116,-0.001744738584829042,-0.0013015092006862794,0.12269219679759122,-7.385281211399492e-05
SC,H15,B3,gbr,TOP20,4953,0.5271645761199824,-0.00035132411712379685,-0.00030087126468969494,0.14114674958104176,8.662622953370135e-05
SC,H15,B3,logistic,ALL,11116,0.5138303387650773,-0.006754139800034142,-0.006065466622243054,0.05991331762395888,-2.2904324978531146e-05
SC,H15,B3,logistic,TOP50,7753,0.5153294621541863,-0.009991324091195297,-0.009015082209425485,0.05301841546764007,2.782724407009389e-05
SC,H15,B3,logistic,TOP30,6299,0.5153701896319478,-0.012538597745390012,-0.011216946272656791,0.052976489648404915,8.175626391189049e-06
SC,H15,B3,logistic,TOP20,4953,0.5160776114437249,-0.014661741955435348,-0.01333150558708085,0.05014309088577128,2.2624213773115047e-05
M,H5,B0,gbr,ALL,4130,0.5154903130860287,-0.007595560902377008,-0.005658662807544346,0.03729274541399283,-1.4264837496908698e-05
M,H5,B0,gbr,TOP50,1900,0.5101784997994384,-0.00792359034378931,-0.0061079937632277925,0.03317919289429534,-4.840115834601667e-05
M,H5,B0,gbr,TOP30,1163,0.5247949098698864,-0.002118053150582444,-0.0020025745188640975,0.09604835195113205,-5.8080681164992724e-05
M,H5,B0,gbr,TOP20,650,0.5209665441850149,-0.007688807464429903,-0.006268631976544814,0.061945233490051106,4.9611987530378675e-05
M,H5,B0,logistic,ALL,4130,0.512751574686966,-0.007529700462346467,-0.007463614040458921,0.018420697239189574,-4.7781728581983585e-05
M,H5,B0,logistic,TOP50,1900,0.5012933942311198,-0.015038650483340632,-0.015095686485110171,-0.00813986711174328,-0.00011803592776562979
M,H5,B0,logistic,TOP30,1163,0.49886500565975733,-0.023744277439375017,-0.024067776561142784,-0.019494462273050586,-0.0002226694685085263
M,H5,B0,logistic,TOP20,650,0.49048597247538306,-0.042350236375617634,-0.04297453641637827,-0.030568629408013585,-0.00028366522763298473
M,H5,B1,gbr,ALL,4130,0.5311232247384826,-0.0031594303636210963,-0.00226615447054912,0.09513417217468748,4.477971731003613e-06
M,H5,B1,gbr,TOP50,1900,0.5206937379207235,-0.004633216097027049,-0.003396446347589732,0.0761837539703638,-2.839711468453834e-06
M,H5,B1,gbr,TOP30,1163,0.5306676687885685,-0.0009412762262548391,-0.0008460897752624597,0.11053569771367891,6.881739683175581e-05
M,H5,B1,gbr,TOP20,650,0.5200358765153488,-0.006375922347451102,-0.0049624461375763484,0.06990210618859359,-6.178820721181375e-05
M,H5,B1,logistic,ALL,4130,0.518160410819219,-0.004649856713901279,-0.0042421637347245245,0.060609565012731535,-3.339023482818323e-05
M,H5,B1,logistic,TOP50,1900,0.5112758906757101,-0.010482133429626561,-0.009431949958163433,0.02431841451922598,-9.781296014596396e-05
M,H5,B1,logistic,TOP30,1163,0.5026746917562288,-0.017354167439965984,-0.015582544564779477,0.0031141199682621873,-0.00016084357477251897
M,H5,B1,logistic,TOP20,650,0.4988475151655431,-0.029910634388942814,-0.027065846515595293,-0.011481810333484005,-0.0002740070079694303
M,H5,B2,gbr,ALL,4130,0.5218121425821313,-0.005397247456480292,-0.004025574298305745,0.06167544434025626,2.0697514337640656e-05
M,H5,B2,gbr,TOP50,1900,0.5195006244758049,-0.004165175301279245,-0.0032133526855882,0.0775321842616554,5.2462377203224114e-05
M,H5,B2,gbr,TOP30,1163,0.5298552197568129,-0.0014430819542290418,-0.001231865912785235,0.1067633417210547,8.902920187242616e-05
M,H5,B2,gbr,TOP20,650,0.5242021815235945,-0.005998249862030347,-0.004564496876616975,0.08465612981950947,0.00012221853143103636
M,H5,B2,logistic,ALL,4130,0.5100963410416318,-0.008129278165494469,-0.007845201712416427,0.01762220033945624,-3.087396364275115e-05
M,H5,B2,logistic,TOP50,1900,0.5035451537030959,-0.014538090893035926,-0.014581727655601728,-0.001208596392581923,-7.044313710316698e-05
M,H5,B2,logistic,TOP30,1163,0.4985668033934201,-0.02357889240733102,-0.023741270702000827,-0.015250408216557518,-0.0001612489669662978
M,H5,B2,logistic,TOP20,650,0.4914696833801078,-0.04188293159458345,-0.04227163582143545,-0.02625609857799668,-0.00035080229201945614
M,H5,B3,gbr,ALL,4130,0.5288335509774165,-0.002135836706890437,-0.0016392293112692524,0.10340211383097497,2.74605465726498e-05
M,H5,B3,gbr,TOP50,1900,0.523479378623783,-0.0021146900718826966,-0.0016684864413609723,0.1005523980323791,9.094334212867458e-05
M,H5,B3,gbr,TOP30,1163,0.5263726432892318,-0.0016578569318745906,-0.0013946825947761532,0.10303613941121623,9.727382928430551e-05
M,H5,B3,gbr,TOP20,650,0.516332494285797,-0.00786877024509991,-0.006153349190002988,0.056673766890862204,-7.678539472223496e-05
M,H5,B3,logistic,ALL,4130,0.5180557579730122,-0.00949974629755812,-0.010207330180260099,0.028652337404386524,3.17521323437842e-05
M,H5,B3,logistic,TOP50,1900,0.5096531652262699,-0.017064133817157545,-0.018039331876975373,0.00925740308539598,8.155138846166593e-05
M,H5,B3,logistic,TOP30,1163,0.5075493859467618,-0.023110250562789147,-0.02574286476095855,0.00801188400349317,0.00010055103680036792
M,H5,B3,logistic,TOP20,650,0.509986594527867,-0.039890411331643616,-0.04503010928371887,-0.002464433427183942,-3.380947391625328e-05
M,H15,B0,gbr,ALL,2945,0.49499314763278046,-0.018152271111622875,-0.01377215453047742,-0.007498245938137702,-0.00011061156459989489
M,H15,B0,gbr,TOP50,1360,0.48644258838970167,-0.02636851116375638,-0.020142431863906296,-0.041384080562428316,-0.00013549036608863607
M,H15,B0,gbr,TOP30,777,0.45813465827890637,-0.043674431057163066,-0.03358158636186159,-0.13150536230713877,-0.0005523901290691238
M,H15,B0,gbr,TOP20,457,0.4589321988425128,-0.06065903285300589,-0.04678878587611557,-0.11788349278537953,-0.0005525706704322831
M,H15,B0,logistic,ALL,2945,0.48638728439799594,-0.019875294705438806,-0.020708303203265555,-0.03873562741277102,-0.00013293403959983892
M,H15,B0,logistic,TOP50,1360,0.47388042618040066,-0.03867574699635923,-0.04157761726806952,-0.04753972221557918,-0.0002624722031438552
M,H15,B0,logistic,TOP30,777,0.4645523633983785,-0.061026939985755924,-0.0676099020652614,-0.04800595187570457,-0.00043986939006725786
M,H15,B0,logistic,TOP20,457,0.4557126978651642,-0.09728170739071995,-0.10939379001952232,-0.03744301166863383,-0.00042479007077647266
M,H15,B1,gbr,ALL,2945,0.4927844619887466,-0.017882314006804068,-0.01338435537177296,-0.004643285310511775,3.141847630181868e-05
M,H15,B1,gbr,TOP50,1360,0.4961487227451007,-0.019149067361429406,-0.014530805417897197,-0.00019177125528816913,7.806441647122866e-05
M,H15,B1,gbr,TOP30,777,0.46296296296296297,-0.04041085793381827,-0.03083609376783447,-0.1253770788131029,-0.00033386941224907904
M,H15,B1,gbr,TOP20,457,0.46908895787819554,-0.057184106150136804,-0.043890235275189315,-0.11957449923490707,-0.0005036804214074756
M,H15,B1,logistic,ALL,2945,0.48411717501235474,-0.02412074902581729,-0.025259827340351704,-0.038299446128576525,-0.00021354709805768217
M,H15,B1,logistic,TOP50,1360,0.4800394175447318,-0.042919147409872016,-0.04779630375087862,-0.03926425196363808,-0.00036213897127178074
M,H15,B1,logistic,TOP30,777,0.45633823509770133,-0.07141742335560619,-0.08058463913555425,-0.044217828984251736,-0.000472230605033638
M,H15,B1,logistic,TOP20,457,0.4365681652677168,-0.1155901337912435,-0.131491852979015,-0.03608033372016547,-0.0006454782570932393
M,H15,B2,gbr,ALL,2945,0.4983693514680507,-0.019876988114238436,-0.015362764474202928,-0.017016587814529246,-2.8201738076348577e-05
M,H15,B2,gbr,TOP50,1360,0.4925863185364928,-0.02910237388514636,-0.022622539747458204,-0.0462800180747108,-0.00013403437934797314
M,H15,B2,gbr,TOP30,777,0.4652135005542867,-0.04936119184877441,-0.03851584845977318,-0.13379641349592447,-0.00027433181426320477
M,H15,B2,gbr,TOP20,457,0.4525890153692844,-0.07413446679877111,-0.05818122507880763,-0.12832455461425674,-0.00016571056666634678
M,H15,B2,logistic,ALL,2945,0.4849364696342508,-0.023070639092809486,-0.02327532130483312,-0.04086352389793517,-0.00011670584423450564
M,H15,B2,logistic,TOP50,1360,0.472077422336754,-0.04351050531601208,-0.04555551382410061,-0.049723941528925154,-0.0003083592903836059
M,H15,B2,logistic,TOP30,777,0.4609060918112487,-0.0667002680759965,-0.07249771023902563,-0.048920467424527686,-0.0005584256995572589
M,H15,B2,logistic,TOP20,457,0.4463799777701123,-0.10609947622398108,-0.11684254427991103,-0.04031163724197791,-0.0007636031729213986
M,H15,B3,gbr,ALL,2945,0.4987271506016724,-0.01744926794584667,-0.013330742909910542,-0.00018055408002647964,2.2976451428014156e-05
M,H15,B3,gbr,TOP50,1360,0.49277817384270917,-0.02451495839973572,-0.018856781878134443,-0.024431134293675993,-1.8469828371901837e-05
M,H15,B3,gbr,TOP30,777,0.4584151407086856,-0.046582032180610966,-0.03589680339287593,-0.1347087824755867,-0.00028725467795678644
M,H15,B3,gbr,TOP20,457,0.4429688398298264,-0.07429996031602615,-0.05766913406689933,-0.15101411979886814,-0.0003035533726633252
M,H15,B3,logistic,ALL,2945,0.4850298897735776,-0.030269695091678983,-0.03059433971233494,-0.026659114309583457,-0.00010150520910157641
M,H15,B3,logistic,TOP50,1360,0.4818380610405098,-0.050541395756896756,-0.0546873042566689,-0.02299177729962156,-0.00020974214053216076
M,H15,B3,logistic,TOP30,777,0.4550359952451549,-0.08398167645074883,-0.09210132877939459,-0.0277617853387611,-0.0004104367006649276
M,H15,B3,logistic,TOP20,457,0.42284695872139816,-0.1391543563740194,-0.15194006470853805,-0.022632232238084964,-0.00103462533628874
CF,H5,B0,gbr,ALL,4130,0.5488417794184819,0.0011005736219403817,0.0006936236277852448,0.14317125893644764,0.0001206987374055725
CF,H5,B0,gbr,TOP50,2846,0.5417174846326471,-0.003398974732164328,-0.00287939471131593,0.12172117113671803,0.00015332116619697395
CF,H5,B0,gbr,TOP30,2072,0.5451181889098541,-0.006321617645701716,-0.0050895385167788465,0.11942053966347083,0.00019190078171174422
CF,H5,B0,gbr,TOP20,1514,0.5348559040107652,-0.011672983582659002,-0.009311699646287419,0.08324720114700808,0.0001879359975739253
CF,H5,B0,logistic,ALL,4130,0.5518872270358348,0.0014771284811334606,0.0007836609945083284,0.1681854469631143,0.000125443588183553
CF,H5,B0,logistic,TOP50,2846,0.543848536036036,-0.0034656887429924677,-0.003071267245002174,0.13252318799231202,0.000140022988906748
CF,H5,B0,logistic,TOP30,2072,0.5476679871262335,-0.007128598163518074,-0.0059053579190240235,0.1246226435247436,0.00014455575113111823
CF,H5,B0,logistic,TOP20,1514,0.5387869273227925,-0.012026341303889465,-0.009737883714520335,0.08907533663788006,0.00018696441090390326
CF,H5,B1,gbr,ALL,4130,0.5546824121753728,0.00430545710242336,0.0031647920951893838,0.16844825284392664,0.00013813501498591936
CF,H5,B1,gbr,TOP50,2846,0.5403352359579796,-0.0026153915750692924,-0.0022563462957922997,0.1291975660103157,0.0001640628399588669
CF,H5,B1,gbr,TOP30,2072,0.5406972369407375,-0.0073670898642237415,-0.005944296225223411,0.11529702270612759,0.00013843029890105673
CF,H5,B1,gbr,TOP20,1514,0.5314677659648317,-0.011604201689615623,-0.009203289924804903,0.087474234037884,0.0001121403051823215
CF,H5,B1,logistic,ALL,4130,0.549827757670077,0.00029725016732806697,-0.00046553235652502245,0.14417908889722827,0.00016340647590884654
CF,H5,B1,logistic,TOP50,2846,0.5445978469444173,-0.004352370570537278,-0.004244544582314269,0.11666446077319936,0.0001891475697028966
CF,H5,B1,logistic,TOP30,2072,0.5491390978267184,-0.007930266620192805,-0.007153495655006337,0.1114877488917872,0.00019822957208771118
CF,H5,B1,logistic,TOP20,1514,0.5415983610204819,-0.013180296018256543,-0.011432283591234826,0.08212006266584737,0.00021933233774010138
CF,H5,B2,gbr,ALL,4130,0.5528239793022356,0.0027333111726540738,0.0019100954658792801,0.15206251170517934,0.00016220169045111122
CF,H5,B2,gbr,TOP50,2846,0.5454762354863889,-0.0018183101387523326,-0.0016225090442769652,0.1289552620740684,0.00018345320214806525
CF,H5,B2,gbr,TOP30,2072,0.542258833569708,-0.0072645954573895555,-0.005822324754507724,0.10717785678415197,0.00016381675242055696
CF,H5,B2,gbr,TOP20,1514,0.5305404111332419,-0.013174121169443831,-0.01051468338368955,0.06890857739810943,0.00021184076914780505
CF,H5,B2,logistic,ALL,4130,0.5496408204719812,-0.0009876558577355254,-0.001531506521422532,0.12576208608160686,0.0001277047152025482
CF,H5,B2,logistic,TOP50,2846,0.5414420512570333,-0.0074186861982765695,-0.006750378814380342,0.08795697515429396,0.00012423364700234497
CF,H5,B2,logistic,TOP30,2072,0.5424307568338307,-0.012832364953595299,-0.011097330627661606,0.07179518755114954,0.00012688210692915594
CF,H5,B2,logistic,TOP20,1514,0.5300963131860601,-0.01922471857546104,-0.016308762005213806,0.03997961042790337,0.00015171713652694068
CF,H5,B3,gbr,ALL,4130,0.5538332943171821,0.004692786179385733,0.0034217430703703533,0.17098036918885381,0.00014056890922052497
CF,H5,B3,gbr,TOP50,2846,0.5410654901291183,-0.001689442263041352,-0.0015901487323124464,0.13329407668623172,0.00015839597203422647
CF,H5,B3,gbr,TOP30,2072,0.537954084582436,-0.007072607649101226,-0.0057950959736883245,0.11233962764462375,0.00012050390126225831
CF,H5,B3,gbr,TOP20,1514,0.5257229718785432,-0.012629195697511308,-0.010128169736105752,0.07426978499289585,0.00013788194542923264
CF,H5,B3,logistic,ALL,4130,0.5448725849184708,-0.003328029970139257,-0.0038530009617698813,0.10336837686767876,0.0001285894296273656
CF,H5,B3,logistic,TOP50,2846,0.5383640070575991,-0.009489272493288237,-0.009063630090085706,0.07613977525329632,0.00014533048330931774
CF,H5,B3,logistic,TOP30,2072,0.5409972692299265,-0.015006303813819732,-0.013728036724666604,0.06466780097023526,0.0001641298320204096
CF,H5,B3,logistic,TOP20,1514,0.5292187970018494,-0.02182635291464763,-0.01938973113951792,0.040014210445389685,0.00021048964657414642
CF,H15,B0,gbr,ALL,2945,0.5288494744744745,-0.004630844020776292,-0.0037103041602550846,0.10102152380160415,9.587305128480959e-05
CF,H15,B0,gbr,TOP50,2030,0.5274116099229038,-0.006679629305959223,-0.005181234628889975,0.10202950479760221,0.00020877247714714192
CF,H15,B0,gbr,TOP30,1486,0.5388799304028771,-0.006192559544226928,-0.004899894509821312,0.12129394022839832,0.000376203840664478
CF,H15,B0,gbr,TOP20,1107,0.5376541590133822,-0.007460356027155113,-0.005990336345534697,0.10896149888611259,0.00029285258704551893
CF,H15,B0,logistic,ALL,2945,0.5476937875375376,0.0048549652415149636,0.003300900019966857,0.17409965631000507,0.0003378642390661273
CF,H15,B0,logistic,TOP50,2030,0.5472537901068995,0.002053584277868059,0.0012885619980591567,0.17056297020401665,0.00042623866943016154
CF,H15,B0,logistic,TOP30,1486,0.5564985221531429,6.421624850017071e-05,-0.00032362403711716503,0.18431112242036515,0.0005643235541161602
CF,H15,B0,logistic,TOP20,1107,0.5495211230648124,-0.0002127054310743226,-0.0005745098447629271,0.17046433055175989,0.0006153474532971029
CF,H15,B1,gbr,ALL,2945,0.5380114489489489,-0.0004191923046550361,-0.0006490960588061423,0.12659948988946632,0.00023139732452164582
CF,H15,B1,gbr,TOP50,2030,0.542399982745504,-0.0009211408548128741,-0.0011246992812672385,0.13447551171419683,0.0003253498638819744
CF,H15,B1,gbr,TOP30,1486,0.552727464655436,-0.001164909966490102,-0.0013834279581392828,0.1517092329708669,0.00045968865999515383
CF,H15,B1,gbr,TOP20,1107,0.5491865652059826,-0.003914044667124195,-0.003629685513228953,0.1315598678346996,0.0003336163798179454
CF,H15,B1,logistic,ALL,2945,0.5467952327327328,0.0037425030264796044,0.002304687635057978,0.15876092192004582,0.0004092196770376351
CF,H15,B1,logistic,TOP50,2030,0.550925272346533,0.0008371619720509704,0.00014561971488147307,0.15726819792592023,0.0005244054976091671
CF,H15,B1,logistic,TOP30,1486,0.5578344083516548,-0.002858115901399616,-0.0028241598270739576,0.15958221059370123,0.0005816227994756744
CF,H15,B1,logistic,TOP20,1107,0.553758855943322,-0.0035116951125553353,-0.003444177730727249,0.1478855479645779,0.0006046659228549739
CF,H15,B2,gbr,ALL,2945,0.5346067942942943,-0.0001981509368469414,-0.0003586221949398727,0.12371772817704425,0.00023059987009467682
CF,H15,B2,gbr,TOP50,2030,0.5341036093268394,-0.0026273345612704,-0.0022444107920149836,0.11834692618812309,0.00027976463989713045
CF,H15,B2,gbr,TOP30,1486,0.5466932266565716,-0.0011944487594524045,-0.0012761935924339163,0.13887004438301842,0.0003409209049109243
CF,H15,B2,gbr,TOP20,1107,0.5413359354500131,-0.0027937492616942894,-0.0025992107845049794,0.123292583116449,0.0003676419070739616
CF,H15,B2,logistic,ALL,2945,0.5358844782282283,-0.0016596777883577385,-0.002240212176893408,0.11175157056917795,0.000372856357002569
CF,H15,B2,logistic,TOP50,2030,0.5321894386798741,-0.007513731026975057,-0.0067985794386624665,0.09286558630533548,0.00048539358073067956
CF,H15,B2,logistic,TOP30,1486,0.5370135117426945,-0.011906943718744678,-0.010337275614711094,0.09827049085604575,0.000681107606052318
CF,H15,B2,logistic,TOP20,1107,0.5371654421411702,-0.011860458046544009,-0.01061441004698982,0.09412150263063289,0.0007972664127832342
CF,H15,B3,gbr,ALL,2945,0.5370425112612612,0.0009768142353046017,0.00044593822466820754,0.13278453572622095,0.0002681145438724472
CF,H15,B3,gbr,TOP50,2030,0.5414960824451189,-0.000371550336209614,-0.0006783672071490887,0.13367541226475452,0.0003381392524977701
CF,H15,B3,gbr,TOP30,1486,0.5525764039545144,-0.0005454174210299811,-0.0008919455517213404,0.14873783464423393,0.0004281358995919478
CF,H15,B3,gbr,TOP20,1107,0.548753607976909,-0.002263466773584355,-0.002362234120782958,0.13200911071998875,0.00039009809794813345
CF,H15,B3,logistic,ALL,2945,0.5322677364864865,-0.0031677892595929347,-0.0036318933546521937,0.10221854080225018,0.00036278398574032903
CF,H15,B3,logistic,TOP50,2030,0.5297855736727763,-0.00960825586246572,-0.008741451917710696,0.08594123334385251,0.00047564114527637286
CF,H15,B3,logistic,TOP30,1486,0.5353991642521221,-0.01574105548695348,-0.013734093740072284,0.08264571029298928,0.000602245688994693
CF,H15,B3,logistic,TOP20,1107,0.5384807137234322,-0.014729555728516308,-0.01337890366667649,0.08509983867766814,0.0006947364896940822
