n_events,mean_signed_return,median_signed_return,win_rate,mean_mfe,mean_mae,instrument,horizon,strategy,opportunity,fold
375,0.0001428054314580202,-8.238588890630005e-05,0.456,0.0016179697884747602,-0.001395745634980666,AG,H5,FOLLOW,ALL,0
292,6.333633271807857e-05,-0.00014686997042095973,0.4315068493150685,0.0016586192326427092,-0.0015154848631131347,AG,H5,FOLLOW,TOP30,0
375,-0.0001428054314580202,8.238588890630005e-05,0.52,0.001395745634980666,-0.0016179697884747602,AG,H5,FADE,ALL,0
292,-6.333633271807857e-05,0.00014686997042095973,0.547945205479452,0.0015154848631131347,-0.0016586192326427092,AG,H5,FADE,TOP30,0
375,0.0005462016334801849,-0.00014376767144286262,0.48533333333333334,0.003424715164453532,-0.002675862968334556,AG,H5,FOLLOW,ALL,1
361,0.0005566490373438719,-0.00011841326228534399,0.48753462603878117,0.0034646647609704903,-0.0027007441879843474,AG,H5,FOLLOW,TOP30,1
375,-0.0005462016334801849,0.00014376767144286262,0.512,0.002675862968334556,-0.003424715164453532,AG,H5,FADE,ALL,1
361,-0.0005566490373438719,0.00011841326228534399,0.5096952908587258,0.0027007441879843474,-0.0034646647609704903,AG,H5,FADE,TOP30,1
375,-0.0003573146222925961,-0.0006782490739291047,0.416,0.003181483582516368,-0.003139469747249309,AG,H5,FOLLOW,ALL,2
356,-0.0003638908589607118,-0.0006822295927423894,0.41292134831460675,0.0032827993968277663,-0.003237663765694692,AG,H5,FOLLOW,TOP30,2
375,0.0003573146222925961,0.0006782490739291047,0.5786666666666667,0.003139469747249309,-0.003181483582516368,AG,H5,FADE,ALL,2
356,0.0003638908589607118,0.0006822295927423894,0.5814606741573034,0.003237663765694692,-0.0032827993968277663,AG,H5,FADE,TOP30,2
375,4.007207438364417e-05,-0.00025630510559770947,0.416,0.0018985134045565505,-0.0015097900978339467,AG,H5,FOLLOW,ALL,3
257,1.8462805740811621e-06,-0.00020448852308163623,0.4357976653696498,0.0021017304729699458,-0.0017488543765067017,AG,H5,FOLLOW,TOP30,3
375,-4.007207438364417e-05,0.00025630510559770947,0.5733333333333334,0.0015097900978339467,-0.0018985134045565505,AG,H5,FADE,ALL,3
257,-1.8462805740811621e-06,0.00020448852308163623,0.5525291828793775,0.0017488543765067017,-0.0021017304729699458,AG,H5,FADE,TOP30,3
375,-0.00011177748431286597,-0.00043302540415701696,0.37333333333333335,0.0018292394222663693,-0.0016297130151934074,AG,H5,FOLLOW,ALL,4
236,1.9474448776183844e-05,-0.00043850883678431263,0.4025423728813559,0.0022239235067073914,-0.0018592789524236697,AG,H5,FOLLOW,TOP30,4
375,0.00011177748431286597,0.00043302540415701696,0.6053333333333333,0.0016297130151934074,-0.0018292394222663693,AG,H5,FADE,ALL,4
236,-1.9474448776183844e-05,0.00043850883678431263,0.576271186440678,0.0018592789524236697,-0.0022239235067073914,AG,H5,FADE,TOP30,4
375,1.4932163218605392e-05,-0.00021208906276992678,0.4186666666666667,0.0016854524522661085,-0.0014564239218540283,AG,H5,FOLLOW,ALL,5
200,2.0117067166950388e-05,-0.00013732624974760466,0.45,0.001939858820885873,-0.0017422926008157597,AG,H5,FOLLOW,TOP30,5
375,-1.4932163218605392e-05,0.00021208906276992678,0.56,0.0014564239218540283,-0.0016854524522661085,AG,H5,FADE,ALL,5
200,-2.0117067166950388e-05,0.00013732624974760466,0.54,0.0017422926008157597,-0.001939858820885873,AG,H5,FADE,TOP30,5
371,7.255015772028958e-05,-0.00012337301088871655,0.4555256064690027,0.001472609654821376,-0.00118388846964258,AG,H5,FOLLOW,ALL,6
159,4.821668012986013e-05,-6.131207480830625e-05,0.4779874213836478,0.0016937780734599785,-0.001501814618280247,AG,H5,FOLLOW,TOP30,6
371,-7.255015772028958e-05,0.00012337301088871655,0.5336927223719676,0.00118388846964258,-0.001472609654821376,AG,H5,FADE,ALL,6
159,-4.821668012986013e-05,6.131207480830625e-05,0.5094339622641509,0.001501814618280247,-0.0016937780734599785,AG,H5,FADE,TOP30,6
375,0.0001965344573719543,-8.29118579745991e-05,0.48,0.002762132634205775,-0.0023768562050025103,AG,H15,FOLLOW,ALL,0
291,8.766527421327526e-05,-0.00032711806873075844,0.44329896907216493,0.0027821439003025616,-0.002602220085028714,AG,H15,FOLLOW,TOP30,0
375,-0.0001965344573719543,8.29118579745991e-05,0.512,0.0023768562050025103,-0.002762132634205775,AG,H15,FADE,ALL,0
291,-8.766527421327526e-05,0.00032711806873075844,0.5463917525773195,0.002602220085028714,-0.0027821439003025616,AG,H15,FADE,TOP30,0
375,0.0014534524084484348,0.00018243181610877457,0.5146666666666667,0.006228972542714815,-0.004309687339568722,AG,H15,FOLLOW,ALL,1
362,0.0015800476206201189,0.00020089509642839953,0.5165745856353591,0.0063439967205171435,-0.004292859577749547,AG,H15,FOLLOW,TOP30,1
375,-0.0014534524084484348,-0.00018243181610877457,0.48,0.004309687339568722,-0.006228972542714815,AG,H15,FADE,ALL,1
362,-0.0015800476206201189,-0.00020089509642839953,0.47790055248618785,0.004292859577749547,-0.0063439967205171435,AG,H15,FADE,TOP30,1
375,9.566736546516215e-05,-0.0004409819197412901,0.4613333333333333,0.005770679555761434,-0.005157459084024378,AG,H15,FOLLOW,ALL,2
356,0.00012022647776715991,-0.00043953941338858993,0.46348314606741575,0.005986599055046052,-0.005323323377284384,AG,H15,FOLLOW,TOP30,2
375,-9.566736546516215e-05,0.0004409819197412901,0.536,0.005157459084024378,-0.005770679555761434,AG,H15,FADE,ALL,2
356,-0.00012022647776715991,0.00043953941338858993,0.5337078651685393,0.005323323377284384,-0.005986599055046052,AG,H15,FADE,TOP30,2
375,0.0002247661615199862,-0.00010103051121435058,0.4693333333333333,0.00308952997727793,-0.0025651488504501493,AG,H15,FOLLOW,ALL,3
257,0.00012412117508984465,-0.000316105579263537,0.46303501945525294,0.00334040236910853,-0.002941582917133598,AG,H15,FOLLOW,TOP30,3
375,-0.0002247661615199862,0.00010103051121435058,0.5173333333333333,0.0025651488504501493,-0.00308952997727793,AG,H15,FADE,ALL,3
257,-0.00012412117508984465,0.000316105579263537,0.5369649805447471,0.002941582917133598,-0.00334040236910853,AG,H15,FADE,TOP30,3
375,-0.00025935400566812563,-0.0005978000258501925,0.4026666666666667,0.0028710047994253076,-0.0027394211808937897,AG,H15,FOLLOW,ALL,4
236,-7.615617509068866e-05,-0.0006160336439914316,0.4194915254237288,0.003506718995770899,-0.0031252960858438768,AG,H15,FOLLOW,TOP30,4
375,0.00025935400566812563,0.0005978000258501925,0.5786666666666667,0.0027394211808937897,-0.0028710047994253076,AG,H15,FADE,ALL,4
236,7.615617509068866e-05,0.0006160336439914316,0.5635593220338984,0.0031252960858438768,-0.003506718995770899,AG,H15,FADE,TOP30,4
375,0.00019479217384711916,-0.00014017380593711604,0.45866666666666667,0.00301437153502292,-0.0023547970021821937,AG,H15,FOLLOW,ALL,5
198,0.00022536370974629965,0.0,0.494949494949495,0.003605639806291391,-0.0028314554467580907,AG,H15,FOLLOW,TOP30,5
375,-0.00019479217384711916,0.00014017380593711604,0.528,0.0023547970021821937,-0.00301437153502292,AG,H15,FADE,ALL,5
198,-0.00022536370974629965,0.0,0.4898989898989899,0.0028314554467580907,-0.003605639806291391,AG,H15,FADE,TOP30,5
369,9.549204238759052e-05,-0.0002514774144609655,0.43902439024390244,0.0024513894214191778,-0.00203265722425059,AG,H15,FOLLOW,ALL,6
159,1.0610961086260537e-05,-0.000556379788369199,0.4339622641509434,0.0029250313877654845,-0.0025834203968413266,AG,H15,FOLLOW,TOP30,6
369,-9.549204238759052e-05,0.0002514774144609655,0.5447154471544715,0.00203265722425059,-0.0024513894214191778,AG,H15,FADE,ALL,6
159,-1.0610961086260537e-05,0.000556379788369199,0.559748427672956,0.0025834203968413266,-0.0029250313877654845,AG,H15,FADE,TOP30,6
416,6.211737217892219e-05,-5.208469345618916e-05,0.46875,0.0007289480824959669,-0.0006199416329785675,AU,H5,FOLLOW,ALL,0
144,-5.2813490573191184e-05,-0.00012374343471122096,0.4375,0.0007035377217229124,-0.0006735301498963107,AU,H5,FOLLOW,TOP30,0
416,-6.211737217892219e-05,5.208469345618916e-05,0.5288461538461539,0.0006199416329785675,-0.0007289480824959669,AU,H5,FADE,ALL,0
144,5.2813490573191184e-05,0.00012374343471122096,0.5625,0.0006735301498963107,-0.0007035377217229124,AU,H5,FADE,TOP30,0
416,7.608092372320931e-05,-3.570568623612047e-05,0.47596153846153844,0.0011100686830247185,-0.000995930721190068,AU,H5,FOLLOW,ALL,1
204,0.00020493463311843814,3.7202515142165105e-05,0.5098039215686274,0.001512537790668735,-0.0012775899194569968,AU,H5,FOLLOW,TOP30,1
416,-7.608092372320931e-05,3.570568623612047e-05,0.5144230769230769,0.000995930721190068,-0.0011100686830247185,AU,H5,FADE,ALL,1
204,-0.00020493463311843814,-3.7202515142165105e-05,0.4852941176470588,0.0012775899194569968,-0.001512537790668735,AU,H5,FADE,TOP30,1
416,1.6614083074167202e-05,-8.657996701022519e-06,0.4951923076923077,0.0014249509603781604,-0.0011361905588571724,AU,H5,FOLLOW,ALL,2
270,-1.48010279866419e-05,1.867478703321268e-05,0.5037037037037037,0.001669971200195798,-0.0013634884678275687,AU,H5,FOLLOW,TOP30,2
416,-1.6614083074167202e-05,8.657996701022519e-06,0.5,0.0011361905588571724,-0.0014249509603781604,AU,H5,FADE,ALL,2
270,1.48010279866419e-05,-1.867478703321268e-05,0.4962962962962963,0.0013634884678275687,-0.001669971200195798,AU,H5,FADE,TOP30,2
416,-7.55471738272131e-05,-8.744901551854811e-05,0.4543269230769231,0.000861428470829227,-0.0008373991700350816,AU,H5,FOLLOW,ALL,3
187,-0.00016071068086605193,-0.00017443010819873095,0.47058823529411764,0.0010163952899321289,-0.0011204940910826567,AU,H5,FOLLOW,TOP30,3
416,7.55471738272131e-05,8.744901551854811e-05,0.5360576923076923,0.0008373991700350816,-0.000861428470829227,AU,H5,FADE,ALL,3
187,0.00016071068086605193,0.00017443010819873095,0.5240641711229946,0.0011204940910826567,-0.0010163952899321289,AU,H5,FADE,TOP30,3
416,-4.9353351176453145e-05,-6.209240522037085e-05,0.4519230769230769,0.0007909260431075704,-0.000736097892820307,AU,H5,FOLLOW,ALL,4
193,-7.968175008429849e-06,0.0,0.49740932642487046,0.0010207174928998943,-0.0009003552426302505,AU,H5,FOLLOW,TOP30,4
416,4.9353351176453145e-05,6.209240522037085e-05,0.5408653846153846,0.000736097892820307,-0.0007909260431075704,AU,H5,FADE,ALL,4
193,7.968175008429849e-06,0.0,0.49222797927461137,0.0009003552426302505,-0.0010207174928998943,AU,H5,FADE,TOP30,4
416,-1.8191670145725437e-05,-8.987520057346376e-05,0.4639423076923077,0.000754617681259878,-0.0007017224746124089,AU,H5,FOLLOW,ALL,5
192,-3.597578533250564e-05,-8.987520057346376e-05,0.4635416666666667,0.0009130451078090887,-0.0008650490106128656,AU,H5,FOLLOW,TOP30,5
416,1.8191670145725437e-05,8.987520057346376e-05,0.5240384615384616,0.0007017224746124089,-0.000754617681259878,AU,H5,FADE,ALL,5
192,3.597578533250564e-05,8.987520057346376e-05,0.5208333333333334,0.0008650490106128656,-0.0009130451078090887,AU,H5,FADE,TOP30,5
415,3.276864823762892e-05,-1.9935404427462444e-05,0.4891566265060241,0.0007512675522556758,-0.0006542796572986488,AU,H5,FOLLOW,ALL,6
172,3.3591675039807774e-05,-2.0435102262184035e-05,0.48255813953488375,0.0008387145832144639,-0.0007634952580014035,AU,H5,FOLLOW,TOP30,6
415,-3.276864823762892e-05,1.9935404427462444e-05,0.5036144578313253,0.0006542796572986488,-0.0007512675522556758,AU,H5,FADE,ALL,6
172,-3.3591675039807774e-05,2.0435102262184035e-05,0.5058139534883721,0.0007634952580014035,-0.0008387145832144639,AU,H5,FADE,TOP30,6
416,-1.0763153193384165e-05,-0.0001652054068155273,0.43509615384615385,0.0011694276945147667,-0.0010707083213923187,AU,H15,FOLLOW,ALL,0
145,7.032907749629177e-05,0.0,0.4896551724137931,0.0011553689797393827,-0.001105430799046505,AU,H15,FOLLOW,TOP30,0
416,1.0763153193384165e-05,0.0001652054068155273,0.5480769230769231,0.0010707083213923187,-0.0011694276945147667,AU,H15,FADE,ALL,0
145,-7.032907749629177e-05,0.0,0.4896551724137931,0.001105430799046505,-0.0011553689797393827,AU,H15,FADE,TOP30,0
416,0.00031433264990200587,3.6227482611284056e-05,0.5072115384615384,0.002163154808445995,-0.0016349049072388567,AU,H15,FOLLOW,ALL,1
205,0.0006015895855741119,0.0,0.4878048780487805,0.003078994869484415,-0.0020977359765979287,AU,H15,FOLLOW,TOP30,1
416,-0.00031433264990200587,-3.6227482611284056e-05,0.4831730769230769,0.0016349049072388567,-0.002163154808445995,AU,H15,FADE,ALL,1
205,-0.0006015895855741119,0.0,0.4926829268292683,0.0020977359765979287,-0.003078994869484415,AU,H15,FADE,TOP30,1
416,1.1698669317118446e-05,-0.0002119783686939103,0.4639423076923077,0.002417239974193736,-0.0020523253806007473,AU,H15,FOLLOW,ALL,2
270,-2.6659552519051158e-05,-0.00028547956849472866,0.4703703703703704,0.002897679464369741,-0.0024761080032594954,AU,H15,FOLLOW,TOP30,2
416,-1.1698669317118446e-05,0.0002119783686939103,0.5288461538461539,0.0020523253806007473,-0.002417239974193736,AU,H15,FADE,ALL,2
270,2.6659552519051158e-05,0.00028547956849472866,0.5296296296296297,0.0024761080032594954,-0.002897679464369741,AU,H15,FADE,TOP30,2
416,-0.0001967620555663447,-0.0001434260856636449,0.4182692307692308,0.001350868370336285,-0.001377069366241549,AU,H15,FOLLOW,ALL,3
185,-0.00034686452607352725,-0.00043830012601131507,0.41621621621621624,0.0015631239797161418,-0.0017540593092776348,AU,H15,FOLLOW,TOP30,3
416,0.0001967620555663447,0.0001434260856636449,0.5649038461538461,0.001377069366241549,-0.001350868370336285,AU,H15,FADE,ALL,3
185,0.00034686452607352725,0.00043830012601131507,0.5783783783783784,0.0017540593092776348,-0.0015631239797161418,AU,H15,FADE,TOP30,3
416,-0.00020508027224652725,-0.00023241935908735467,0.39903846153846156,0.0012554509488292612,-0.0012958165000279281,AU,H15,FOLLOW,ALL,4
195,-0.0003676921120809594,-0.00036589825757871175,0.35384615384615387,0.0015451581150759967,-0.00165111939500698,AU,H15,FOLLOW,TOP30,4
416,0.00020508027224652725,0.00023241935908735467,0.5913461538461539,0.0012958165000279281,-0.0012554509488292612,AU,H15,FADE,ALL,4
195,0.0003676921120809594,0.00036589825757871175,0.6358974358974359,0.00165111939500698,-0.0015451581150759967,AU,H15,FADE,TOP30,4
416,0.0001165413999767485,0.0,0.49759615384615385,0.001343066859820672,-0.0011089894336868307,AU,H15,FOLLOW,ALL,5
192,5.503798331080804e-05,-8.992826968717837e-05,0.4739583333333333,0.0016096692676317627,-0.001366095581454975,AU,H15,FOLLOW,TOP30,5
416,-0.0001165413999767485,0.0,0.49278846153846156,0.0011089894336868307,-0.001343066859820672,AU,H15,FADE,ALL,5
192,-5.503798331080804e-05,8.992826968717837e-05,0.5260416666666666,0.001366095581454975,-0.0016096692676317627,AU,H15,FADE,TOP30,5
413,6.832734866886482e-05,-3.9985480881798985e-05,0.4939467312348668,0.0012941168781461002,-0.001130138330757017,AU,H15,FOLLOW,ALL,6
172,1.150828191202718e-05,-5.3135337247101067e-05,0.47674418604651164,0.001415783879942329,-0.0012733798280952528,AU,H15,FOLLOW,TOP30,6
413,-6.832734866886482e-05,3.9985480881798985e-05,0.5060532687651331,0.001130138330757017,-0.0012941168781461002,AU,H15,FADE,ALL,6
172,-1.150828191202718e-05,5.3135337247101067e-05,0.5232558139534884,0.0012733798280952528,-0.001415783879942329,AU,H15,FADE,TOP30,6
273,-2.4929939549791397e-05,-0.00010602205258691821,0.42857142857142855,0.0009056611024308253,-0.0008834763519021306,CU,H5,FOLLOW,ALL,0
164,-8.411804734709735e-05,-0.00010836139974024217,0.42073170731707316,0.0010302921452795023,-0.0010462194659406506,CU,H5,FOLLOW,TOP30,0
273,2.4929939549791397e-05,0.00010602205258691821,0.5054945054945055,0.0008834763519021306,-0.0009056611024308253,CU,H5,FADE,ALL,0
164,8.411804734709735e-05,0.00010836139974024217,0.524390243902439,0.0010462194659406506,-0.0010302921452795023,CU,H5,FADE,TOP30,0
273,0.00012619363384457768,0.0,0.4835164835164835,0.0016921771717065372,-0.001491902457769559,CU,H5,FOLLOW,ALL,1
248,0.00015437990593275688,0.0,0.4838709677419355,0.0017774228801282067,-0.0015305395968202543,CU,H5,FOLLOW,TOP30,1
273,-0.00012619363384457768,0.0,0.48717948717948717,0.001491902457769559,-0.0016921771717065372,CU,H5,FADE,ALL,1
248,-0.00015437990593275688,0.0,0.4838709677419355,0.0015305395968202543,-0.0017774228801282067,CU,H5,FADE,TOP30,1
273,-0.00012222203356930552,-0.00019862945674842258,0.4175824175824176,0.0010498635601139028,-0.0011992373203215455,CU,H5,FOLLOW,ALL,2
146,-0.00017098959332172243,-0.0003018357658255977,0.4452054794520548,0.0013015742070288082,-0.0015079123900716904,CU,H5,FOLLOW,TOP30,2
273,0.00012222203356930552,0.00019862945674842258,0.5714285714285714,0.0011992373203215455,-0.0010498635601139028,CU,H5,FADE,ALL,2
146,0.00017098959332172243,0.0003018357658255977,0.5547945205479452,0.0015079123900716904,-0.0013015742070288082,CU,H5,FADE,TOP30,2
273,1.874074283668146e-05,-0.00010058338362506358,0.4139194139194139,0.0008793610968182026,-0.0007679542642945678,CU,H5,FOLLOW,ALL,3
119,0.0001379566610849368,0.0,0.4789915966386555,0.0011206022234597265,-0.0009301946598326885,CU,H5,FOLLOW,TOP30,3
273,-1.874074283668146e-05,0.00010058338362506358,0.5311355311355311,0.0007679542642945678,-0.0008793610968182026,CU,H5,FADE,ALL,3
119,-0.0001379566610849368,0.0,0.47058823529411764,0.0009301946598326885,-0.0011206022234597265,CU,H5,FADE,TOP30,3
273,-8.957680352634257e-05,-9.45179584120881e-05,0.4065934065934066,0.0006512839211198762,-0.0006784270038026433,CU,H5,FOLLOW,ALL,4
98,-0.00013183315529191836,-0.00019044044792670967,0.37755102040816324,0.0007804479394092073,-0.0008419876810332172,CU,H5,FOLLOW,TOP30,4
273,8.957680352634257e-05,9.45179584120881e-05,0.5238095238095238,0.0006784270038026433,-0.0006512839211198762,CU,H5,FADE,ALL,4
98,0.00013183315529191836,0.00019044044792670967,0.5612244897959183,0.0008419876810332172,-0.0007804479394092073,CU,H5,FADE,TOP30,4
273,-5.4770614391070455e-05,-9.427736400491327e-05,0.4065934065934066,0.000517760291661271,-0.0005035145888730395,CU,H5,FOLLOW,ALL,5
63,-6.105671414908139e-05,0.0,0.4603174603174603,0.0006725296340486524,-0.0006259312144761654,CU,H5,FOLLOW,TOP30,5
273,5.4770614391070455e-05,9.427736400491327e-05,0.5018315018315018,0.0005035145888730395,-0.000517760291661271,CU,H5,FADE,ALL,5
63,6.105671414908139e-05,0.0,0.49206349206349204,0.0006259312144761654,-0.0006725296340486524,CU,H5,FADE,TOP30,5
269,-3.154282976544394e-05,-9.264406151565652e-05,0.4052044609665427,0.00045277319274943524,-0.00045635371177747816,CU,H5,FOLLOW,ALL,6
27,-0.00035101730242016586,-0.0002774951438349049,0.18518518518518517,0.000292373774682489,-0.000681969513178128,CU,H5,FOLLOW,TOP30,6
269,3.154282976544394e-05,9.264406151565652e-05,0.5241635687732342,0.00045635371177747816,-0.00045277319274943524,CU,H5,FADE,ALL,6
27,0.00035101730242016586,0.0002774951438349049,0.7037037037037037,0.000681969513178128,-0.000292373774682489,CU,H5,FADE,TOP30,6
273,-4.054389834397219e-05,-0.00010836584308626662,0.4468864468864469,0.0015340634693081603,-0.001480286728753578,CU,H15,FOLLOW,ALL,0
165,-0.00014152207809971524,-0.00010804970286326654,0.45454545454545453,0.0017202948168929997,-0.0017597693357869636,CU,H15,FOLLOW,TOP30,0
273,4.054389834397219e-05,0.00010836584308626662,0.5128205128205128,0.001480286728753578,-0.0015340634693081603,CU,H15,FADE,ALL,0
165,0.00014152207809971524,0.00010804970286326654,0.509090909090909,0.0017597693357869636,-0.0017202948168929997,CU,H15,FADE,TOP30,0
273,0.0007019587444850213,0.0,0.4981684981684982,0.003115423314992042,-0.002358709663936938,CU,H15,FOLLOW,ALL,1
248,0.0007693087443987786,4.8529554498688565e-05,0.5,0.003284240425376455,-0.0024505619978659817,CU,H15,FOLLOW,TOP30,1
273,-0.0007019587444850213,0.0,0.4835164835164835,0.002358709663936938,-0.003115423314992042,CU,H15,FADE,ALL,1
248,-0.0007693087443987786,-4.8529554498688565e-05,0.4798387096774194,0.0024505619978659817,-0.003284240425376455,CU,H15,FADE,TOP30,1
273,-3.174186955382075e-05,-0.00019254837777993306,0.43956043956043955,0.0018132839423462628,-0.0018633497963995065,CU,H15,FOLLOW,ALL,2
146,-0.00011057046351945882,-0.0001978044198479023,0.4452054794520548,0.002263895518093923,-0.002327048188971599,CU,H15,FOLLOW,TOP30,2
273,3.174186955382075e-05,0.00019254837777993306,0.5347985347985348,0.0018633497963995065,-0.0018132839423462628,CU,H15,FADE,ALL,2
146,0.00011057046351945882,0.0001978044198479023,0.541095890410959,0.002327048188971599,-0.002263895518093923,CU,H15,FADE,TOP30,2
273,-9.039057836290562e-05,-0.00019837333862327,0.3992673992673993,0.0013617169174791413,-0.0012715912447831667,CU,H15,FOLLOW,ALL,3
118,-9.0291963646246e-05,-0.00039422971102609505,0.3983050847457627,0.0017298068730592139,-0.0015362143830013717,CU,H15,FOLLOW,TOP30,3
273,9.039057836290562e-05,0.00019837333862327,0.5641025641025641,0.0012715912447831667,-0.0013617169174791413,CU,H15,FADE,ALL,3
118,9.0291963646246e-05,0.00039422971102609505,0.5847457627118644,0.0015362143830013717,-0.0017298068730592139,CU,H15,FADE,TOP30,3
273,-0.0001081743284697788,-9.698380370481985e-05,0.42857142857142855,0.00104063228453067,-0.0011168722338344003,CU,H15,FOLLOW,ALL,4
97,-0.0003849283180843249,-0.0002862595419846903,0.3402061855670103,0.0012052768932441307,-0.001470066341754318,CU,H15,FOLLOW,TOP30,4
273,0.0001081743284697788,9.698380370481985e-05,0.5201465201465202,0.0011168722338344003,-0.00104063228453067,CU,H15,FADE,ALL,4
97,0.0003849283180843249,0.0002862595419846903,0.5979381443298969,0.001470066341754318,-0.0012052768932441307,CU,H15,FADE,TOP30,4
273,-0.00014478917189326792,-0.00018953752843064997,0.37362637362637363,0.0007673249893489864,-0.0008639410864603777,CU,H15,FOLLOW,ALL,5
63,-0.00027099729414448864,-0.0002936857562407802,0.25396825396825395,0.0009212230178848586,-0.0010578324148786589,CU,H15,FOLLOW,TOP30,5
273,0.00014478917189326792,0.00018953752843064997,0.5531135531135531,0.0008639410864603777,-0.0007673249893489864,CU,H15,FADE,ALL,5
63,0.00027099729414448864,0.0002936857562407802,0.6507936507936508,0.0010578324148786589,-0.0009212230178848586,CU,H15,FADE,TOP30,5
267,-6.179869957449855e-06,-9.258401999812094e-05,0.45318352059925093,0.0007710205222758968,-0.0007453945194435973,CU,H15,FOLLOW,ALL,6
27,-0.00040787929750901524,-0.00036825630638925855,0.2962962962962963,0.0005088145668321609,-0.0010561631591899277,CU,H15,FOLLOW,TOP30,6
267,6.179869957449855e-06,9.258401999812094e-05,0.5093632958801498,0.0007453945194435973,-0.0007710205222758968,CU,H15,FADE,ALL,6
27,0.00040787929750901524,0.00036825630638925855,0.5925925925925926,0.0010561631591899277,-0.0005088145668321609,CU,H15,FADE,TOP30,6
250,-8.786692635807025e-05,0.0,0.384,0.0009419762533382543,-0.0010090210026206833,AL,H5,FOLLOW,ALL,0
142,-0.00017230388303295937,-0.0002093491862922292,0.38028169014084506,0.001124864707632731,-0.0012371492390481154,AL,H5,FOLLOW,TOP30,0
250,8.786692635807025e-05,0.0,0.496,0.0010090210026206833,-0.0009419762533382543,AL,H5,FADE,ALL,0
142,0.00017230388303295937,0.0002093491862922292,0.5352112676056338,0.0012371492390481154,-0.001124864707632731,AL,H5,FADE,TOP30,0
250,-1.2619362941208135e-05,-0.00020894289563594404,0.416,0.0010799715984226314,-0.001126151797833431,AL,H5,FOLLOW,ALL,1
190,3.0034309251174796e-05,-0.00020506512757439976,0.4473684210526316,0.00120826032346859,-0.001213215748414035,AL,H5,FOLLOW,TOP30,1
250,1.2619362941208135e-05,0.00020894289563594404,0.528,0.001126151797833431,-0.0010799715984226314,AL,H5,FADE,ALL,1
190,-3.0034309251174796e-05,0.00020506512757439976,0.5052631578947369,0.001213215748414035,-0.00120826032346859,AL,H5,FADE,TOP30,1
250,-4.986081215764138e-05,-0.00019865772257032788,0.408,0.0009328809627117196,-0.0009621661932534748,AL,H5,FOLLOW,ALL,2
168,-0.0001146883966790623,-0.00019865772257032788,0.40476190476190477,0.0009853443952178788,-0.0010938603578771315,AL,H5,FOLLOW,TOP30,2
250,4.986081215764138e-05,0.00019865772257032788,0.512,0.0009621661932534748,-0.0009328809627117196,AL,H5,FADE,ALL,2
168,0.0001146883966790623,0.00019865772257032788,0.5119047619047619,0.0010938603578771315,-0.0009853443952178788,AL,H5,FADE,TOP30,2
250,1.99271313642031e-05,0.0,0.384,0.0005743199592674495,-0.0005139024278474813,AL,H5,FOLLOW,ALL,3
75,9.25553515327356e-05,-0.00019849146486694558,0.41333333333333333,0.0007202541967555461,-0.0005796149848111831,AL,H5,FOLLOW,TOP30,3
250,-1.99271313642031e-05,0.0,0.468,0.0005139024278474813,-0.0005743199592674495,AL,H5,FADE,ALL,3
75,-9.25553515327356e-05,0.00019849146486694558,0.5066666666666667,0.0005796149848111831,-0.0007202541967555461,AL,H5,FADE,TOP30,3
250,3.602111132851205e-05,0.0,0.436,0.0007279792979213649,-0.0005877355657279861,AL,H5,FOLLOW,ALL,4
98,8.235966073264898e-05,0.00021028285132845825,0.5510204081632653,0.0008480279942964508,-0.0006527245481542116,AL,H5,FOLLOW,TOP30,4
250,-3.602111132851205e-05,0.0,0.428,0.0005877355657279861,-0.0007279792979213649,AL,H5,FADE,ALL,4
98,-8.235966073264898e-05,-0.00021028285132845825,0.3673469387755102,0.0006527245481542116,-0.0008480279942964508,AL,H5,FADE,TOP30,4
250,-7.085835069806779e-05,-0.00022436634629652286,0.424,0.0016380122848779152,-0.0016408195349544479,AL,H15,FOLLOW,ALL,0
142,-5.6466875035719086e-05,-0.00021028987814158961,0.43661971830985913,0.002012781984437497,-0.0019749012755985117,AL,H15,FOLLOW,TOP30,0
250,7.085835069806779e-05,0.00022436634629652286,0.52,0.0016408195349544479,-0.0016380122848779152,AL,H15,FADE,ALL,0
142,5.6466875035719086e-05,0.00021028987814158961,0.5211267605633803,0.0019749012755985117,-0.002012781984437497,AL,H15,FADE,TOP30,0
250,0.0003596564715558781,0.0,0.48,0.002366316391340946,-0.0017531249303364383,AL,H15,FOLLOW,ALL,1
192,0.0005072096885832342,0.00020680457173238853,0.5052083333333334,0.0027119184384792726,-0.0019172012249950201,AL,H15,FOLLOW,TOP30,1
250,-0.0003596564715558781,0.0,0.492,0.0017531249303364383,-0.002366316391340946,AL,H15,FADE,ALL,1
192,-0.0005072096885832342,-0.00020680457173238853,0.4583333333333333,0.0019172012249950201,-0.0027119184384792726,AL,H15,FADE,TOP30,1
250,-0.00018701729185546912,-0.00020573989330807674,0.408,0.001489533356917447,-0.0015520779222280088,AL,H15,FOLLOW,ALL,2
168,-0.00031824169594286505,-0.00039846141506422184,0.4166666666666667,0.0015823315932309574,-0.0017877477225819746,AL,H15,FOLLOW,TOP30,2
250,0.00018701729185546912,0.00020573989330807674,0.536,0.0015520779222280088,-0.001489533356917447,AL,H15,FADE,ALL,2
168,0.00031824169594286505,0.00039846141506422184,0.5357142857142857,0.0017877477225819746,-0.0015823315932309574,AL,H15,FADE,TOP30,2
250,0.00010981416529240562,-0.0001988864337499341,0.408,0.0010263546802906807,-0.0008041999971649591,AL,H15,FOLLOW,ALL,3
74,0.00034237358788782044,0.00020098507123844644,0.5135135135135135,0.0013492828493437933,-0.0008591767285659019,AL,H15,FOLLOW,TOP30,3
250,-0.00010981416529240562,0.0001988864337499341,0.504,0.0008041999971649591,-0.0010263546802906807,AL,H15,FADE,ALL,3
74,-0.00034237358788782044,-0.00020098507123844644,0.43243243243243246,0.0008591767285659019,-0.0013492828493437933,AL,H15,FADE,TOP30,3
250,7.424280264935579e-06,0.0,0.428,0.001176893015557931,-0.0009797317401893388,AL,H15,FOLLOW,ALL,4
99,-7.4225994984014525e-06,0.0,0.45454545454545453,0.001294514591574079,-0.0011029997425763328,AL,H15,FOLLOW,TOP30,4
250,-7.424280264935579e-06,0.0,0.472,0.0009797317401893388,-0.001176893015557931,AL,H15,FADE,ALL,4
99,7.4225994984014525e-06,0.0,0.46464646464646464,0.0011029997425763328,-0.001294514591574079,AL,H15,FADE,TOP30,4
265,0.00017217597567114847,-0.00013727305573363324,0.4339622641509434,0.0013913178628697084,-0.0011258619730874222,SN,H5,FOLLOW,ALL,0
145,0.00034467761878475113,-0.00022151823592730935,0.4413793103448276,0.001766748109879403,-0.001323718035074128,SN,H5,FOLLOW,TOP30,0
265,-0.00017217597567114847,0.00013727305573363324,0.5584905660377358,0.0011258619730874222,-0.0013913178628697084,SN,H5,FADE,ALL,0
145,-0.00034467761878475113,0.00022151823592730935,0.5517241379310345,0.001323718035074128,-0.001766748109879403,SN,H5,FADE,TOP30,0
265,0.00021019944919684535,-0.00021666849401069666,0.47924528301886793,0.0030699826951450914,-0.00268842638800027,SN,H5,FOLLOW,ALL,1
250,0.0002507456590287966,-0.00018330764807228395,0.484,0.0031585068202025736,-0.0027467847113306857,SN,H5,FOLLOW,TOP30,1
265,-0.00021019944919684535,0.00021666849401069666,0.5169811320754717,0.00268842638800027,-0.0030699826951450914,SN,H5,FADE,ALL,1
250,-0.0002507456590287966,0.00018330764807228395,0.516,0.0027467847113306857,-0.0031585068202025736,SN,H5,FADE,TOP30,1
265,6.75396627044807e-05,-0.00033841624938291126,0.4188679245283019,0.002733748028410838,-0.0023477134244347174,SN,H5,FOLLOW,ALL,2
242,3.422883312476088e-05,-0.0003604227676684557,0.41735537190082644,0.0027507964590289744,-0.002426331243351669,SN,H5,FOLLOW,TOP30,2
265,-6.75396627044807e-05,0.00033841624938291126,0.5773584905660377,0.0023477134244347174,-0.002733748028410838,SN,H5,FADE,ALL,2
242,-3.422883312476088e-05,0.0003604227676684557,0.5785123966942148,0.002426331243351669,-0.0027507964590289744,SN,H5,FADE,TOP30,2
265,2.8318791539107556e-05,-0.00021163463033668783,0.4226415094339623,0.0013783044992194855,-0.0010907247011891121,SN,H5,FOLLOW,ALL,3
132,5.1604541835668636e-06,-0.00023966590060520154,0.44696969696969696,0.0016149693770658993,-0.0012585177503383843,SN,H5,FOLLOW,TOP30,3
265,-2.8318791539107556e-05,0.00021163463033668783,0.569811320754717,0.0010907247011891121,-0.0013783044992194855,SN,H5,FADE,ALL,3
132,-5.1604541835668636e-06,0.00023966590060520154,0.553030303030303,0.0012585177503383843,-0.0016149693770658993,SN,H5,FADE,TOP30,3
265,-1.7339437417279828e-05,-0.00032136954766126546,0.4075471698113208,0.0014981101722080514,-0.0012648030289875514,SN,H5,FOLLOW,ALL,4
157,-7.5405206953733775e-06,-0.00041530155507363276,0.4140127388535032,0.001702541316614317,-0.001416616765902239,SN,H5,FOLLOW,TOP30,4
265,1.7339437417279828e-05,0.00032136954766126546,0.5886792452830188,0.0012648030289875514,-0.0014981101722080514,SN,H5,FADE,ALL,4
157,7.5405206953733775e-06,0.00041530155507363276,0.5859872611464968,0.001416616765902239,-0.001702541316614317,SN,H5,FADE,TOP30,4
265,9.020527848373231e-05,-0.00017260980479139043,0.4226415094339623,0.0014896089553435967,-0.0011327561477036201,SN,H5,FOLLOW,ALL,5
122,0.00011846213926515084,-0.00014794295295539328,0.4344262295081967,0.0017737458019128026,-0.001360691672587841,SN,H5,FOLLOW,TOP30,5
265,-9.020527848373231e-05,0.00017260980479139043,0.5622641509433962,0.0011327561477036201,-0.0014896089553435967,SN,H5,FADE,ALL,5
122,-0.00011846213926515084,0.00014794295295539328,0.5409836065573771,0.001360691672587841,-0.0017737458019128026,SN,H5,FADE,TOP30,5
263,8.556488576718494e-05,0.0,0.49429657794676807,0.000903704234480882,-0.0006809695262925098,SN,H5,FOLLOW,ALL,6
16,-0.0003827457088446673,-0.0003097772603167237,0.25,0.0007297711902924595,-0.0010879791832464278,SN,H5,FOLLOW,TOP30,6
263,-8.556488576718494e-05,0.0,0.49809885931558934,0.0006809695262925098,-0.000903704234480882,SN,H5,FADE,ALL,6
16,0.0003827457088446673,0.0003097772603167237,0.75,0.0010879791832464278,-0.0007297711902924595,SN,H5,FADE,TOP30,6
265,0.00024596339354474836,-9.35669553838725e-05,0.4830188679245283,0.002483255582251984,-0.0018894714641293961,SN,H15,FOLLOW,ALL,0
147,0.00035580301217171147,0.00021118814222442772,0.5170068027210885,0.003156162869917977,-0.002309666114545219,SN,H15,FOLLOW,TOP30,0
265,-0.00024596339354474836,9.35669553838725e-05,0.5132075471698113,0.0018894714641293961,-0.002483255582251984,SN,H15,FADE,ALL,0
147,-0.00035580301217171147,-0.00021118814222442772,0.47619047619047616,0.002309666114545219,-0.003156162869917977,SN,H15,FADE,TOP30,0
265,0.001055950835634143,0.0004112279831607335,0.5471698113207547,0.005394153584084985,-0.004160336069147631,SN,H15,FOLLOW,ALL,1
250,0.001157645222462271,0.0005031085790727641,0.56,0.005597855810521981,-0.00425898271495086,SN,H15,FOLLOW,TOP30,1
265,-0.001055950835634143,-0.0004112279831607335,0.4490566037735849,0.004160336069147631,-0.005394153584084985,SN,H15,FADE,ALL,1
250,-0.001157645222462271,-0.0005031085790727641,0.436,0.00425898271495086,-0.005597855810521981,SN,H15,FADE,TOP30,1
265,0.00047929420050349614,-0.0003722216313941651,0.4716981132075472,0.004643294214207949,-0.0036863588275128493,SN,H15,FOLLOW,ALL,2
242,0.00040048296410536257,-0.00031412859810397986,0.47520661157024796,0.00463459085440529,-0.0037767663659621946,SN,H15,FOLLOW,TOP30,2
265,-0.00047929420050349614,0.0003722216313941651,0.5245283018867924,0.0036863588275128493,-0.004643294214207949,SN,H15,FADE,ALL,2
242,-0.00040048296410536257,0.00031412859810397986,0.5206611570247934,0.0037767663659621946,-0.00463459085440529,SN,H15,FADE,TOP30,2
265,7.208250474422308e-05,-0.00026031489636935135,0.4339622641509434,0.0022348349218431545,-0.0018548433559753784,SN,H15,FOLLOW,ALL,3
131,-5.120005394680565e-06,-0.0005657553085977041,0.40458015267175573,0.0025562036671331026,-0.002232172857391876,SN,H15,FOLLOW,TOP30,3
265,-7.208250474422308e-05,0.00026031489636935135,0.5622641509433962,0.0018548433559753784,-0.0022348349218431545,SN,H15,FADE,ALL,3
131,5.120005394680565e-06,0.0005657553085977041,0.5954198473282443,0.002232172857391876,-0.0025562036671331026,SN,H15,FADE,TOP30,3
265,3.861877941406213e-05,-0.00010041420073314544,0.47547169811320755,0.0024184477602430562,-0.0020948302108228884,SN,H15,FOLLOW,ALL,4
156,0.00010901526978245,-9.596192230926226e-05,0.4807692307692308,0.0028371319015464643,-0.0024017341954377667,SN,H15,FOLLOW,TOP30,4
265,-3.861877941406213e-05,0.00010041420073314544,0.5207547169811321,0.0020948302108228884,-0.0024184477602430562,SN,H15,FADE,ALL,4
156,-0.00010901526978245,9.596192230926226e-05,0.5128205128205128,0.0024017341954377667,-0.0028371319015464643,SN,H15,FADE,TOP30,4
265,0.00016075798801895832,-0.00012238265655062364,0.4716981132075472,0.0025759499813633588,-0.0019413711222070855,SN,H15,FOLLOW,ALL,5
122,0.00020808551432990372,-0.0003428223180497736,0.4426229508196721,0.0032117391748187583,-0.0023783858995311664,SN,H15,FOLLOW,TOP30,5
265,-0.00016075798801895832,0.00012238265655062364,0.5283018867924528,0.0019413711222070855,-0.0025759499813633588,SN,H15,FADE,ALL,5
122,-0.00020808551432990372,0.0003428223180497736,0.5573770491803278,0.0023783858995311664,-0.0032117391748187583,SN,H15,FADE,TOP30,5
261,-2.106415082653195e-05,-9.583823225178811e-05,0.47509578544061304,0.0014123766723135932,-0.0011535550920823883,SN,H15,FOLLOW,ALL,6
16,-0.0006779587023268696,-0.0007294849589696284,0.3125,0.0013401386987384814,-0.0017907983443749692,SN,H15,FOLLOW,TOP30,6
261,2.106415082653195e-05,9.583823225178811e-05,0.5095785440613027,0.0011535550920823883,-0.0014123766723135932,SN,H15,FADE,ALL,6
16,0.0006779587023268696,0.0007294849589696284,0.6875,0.0017907983443749692,-0.0013401386987384814,SN,H15,FADE,TOP30,6
258,-3.8102729095503415e-05,-3.9714058776785244e-05,0.40310077519379844,0.000793984715425334,-0.0007137745587113033,NI,H5,FOLLOW,ALL,0
85,-3.4864734054436e-05,8.530967411712886e-05,0.5176470588235295,0.0012149539818462067,-0.0010708496690827636,NI,H5,FOLLOW,TOP30,0
258,3.8102729095503415e-05,3.9714058776785244e-05,0.5,0.0007137745587113033,-0.000793984715425334,NI,H5,FADE,ALL,0
85,3.4864734054436e-05,-8.530967411712886e-05,0.4117647058823529,0.0010708496690827636,-0.0012149539818462067,NI,H5,FADE,TOP30,0
258,0.0002642202763736223,0.0,0.4806201550387597,0.002550831069717703,-0.002024397423783197,NI,H5,FOLLOW,ALL,1
218,0.0002736621714705393,0.0,0.48623853211009177,0.0026633395816104727,-0.0021355424623786647,NI,H5,FOLLOW,TOP30,1
258,-0.0002642202763736223,0.0,0.49224806201550386,0.002024397423783197,-0.002550831069717703,NI,H5,FADE,ALL,1
218,-0.0002736621714705393,0.0,0.481651376146789,0.0021355424623786647,-0.0026633395816104727,NI,H5,FADE,TOP30,1
258,-6.595285582418632e-05,-0.00018286314283327831,0.4418604651162791,0.0013681184564679379,-0.0012152607857271712,NI,H5,FOLLOW,ALL,2
157,4.253221865447451e-05,-7.386615452809053e-05,0.49044585987261147,0.001631327520702091,-0.0013364180802057626,NI,H5,FOLLOW,TOP30,2
258,6.595285582418632e-05,0.00018286314283327831,0.5387596899224806,0.0012152607857271712,-0.0013681184564679379,NI,H5,FADE,ALL,2
157,-4.253221865447451e-05,7.386615452809053e-05,0.5031847133757962,0.0013364180802057626,-0.001631327520702091,NI,H5,FADE,TOP30,2
258,-5.195013307039923e-05,-0.00014904273364169107,0.4263565891472868,0.0009320294610800527,-0.0008591218002245646,NI,H5,FOLLOW,ALL,3
105,-5.679344882717961e-05,-0.00014168319637286597,0.45714285714285713,0.0010893067585478926,-0.0010108557415177439,NI,H5,FOLLOW,TOP30,3
258,5.195013307039923e-05,0.00014904273364169107,0.5542635658914729,0.0008591218002245646,-0.0009320294610800527,NI,H5,FADE,ALL,3
105,5.679344882717961e-05,0.00014168319637286597,0.5333333333333333,0.0010108557415177439,-0.0010893067585478926,NI,H5,FADE,TOP30,3
258,0.0001938187144427967,0.0,0.45348837209302323,0.0011509018172234328,-0.0008057153682285378,NI,H5,FOLLOW,ALL,4
91,0.0005337457223756471,6.928566479591503e-05,0.5054945054945055,0.0014743940768161923,-0.0008410003676785593,NI,H5,FOLLOW,TOP30,4
258,-0.0001938187144427967,0.0,0.49612403100775193,0.0008057153682285378,-0.0011509018172234328,NI,H5,FADE,ALL,4
91,-0.0005337457223756471,-6.928566479591503e-05,0.43956043956043955,0.0008410003676785593,-0.0014743940768161923,NI,H5,FADE,TOP30,4
258,8.06856860296842e-05,-3.75855070284814e-05,0.46511627906976744,0.0010088997834325202,-0.0007875549201333497,NI,H5,FOLLOW,ALL,5
117,9.49300392815165e-05,-7.597629539590756e-05,0.452991452991453,0.0012018593661123121,-0.0009084063399911295,NI,H5,FOLLOW,TOP30,5
258,-8.06856860296842e-05,3.75855070284814e-05,0.5,0.0007875549201333497,-0.0010088997834325202,NI,H5,FADE,ALL,5
117,-9.49300392815165e-05,7.597629539590756e-05,0.5042735042735043,0.0009084063399911295,-0.0012018593661123121,NI,H5,FADE,TOP30,5
251,4.149264353828551e-05,-7.703566751415813e-05,0.4342629482071713,0.0007389729847098217,-0.0005799391071315186,NI,H5,FOLLOW,ALL,6
63,6.06157875022576e-05,0.0,0.4444444444444444,0.0009051016675562262,-0.0005897023409717814,NI,H5,FOLLOW,TOP30,6
251,-4.149264353828551e-05,7.703566751415813e-05,0.5179282868525896,0.0005799391071315186,-0.0007389729847098217,NI,H5,FADE,ALL,6
63,-6.06157875022576e-05,0.0,0.47619047619047616,0.0005897023409717814,-0.0009051016675562262,NI,H5,FADE,TOP30,6
258,-7.99252045863845e-06,-0.00017127354490570346,0.437984496124031,0.0013616789387928278,-0.0012614065850068818,NI,H15,FOLLOW,ALL,0
87,0.00011456690455425511,0.0,0.4827586206896552,0.0021358966733734334,-0.0018829332452250738,NI,H15,FOLLOW,TOP30,0
258,7.99252045863845e-06,0.00017127354490570346,0.5232558139534884,0.0012614065850068818,-0.0013616789387928278,NI,H15,FADE,ALL,0
87,-0.00011456690455425511,0.0,0.4942528735632184,0.0018829332452250738,-0.0021358966733734334,NI,H15,FADE,TOP30,0
258,0.0007481223612494499,0.00025234430182635714,0.5310077519379846,0.0041871970312379655,-0.0031101055975527687,NI,H15,FOLLOW,ALL,1
217,0.0009806937780466709,0.0004977600796416404,0.576036866359447,0.0044412426143721154,-0.0031709066041532602,NI,H15,FOLLOW,TOP30,1
258,-0.0007481223612494499,-0.00025234430182635714,0.46124031007751937,0.0031101055975527687,-0.0041871970312379655,NI,H15,FADE,ALL,1
217,-0.0009806937780466709,-0.0004977600796416404,0.4147465437788018,0.0031709066041532602,-0.0044412426143721154,NI,H15,FADE,TOP30,1
258,-0.00016854852699203405,-0.0003707243355685619,0.43023255813953487,0.0023008411579234856,-0.002110525475989925,NI,H15,FOLLOW,ALL,2
158,-0.00012555692292026617,-0.0002902791388342818,0.4620253164556962,0.0026975977793414524,-0.002367171926152699,NI,H15,FOLLOW,TOP30,2
258,0.00016854852699203405,0.0003707243355685619,0.5465116279069767,0.002110525475989925,-0.0023008411579234856,NI,H15,FADE,ALL,2
158,0.00012555692292026617,0.0002902791388342818,0.5253164556962026,0.002367171926152699,-0.0026975977793414524,NI,H15,FADE,TOP30,2
258,-0.00017090850968654554,-0.0003363160002788357,0.4069767441860465,0.0014702353500221105,-0.0014999398535020035,NI,H15,FOLLOW,ALL,3
106,-0.0001734420082279493,-0.0003363160002788357,0.39622641509433965,0.0017074865285255925,-0.001732316881764326,NI,H15,FOLLOW,TOP30,3
258,0.00017090850968654554,0.0003363160002788357,0.5852713178294574,0.0014999398535020035,-0.0014702353500221105,NI,H15,FADE,ALL,3
106,0.0001734420082279493,0.0003363160002788357,0.5943396226415094,0.001732316881764326,-0.0017074865285255925,NI,H15,FADE,TOP30,3
258,0.00031168703294288805,0.0,0.4844961240310077,0.0018716235744086177,-0.0012568176037786912,NI,H15,FOLLOW,ALL,4
90,0.0008580851301216959,7.053440476967321e-05,0.5333333333333333,0.0026352982412195585,-0.0012837759680706514,NI,H15,FOLLOW,TOP30,4
258,-0.00031168703294288805,0.0,0.4883720930232558,0.0012568176037786912,-0.0018716235744086177,NI,H15,FADE,ALL,4
90,-0.0008580851301216959,-7.053440476967321e-05,0.4444444444444444,0.0012837759680706514,-0.0026352982412195585,NI,H15,FADE,TOP30,4
258,0.00021582191056352315,7.619970761241213e-05,0.5038759689922481,0.00180257105918107,-0.0012563408183130067,NI,H15,FOLLOW,ALL,5
117,0.00033602199696530446,7.870297497247769e-05,0.5213675213675214,0.0020867280943160944,-0.001454634118447374,NI,H15,FOLLOW,TOP30,5
258,-0.00021582191056352315,-7.619970761241213e-05,0.47674418604651164,0.0012563408183130067,-0.00180257105918107,NI,H15,FADE,ALL,5
117,-0.00033602199696530446,-7.870297497247769e-05,0.452991452991453,0.001454634118447374,-0.0020867280943160944,NI,H15,FADE,TOP30,5
250,-7.649535451652057e-05,0.0,0.328,0.0005855955752964341,-0.0007063897697018504,RB,H5,FOLLOW,ALL,0
56,0.0001435888173214328,0.0,0.44642857142857145,0.0007691702825812834,-0.0006762669979573406,RB,H5,FOLLOW,TOP30,0
250,7.649535451652057e-05,0.0,0.48,0.0007063897697018504,-0.0005855955752964341,RB,H5,FADE,ALL,0
56,-0.0001435888173214328,0.0,0.4107142857142857,0.0006762669979573406,-0.0007691702825812834,RB,H5,FADE,TOP30,0
250,-8.238956104509754e-06,0.0,0.368,0.0005397671097806116,-0.0005550046146199344,RB,H5,FOLLOW,ALL,1
20,0.00013145362529948246,0.0,0.45,0.0008411458150733963,-0.0004831554353106504,RB,H5,FOLLOW,TOP30,1
250,8.238956104509754e-06,0.0,0.412,0.0005550046146199344,-0.0005397671097806116,RB,H5,FADE,ALL,1
20,-0.00013145362529948246,0.0,0.4,0.0004831554353106504,-0.0008411458150733963,RB,H5,FADE,TOP30,1
250,-6.9993170440794115e-06,0.0,0.348,0.0005521843316507926,-0.0005504506718989317,RB,H5,FOLLOW,ALL,2
15,0.00015115538952898967,0.0003055300947143458,0.5333333333333333,0.000784078753943825,-0.0003777781744839374,RB,H5,FOLLOW,TOP30,2
250,6.9993170440794115e-06,0.0,0.404,0.0005504506718989317,-0.0005521843316507926,RB,H5,FADE,ALL,2
15,-0.00015115538952898967,-0.0003055300947143458,0.3333333333333333,0.0003777781744839374,-0.000784078753943825,RB,H5,FADE,TOP30,2
250,-6.877609433507237e-05,-0.000320822128060394,0.368,0.0010500632534300753,-0.0011339844168580893,RB,H15,FOLLOW,ALL,0
55,-8.385038010490761e-05,-0.00032808398950123774,0.3090909090909091,0.0011422544808391535,-0.0010781613473033716,RB,H15,FOLLOW,TOP30,0
250,6.877609433507237e-05,0.000320822128060394,0.552,0.0011339844168580893,-0.0010500632534300753,RB,H15,FADE,ALL,0
55,8.385038010490761e-05,0.00032808398950123774,0.6,0.0010781613473033716,-0.0011422544808391535,RB,H15,FADE,TOP30,0
250,-8.219381390946579e-05,0.0,0.4,0.0008351231537922814,-0.0009060090250640962,RB,H15,FOLLOW,ALL,1
21,-0.00036765827048120973,-0.000315756236185738,0.38095238095238093,0.0009841874469203567,-0.000981768193309767,RB,H15,FOLLOW,TOP30,1
250,8.219381390946579e-05,0.0,0.464,0.0009060090250640962,-0.0008351231537922814,RB,H15,FADE,ALL,1
21,0.00036765827048120973,0.000315756236185738,0.5238095238095238,0.000981768193309767,-0.0009841874469203567,RB,H15,FADE,TOP30,1
250,-8.386173976087185e-05,-0.00015299877600977174,0.368,0.0008738363928627599,-0.0008750064642654687,RB,H15,FOLLOW,ALL,2
14,0.00041396541808988836,0.00016507098052165325,0.5,0.0011819140392202363,-0.0006350019651865023,RB,H15,FOLLOW,TOP30,2
250,8.386173976087185e-05,0.00015299877600977174,0.5,0.0008750064642654687,-0.0008738363928627599,RB,H15,FADE,ALL,2
14,-0.00041396541808988836,-0.00016507098052165325,0.2857142857142857,0.0006350019651865023,-0.0011819140392202363,RB,H15,FADE,TOP30,2
250,-0.0002278926620461199,0.0,0.304,0.0008297001717261278,-0.0011160337044344847,I,H5,FOLLOW,ALL,0
34,-0.0005428073257730701,-0.0003073140749846326,0.14705882352941177,0.0008172332537316,-0.001232294567879828,I,H5,FOLLOW,TOP30,0
250,0.0002278926620461199,0.0,0.46,0.0011160337044344847,-0.0008297001717261278,I,H5,FADE,ALL,0
34,0.0005428073257730701,0.0003073140749846326,0.5,0.001232294567879828,-0.0008172332537316,I,H5,FADE,TOP30,0
250,-9.464501634058031e-05,0.0,0.36,0.0010122664394464596,-0.0011613560030858854,I,H5,FOLLOW,ALL,1
48,-0.00023731454716190842,0.0,0.3541666666666667,0.0010923814467264092,-0.0012228857007990461,I,H5,FOLLOW,TOP30,1
250,9.464501634058031e-05,0.0,0.42,0.0011613560030858854,-0.0010122664394464596,I,H5,FADE,ALL,1
48,0.00023731454716190842,0.0,0.3958333333333333,0.0012228857007990461,-0.0010923814467264092,I,H5,FADE,TOP30,1
250,6.703676298734518e-05,0.0,0.392,0.001090442461105757,-0.0010565289611041435,I,H5,FOLLOW,ALL,2
37,0.0001002485794187467,0.0,0.40540540540540543,0.0013349215650250367,-0.001164992537518858,I,H5,FOLLOW,TOP30,2
250,-6.703676298734518e-05,0.0,0.436,0.0010565289611041435,-0.001090442461105757,I,H5,FADE,ALL,2
37,-0.0001002485794187467,0.0,0.43243243243243246,0.001164992537518858,-0.0013349215650250367,I,H5,FADE,TOP30,2
250,-0.00034400620778518,-0.0006140620781505124,0.368,0.0014812002005391788,-0.001779836717070605,I,H15,FOLLOW,ALL,0
34,-0.000581273878524694,-0.0006423776140684345,0.2647058823529412,0.0015468708761598611,-0.0020125010123475118,I,H15,FOLLOW,TOP30,0
250,0.00034400620778518,0.0006140620781505124,0.508,0.001779836717070605,-0.0014812002005391788,I,H15,FADE,ALL,0
34,0.000581273878524694,0.0006423776140684345,0.6470588235294118,0.0020125010123475118,-0.0015468708761598611,I,H15,FADE,TOP30,0
250,-6.538899364294881e-05,0.0,0.392,0.001652355840651191,-0.0017505418025724176,I,H15,FOLLOW,ALL,1
48,-0.00035594177026974466,0.0,0.3958333333333333,0.0017267633937162648,-0.0018809518408093192,I,H15,FOLLOW,TOP30,1
250,6.538899364294881e-05,0.0,0.476,0.0017505418025724176,-0.001652355840651191,I,H15,FADE,ALL,1
48,0.00035594177026974466,0.0,0.4791666666666667,0.0018809518408093192,-0.0017267633937162648,I,H15,FADE,TOP30,1
250,-0.0001588490081754559,0.0,0.38,0.0017861499479134206,-0.0016901825829542618,I,H15,FOLLOW,ALL,2
37,-0.0006060866344838285,0.0,0.3783783783783784,0.00208848481574299,-0.0022591987983978747,I,H15,FOLLOW,TOP30,2
250,0.0001588490081754559,0.0,0.468,0.0016901825829542618,-0.0017861499479134206,I,H15,FADE,ALL,2
37,0.0006060866344838285,0.0,0.4864864864864865,0.0022591987983978747,-0.00208848481574299,I,H15,FADE,TOP30,2
338,-5.597463911960969e-06,-0.00022185777771044357,0.378698224852071,0.0008677725057351655,-0.0007764752789855831,SC,H5,FOLLOW,ALL,0
69,-5.697278651702033e-05,-0.0002225820303420889,0.37681159420289856,0.0009830954350994925,-0.0009133678078918917,SC,H5,FOLLOW,TOP30,0
338,5.597463911960969e-06,0.00022185777771044357,0.5266272189349113,0.0007764752789855831,-0.0008677725057351655,SC,H5,FADE,ALL,0
69,5.697278651702033e-05,0.0002225820303420889,0.5797101449275363,0.0009133678078918917,-0.0009830954350994925,SC,H5,FADE,TOP30,0
338,-3.947021362057491e-05,-0.0002171604681694972,0.40828402366863903,0.0013901119495241595,-0.0014149604958442362,SC,H5,FOLLOW,ALL,1
177,-7.59447288979396e-05,-0.00022759696154939224,0.4067796610169492,0.0015826386130821544,-0.0017232695885401094,SC,H5,FOLLOW,TOP30,1
338,3.947021362057491e-05,0.0002171604681694972,0.5384615384615384,0.0014149604958442362,-0.0013901119495241595,SC,H5,FADE,ALL,1
177,7.59447288979396e-05,0.00022759696154939224,0.5423728813559322,0.0017232695885401094,-0.0015826386130821544,SC,H5,FADE,TOP30,1
338,-0.00023551945861908447,-0.0002341443182549141,0.4526627218934911,0.003382753260003838,-0.0031010951213172482,SC,H5,FOLLOW,ALL,2
303,-0.0002828033495999593,-0.0002702502548699304,0.44884488448844884,0.0034585483162810496,-0.0032676514203229838,SC,H5,FOLLOW,TOP30,2
338,0.00023551945861908447,0.0002341443182549141,0.5207100591715976,0.0031010951213172482,-0.003382753260003838,SC,H5,FADE,ALL,2
303,0.0002828033495999593,0.0002702502548699304,0.5247524752475248,0.0032676514203229838,-0.0034585483162810496,SC,H5,FADE,TOP30,2
338,0.00015316853029210284,-0.00015403036608896414,0.45857988165680474,0.0017808730294115347,-0.001448530362931061,SC,H5,FOLLOW,ALL,3
210,0.0003304192842531763,0.0,0.49523809523809526,0.002097110912517649,-0.0015225054025406303,SC,H5,FOLLOW,TOP30,3
338,-0.00015316853029210284,0.00015403036608896414,0.5059171597633136,0.001448530362931061,-0.0017808730294115347,SC,H5,FADE,ALL,3
210,-0.0003304192842531763,0.0,0.47619047619047616,0.0015225054025406303,-0.002097110912517649,SC,H5,FADE,TOP30,3
338,0.00015246920317136197,0.0,0.45857988165680474,0.0018298986756146757,-0.0014954085670935606,SC,H5,FOLLOW,ALL,4
223,8.62834341719768e-05,0.0,0.47085201793721976,0.0018208298302770198,-0.001576518665023046,SC,H5,FOLLOW,TOP30,4
338,-0.00015246920317136197,0.0,0.4940828402366864,0.0014954085670935606,-0.0018298986756146757,SC,H5,FADE,ALL,4
223,-8.62834341719768e-05,0.0,0.484304932735426,0.001576518665023046,-0.0018208298302770198,SC,H5,FADE,TOP30,4
338,6.686132624809978e-05,-0.0001944356513854384,0.4319526627218935,0.0016323020402520569,-0.0014074482259151296,SC,H5,FOLLOW,ALL,5
226,8.600695497541814e-05,-0.00019341591991350882,0.42920353982300885,0.0017565973599790504,-0.001515774671420035,SC,H5,FOLLOW,TOP30,5
338,-6.686132624809978e-05,0.0001944356513854384,0.5266272189349113,0.0014074482259151296,-0.0016323020402520569,SC,H5,FADE,ALL,5
226,-8.600695497541814e-05,0.00019341591991350882,0.5309734513274337,0.001515774671420035,-0.0017565973599790504,SC,H5,FADE,TOP30,5
333,6.0739319724537646e-05,-0.00017075249519638014,0.4594594594594595,0.0017304100098376371,-0.0014547563516803203,SC,H5,FOLLOW,ALL,6
201,-3.0972673532725755e-05,-0.00033900374073092543,0.417910447761194,0.0017020809904461226,-0.0016163121482366642,SC,H5,FOLLOW,TOP30,6
333,-6.0739319724537646e-05,0.00017075249519638014,0.5165165165165165,0.0014547563516803203,-0.0017304100098376371,SC,H5,FADE,ALL,6
201,3.0972673532725755e-05,0.00033900374073092543,0.5621890547263682,0.0016163121482366642,-0.0017020809904461226,SC,H5,FADE,TOP30,6
338,1.5892708144171106e-05,-0.0002241286072885429,0.39349112426035504,0.0014554435581472546,-0.0013508706286782426,SC,H15,FOLLOW,ALL,0
68,-5.2174346987080825e-05,-0.00022301888837139572,0.39705882352941174,0.0015402153337991191,-0.0015374213807303652,SC,H15,FOLLOW,TOP30,0
338,-1.5892708144171106e-05,0.0002241286072885429,0.5236686390532544,0.0013508706286782426,-0.0014554435581472546,SC,H15,FADE,ALL,0
68,5.2174346987080825e-05,0.00022301888837139572,0.5147058823529411,0.0015374213807303652,-0.0015402153337991191,SC,H15,FADE,TOP30,0
338,0.0002881068355238989,-0.00010535830407659708,0.46153846153846156,0.002655487965283533,-0.002177991546197031,SC,H15,FOLLOW,ALL,1
179,0.000442657533286619,-0.00046181529488009687,0.4581005586592179,0.0032431562204865163,-0.0025985235469707857,SC,H15,FOLLOW,TOP30,1
338,-0.0002881068355238989,0.00010535830407659708,0.5,0.002177991546197031,-0.002655487965283533,SC,H15,FADE,ALL,1
179,-0.000442657533286619,0.00046181529488009687,0.5307262569832403,0.0025985235469707857,-0.0032431562204865163,SC,H15,FADE,TOP30,1
338,0.0005469265405998898,7.603878302686606e-05,0.5,0.005970032980946299,-0.005080752665020159,SC,H15,FOLLOW,ALL,2
303,0.0004615717378577095,0.00027511995465101524,0.5148514851485149,0.006092869880394489,-0.005340890919625461,SC,H15,FOLLOW,TOP30,2
338,-0.0005469265405998898,-7.603878302686606e-05,0.4881656804733728,0.005080752665020159,-0.005970032980946299,SC,H15,FADE,ALL,2
303,-0.0004615717378577095,-0.00027511995465101524,0.47854785478547857,0.005340890919625461,-0.006092869880394489,SC,H15,FADE,TOP30,2
338,8.26410374830019e-05,-0.00015751679160896925,0.4556213017751479,0.002711251606820847,-0.002348200490376435,SC,H15,FOLLOW,ALL,3
209,0.0002691265476326651,0.0,0.48325358851674644,0.0032362381117050625,-0.0025443313555777924,SC,H15,FOLLOW,TOP30,3
338,-8.26410374830019e-05,0.00015751679160896925,0.5177514792899408,0.002348200490376435,-0.002711251606820847,SC,H15,FADE,ALL,3
209,-0.0002691265476326651,0.0,0.49760765550239233,0.0025443313555777924,-0.0032362381117050625,SC,H15,FADE,TOP30,3
338,0.00021348337745032725,-0.00020616586556909677,0.4378698224852071,0.003102720309988054,-0.002594231144053913,SC,H15,FOLLOW,ALL,4
224,-0.00023134999027506507,-0.00031476951820191834,0.42410714285714285,0.0029240157658469053,-0.0027344092501001608,SC,H15,FOLLOW,TOP30,4
338,-0.00021348337745032725,0.00020616586556909677,0.5266272189349113,0.002594231144053913,-0.003102720309988054,SC,H15,FADE,ALL,4
224,0.00023134999027506507,0.00031476951820191834,0.5401785714285714,0.0027344092501001608,-0.0029240157658469053,SC,H15,FADE,TOP30,4
338,0.000339942192136324,0.0,0.47337278106508873,0.002808714789407243,-0.0023147183932820657,SC,H15,FOLLOW,ALL,5
226,0.0004717074096150962,8.603750941266197e-05,0.5,0.0030795112513303914,-0.0025066105492513534,SC,H15,FOLLOW,TOP30,5
338,-0.000339942192136324,0.0,0.4911242603550296,0.0023147183932820657,-0.002808714789407243,SC,H15,FADE,ALL,5
226,-0.0004717074096150962,-8.603750941266197e-05,0.4778761061946903,0.0025066105492513534,-0.0030795112513303914,SC,H15,FADE,TOP30,5
331,0.0002961060982088213,-0.00017748196006395212,0.4652567975830816,0.0030438324797144155,-0.002446760541589097,SC,H15,FOLLOW,ALL,6
199,0.00011356138632720154,-0.00018227089505473693,0.457286432160804,0.0029533607871139313,-0.0027222519727738066,SC,H15,FOLLOW,TOP30,6
331,-0.0002961060982088213,0.00017748196006395212,0.5105740181268882,0.002446760541589097,-0.0030438324797144155,SC,H15,FADE,ALL,6
199,-0.00011356138632720154,0.00018227089505473693,0.5326633165829145,0.0027222519727738066,-0.0029533607871139313,SC,H15,FADE,TOP30,6
250,-5.1625136267335226e-05,0.0,0.392,0.0011444702974592275,-0.0010782610372639808,RU,H5,FOLLOW,ALL,0
53,-0.0001489097178516293,0.0,0.4339622641509434,0.0013224512980575275,-0.0012293088706551321,RU,H5,FOLLOW,TOP30,0
250,5.1625136267335226e-05,0.0,0.492,0.0010782610372639808,-0.0011444702974592275,RU,H5,FADE,ALL,0
53,0.0001489097178516293,0.0,0.4716981132075472,0.0012293088706551321,-0.0013224512980575275,RU,H5,FADE,TOP30,0
250,7.707008659222847e-05,-0.00029192819188605945,0.436,0.0013581628973370376,-0.0011464848029689421,RU,H5,FOLLOW,ALL,1
69,8.048519643306598e-05,-0.0002956830277942579,0.391304347826087,0.0015309915516263156,-0.001339688606653576,RU,H5,FOLLOW,TOP30,1
250,-7.707008659222847e-05,0.00029192819188605945,0.508,0.0011464848029689421,-0.0013581628973370376,RU,H5,FADE,ALL,1
69,-8.048519643306598e-05,0.0002956830277942579,0.5362318840579711,0.001339688606653576,-0.0015309915516263156,RU,H5,FADE,TOP30,1
250,-7.45260556497489e-05,-0.00028256589957353917,0.404,0.001149199915420631,-0.0011016366100369192,RU,H5,FOLLOW,ALL,2
81,-0.00016884965958160374,0.0,0.4567901234567901,0.0012148559764193613,-0.00124428758655903,RU,H5,FOLLOW,TOP30,2
250,7.45260556497489e-05,0.00028256589957353917,0.552,0.0011016366100369192,-0.001149199915420631,RU,H5,FADE,ALL,2
81,0.00016884965958160374,0.0,0.48148148148148145,0.00124428758655903,-0.0012148559764193613,RU,H5,FADE,TOP30,2
250,-5.0699690162052666e-06,0.0,0.42,0.0018096957979008316,-0.0017330707434457637,RU,H15,FOLLOW,ALL,0
52,-0.0003260681770875112,-0.0003126054877147233,0.40384615384615385,0.0020341084800414746,-0.0021833723518858428,RU,H15,FOLLOW,TOP30,0
250,5.0699690162052666e-06,0.0,0.484,0.0017330707434457637,-0.0018096957979008316,RU,H15,FADE,ALL,0
52,0.0003260681770875112,0.0003126054877147233,0.5576923076923077,0.0021833723518858428,-0.0020341084800414746,RU,H15,FADE,TOP30,0
250,0.0002451205339366758,-0.0002962963223085979,0.456,0.002478039241961549,-0.001930377598343564,RU,H15,FOLLOW,ALL,1
70,0.0005125493660630262,-0.0008894187645296925,0.4142857142857143,0.0029096390743606594,-0.0022719177487802865,RU,H15,FOLLOW,TOP30,1
250,-0.0002451205339366758,0.0002962963223085979,0.516,0.001930377598343564,-0.002478039241961549,RU,H15,FADE,ALL,1
70,-0.0005125493660630262,0.0008894187645296925,0.5571428571428572,0.0022719177487802865,-0.0029096390743606594,RU,H15,FADE,TOP30,1
250,-0.00015981229218414673,-0.00028304577442223033,0.376,0.0017788863795658192,-0.0017532366349264415,RU,H15,FOLLOW,ALL,2
80,-0.00018742531087716368,-0.00014033118158851554,0.4125,0.0018532465631424786,-0.0018294047102817748,RU,H15,FOLLOW,TOP30,2
250,0.00015981229218414673,0.00028304577442223033,0.528,0.0017532366349264415,-0.0017788863795658192,RU,H15,FADE,ALL,2
80,0.00018742531087716368,0.00014033118158851554,0.5,0.0018294047102817748,-0.0018532465631424786,RU,H15,FADE,TOP30,2
250,-0.00019049074678402711,-0.0004521836493336373,0.348,0.0011316892558452417,-0.001292666689879388,MA,H5,FOLLOW,ALL,0
129,-8.470889263959756e-05,-0.0004355400696863798,0.3798449612403101,0.0012269609087251399,-0.0012668308900725578,MA,H5,FOLLOW,TOP30,0
250,0.00019049074678402711,0.0004521836493336373,0.556,0.001292666689879388,-0.0011316892558452417,MA,H5,FADE,ALL,0
129,8.470889263959756e-05,0.0004355400696863798,0.5116279069767442,0.0012668308900725578,-0.0012269609087251399,MA,H5,FADE,TOP30,0
250,-0.00011303211513089861,0.0,0.464,0.002701525305854644,-0.0026379070445725476,MA,H5,FOLLOW,ALL,1
222,-6.140587338429667e-05,0.0,0.4864864864864865,0.0029517748886781904,-0.0028040981470031485,MA,H5,FOLLOW,TOP30,1
250,0.00011303211513089861,0.0,0.476,0.0026379070445725476,-0.002701525305854644,MA,H5,FADE,ALL,1
222,6.140587338429667e-05,0.0,0.45045045045045046,0.0028040981470031485,-0.0029517748886781904,MA,H5,FADE,TOP30,1
250,-0.00015385766840790094,-0.00034281941408548233,0.368,0.001436219691067627,-0.0013971941710595774,MA,H5,FOLLOW,ALL,2
103,-0.00019567935302345875,-0.00040080160320643543,0.36893203883495146,0.0015863219570844242,-0.0016162068754103044,MA,H5,FOLLOW,TOP30,2
250,0.00015385766840790094,0.00034281941408548233,0.536,0.0013971941710595774,-0.001436219691067627,MA,H5,FADE,ALL,2
103,0.00019567935302345875,0.00040080160320643543,0.5436893203883495,0.0016162068754103044,-0.0015863219570844242,MA,H5,FADE,TOP30,2
250,6.763796385656473e-05,-0.0004411116012351113,0.424,0.0019905965782237005,-0.0020016550061848436,MA,H15,FOLLOW,ALL,0
129,0.00010328682256120952,0.0,0.43410852713178294,0.0022134331106680016,-0.002036824734586869,MA,H15,FOLLOW,TOP30,0
250,-6.763796385656473e-05,0.0004411116012351113,0.508,0.0020016550061848436,-0.0019905965782237005,MA,H15,FADE,ALL,0
129,-0.00010328682256120952,0.0,0.4728682170542636,0.002036824734586869,-0.0022134331106680016,MA,H15,FADE,TOP30,0
250,8.777043926700978e-05,-0.00044693239585724687,0.432,0.004622107186509255,-0.004309592022479005,MA,H15,FOLLOW,ALL,1
224,0.00011138560022798989,-0.0005048672833907752,0.4375,0.004994811377067128,-0.004594833101471631,MA,H15,FOLLOW,TOP30,1
250,-8.777043926700978e-05,0.00044693239585724687,0.528,0.004309592022479005,-0.004622107186509255,MA,H15,FADE,ALL,1
224,-0.00011138560022798989,0.0005048672833907752,0.53125,0.004594833101471631,-0.004994811377067128,MA,H15,FADE,TOP30,1
250,-0.00014578800327762353,-0.00034465383284992823,0.432,0.002286017668842976,-0.0023437953486039804,MA,H15,FOLLOW,ALL,2
105,0.0001880076810573815,0.0,0.4857142857142857,0.0025883484386575164,-0.0023626853599357906,MA,H15,FOLLOW,TOP30,2
250,0.00014578800327762353,0.00034465383284992823,0.516,0.0023437953486039804,-0.002286017668842976,MA,H15,FADE,ALL,2
105,-0.0001880076810573815,0.0,0.44761904761904764,0.0023626853599357906,-0.0025883484386575164,MA,H15,FADE,TOP30,2
250,2.985648898657134e-05,0.0,0.412,0.0013883891733068388,-0.0013081756980320885,TA,H5,FOLLOW,ALL,0
122,1.8159951894756384e-05,0.0,0.4426229508196721,0.0015512115553259751,-0.0015796666909965874,TA,H5,FOLLOW,TOP30,0
250,-2.985648898657134e-05,0.0,0.464,0.0013081756980320885,-0.0013883891733068388,TA,H5,FADE,ALL,0
122,-1.8159951894756384e-05,0.0,0.48360655737704916,0.0015796666909965874,-0.0015512115553259751,TA,H5,FADE,TOP30,0
250,0.00017972429010306711,0.0002905712724936005,0.508,0.0027039071395125306,-0.002455663468001262,TA,H5,FOLLOW,ALL,1
228,0.00023309040040856072,0.0002905712724936005,0.5087719298245614,0.0028620610961897224,-0.0025497244008511875,TA,H5,FOLLOW,TOP30,1
250,-0.00017972429010306711,-0.0002905712724936005,0.452,0.002455663468001262,-0.0027039071395125306,TA,H5,FADE,ALL,1
228,-0.00023309040040856072,-0.0002905712724936005,0.45614035087719296,0.0025497244008511875,-0.0028620610961897224,TA,H5,FADE,TOP30,1
250,-0.00023422759123894066,-0.0003226639669945408,0.404,0.0013776436780252,-0.0015884950112491243,TA,H5,FOLLOW,ALL,2
125,-0.00038738875263454097,-0.0003462603878116033,0.352,0.0012641185093713672,-0.0016728839577188027,TA,H5,FOLLOW,TOP30,2
250,0.00023422759123894066,0.0003226639669945408,0.528,0.0015884950112491243,-0.0013776436780252,TA,H5,FADE,ALL,2
125,0.00038738875263454097,0.0003462603878116033,0.56,0.0016728839577188027,-0.0012641185093713672,TA,H5,FADE,TOP30,2
250,0.0002285377315530064,0.0,0.48,0.0024175519964197752,-0.002073438488894206,TA,H15,FOLLOW,ALL,0
124,3.570136886503707e-05,0.0,0.4596774193548387,0.0027197076099190844,-0.0024592746268470318,TA,H15,FOLLOW,TOP30,0
250,-0.0002285377315530064,0.0,0.436,0.002073438488894206,-0.0024175519964197752,TA,H15,FADE,ALL,0
124,-3.570136886503707e-05,0.0,0.46774193548387094,0.0024592746268470318,-0.0027197076099190844,TA,H15,FADE,TOP30,0
250,-1.0422535852651293e-05,0.0003537045835312891,0.508,0.004514262447403861,-0.004116797260133262,TA,H15,FOLLOW,ALL,1
228,6.359013410661258e-05,0.0006059804885482079,0.5219298245614035,0.004812787461394536,-0.004301422397504765,TA,H15,FOLLOW,TOP30,1
250,1.0422535852651293e-05,-0.0003537045835312891,0.46,0.004116797260133262,-0.004514262447403861,TA,H15,FADE,ALL,1
228,-6.359013410661258e-05,-0.0006059804885482079,0.4517543859649123,0.004301422397504765,-0.004812787461394536,TA,H15,FADE,TOP30,1
250,-0.0003337827887098248,-0.0006312147811636803,0.364,0.0023451542259146515,-0.0026401092735677248,TA,H15,FOLLOW,ALL,2
125,-0.0005978158107704941,-0.0009469696969697239,0.312,0.002270776582702615,-0.0028310935906024656,TA,H15,FOLLOW,TOP30,2
250,0.0003337827887098248,0.0006312147811636803,0.572,0.0026401092735677248,-0.0023451542259146515,TA,H15,FADE,ALL,2
125,0.0005978158107704941,0.0009469696969697239,0.608,0.0028310935906024656,-0.002270776582702615,TA,H15,FADE,TOP30,2
250,-0.00011839435545569987,0.0,0.312,0.0005522690281303287,-0.0006972594417429807,M,H5,FOLLOW,ALL,0
52,-0.00020432186895108506,-0.00016404199475061887,0.3269230769230769,0.0005389803047053494,-0.0007435917881558896,M,H5,FOLLOW,TOP30,0
250,0.00011839435545569987,0.0,0.472,0.0006972594417429807,-0.0005522690281303287,M,H5,FADE,ALL,0
52,0.00020432186895108506,0.00016404199475061887,0.5,0.0007435917881558896,-0.0005389803047053494,M,H5,FADE,TOP30,0
250,-7.054589304356318e-05,0.0,0.376,0.0008766624945919044,-0.0009748563905997921,M,H5,FOLLOW,ALL,1
97,2.8229457348018452e-05,0.0,0.4329896907216495,0.0011250204181747548,-0.0011557355630724836,M,H5,FOLLOW,TOP30,1
250,7.054589304356318e-05,0.0,0.488,0.0009748563905997921,-0.0008766624945919044,M,H5,FADE,ALL,1
97,-2.8229457348018452e-05,0.0,0.4329896907216495,0.0011557355630724836,-0.0011250204181747548,M,H5,FADE,TOP30,1
250,-3.089246745179519e-06,0.0,0.372,0.0006637639544450544,-0.0006680930353730474,M,H5,FOLLOW,ALL,2
38,-1.9048176772439834e-05,0.0,0.3684210526315789,0.0006233839854596415,-0.000667374251179631,M,H5,FOLLOW,TOP30,2
250,3.089246745179519e-06,0.0,0.44,0.0006680930353730474,-0.0006637639544450544,M,H5,FADE,ALL,2
38,1.9048176772439834e-05,0.0,0.42105263157894735,0.000667374251179631,-0.0006233839854596415,M,H5,FADE,TOP30,2
250,-0.00010699585639800758,0.0,0.4,0.0009312133074075044,-0.0010824864888951868,M,H15,FOLLOW,ALL,0
53,-0.00027784059827740755,-0.00035149384885768686,0.37735849056603776,0.0008823175448660238,-0.0012750538789590164,M,H15,FOLLOW,TOP30,0
250,0.00010699585639800758,0.0,0.496,0.0010824864888951868,-0.0009312133074075044,M,H15,FADE,ALL,0
53,0.00027784059827740755,0.00035149384885768686,0.5094339622641509,0.0012750538789590164,-0.0008823175448660238,M,H15,FADE,TOP30,0
250,-0.00021011676224582976,-0.0003350645845547895,0.372,0.0014283710776748402,-0.0015528967846097491,M,H15,FOLLOW,ALL,1
98,-0.00010257176767657224,0.0,0.41836734693877553,0.0019375033822321194,-0.0018442283506794718,M,H15,FOLLOW,TOP30,1
250,0.00021011676224582976,0.0003350645845547895,0.536,0.0015528967846097491,-0.0014283710776748402,M,H15,FADE,ALL,1
98,0.00010257176767657224,0.0,0.4897959183673469,0.0018442283506794718,-0.0019375033822321194,M,H15,FADE,TOP30,1
250,-0.0001314253269606467,0.0,0.372,0.0011022157676799705,-0.00108337246479458,M,H15,FOLLOW,ALL,2
37,1.6532307211193456e-05,-0.000328623069339562,0.32432432432432434,0.0010389487943498177,-0.0009383063769661189,M,H15,FOLLOW,TOP30,2
250,0.0001314253269606467,0.0,0.496,0.00108337246479458,-0.0011022157676799705,M,H15,FADE,ALL,2
37,-1.6532307211193456e-05,0.000328623069339562,0.5405405405405406,0.0009383063769661189,-0.0010389487943498177,M,H15,FADE,TOP30,2
250,-6.0738195674340467e-05,-0.00011183179275209287,0.388,0.0008394402893279556,-0.0008421814827497025,P,H5,FOLLOW,ALL,0
99,8.428284558622848e-05,0.0,0.4444444444444444,0.0008390011446338372,-0.0007801933884424705,P,H5,FOLLOW,TOP30,0
250,6.0738195674340467e-05,0.00011183179275209287,0.5,0.0008421814827497025,-0.0008394402893279556,P,H5,FADE,ALL,0
99,-8.428284558622848e-05,0.0,0.43434343434343436,0.0007801933884424705,-0.0008390011446338372,P,H5,FADE,TOP30,0
250,1.9097844118686425e-05,-0.00010066437504480108,0.444,0.0010997208316458726,-0.001016819395988033,P,H5,FOLLOW,ALL,1
77,1.6261391890140208e-05,-0.0002017756056248432,0.4155844155844156,0.0010881621023815246,-0.0010287665212164075,P,H5,FOLLOW,TOP30,1
250,-1.9097844118686425e-05,0.00010066437504480108,0.5,0.001016819395988033,-0.0010997208316458726,P,H5,FADE,ALL,1
77,-1.6261391890140208e-05,0.0002017756056248432,0.5194805194805194,0.0010287665212164075,-0.0010881621023815246,P,H5,FADE,TOP30,1
250,-1.242994267639741e-06,-0.0001028810412060932,0.448,0.0009480341621468353,-0.0008973363673768478,P,H5,FOLLOW,ALL,2
60,1.5472275791489354e-05,0.0,0.45,0.0009527492180427921,-0.000762340001140253,P,H5,FOLLOW,TOP30,2
250,1.242994267639741e-06,0.0001028810412060932,0.504,0.0008973363673768478,-0.0009480341621468353,P,H5,FADE,ALL,2
60,-1.5472275791489354e-05,0.0,0.48333333333333334,0.000762340001140253,-0.0009527492180427921,P,H5,FADE,TOP30,2
250,-0.00011003939888219483,-0.000107683200009423,0.428,0.0007930952008727741,-0.0008302730408286453,P,H5,FOLLOW,ALL,3
67,-5.2793472592596466e-05,-0.00010964911106592368,0.40298507462686567,0.000854014306913072,-0.0007516290556360231,P,H5,FOLLOW,TOP30,3
250,0.00011003939888219483,0.000107683200009423,0.54,0.0008302730408286453,-0.0007930952008727741,P,H5,FADE,ALL,3
67,5.2793472592596466e-05,0.00010964911106592368,0.582089552238806,0.0007516290556360231,-0.000854014306913072,P,H5,FADE,TOP30,3
250,7.239520518209109e-05,-0.00022825879119303671,0.456,0.0014231076238311368,-0.0013684787424292795,P,H15,FOLLOW,ALL,0
99,0.0003097148433661106,0.00023546029786425393,0.5252525252525253,0.0014581469837526334,-0.0012433293151591352,P,H15,FOLLOW,TOP30,0
250,-7.239520518209109e-05,0.00022825879119303671,0.504,0.0013684787424292795,-0.0014231076238311368,P,H15,FADE,ALL,0
99,-0.0003097148433661106,-0.00023546029786425393,0.43434343434343436,0.0012433293151591352,-0.0014581469837526334,P,H15,FADE,TOP30,0
250,0.00010277720406034074,0.0,0.452,0.001949337550597099,-0.0016961156233669511,P,H15,FOLLOW,ALL,1
79,-0.0002875379449456163,-0.00022148391846155135,0.35443037974683544,0.0016925418978596385,-0.0018307064201820353,P,H15,FOLLOW,TOP30,1
250,-0.00010277720406034074,0.0,0.484,0.0016961156233669511,-0.001949337550597099,P,H15,FADE,ALL,1
79,0.0002875379449456163,0.00022148391846155135,0.569620253164557,0.0018307064201820353,-0.0016925418978596385,P,H15,FADE,TOP30,1
250,0.0002484558807344999,0.0,0.496,0.0017014027348126422,-0.0013780371544699,P,H15,FOLLOW,ALL,2
58,0.0005626794804893426,0.0004110073038481321,0.5862068965517241,0.0017870499134197942,-0.0012031496209727952,P,H15,FOLLOW,TOP30,2
250,-0.0002484558807344999,0.0,0.472,0.0013780371544699,-0.0017014027348126422,P,H15,FADE,ALL,2
58,-0.0005626794804893426,-0.0004110073038481321,0.3620689655172414,0.0012031496209727952,-0.0017870499134197942,P,H15,FADE,TOP30,2
250,-0.00022706838652781068,-0.0003158310189237956,0.416,0.0013214999754090728,-0.0013768969576822573,P,H15,FOLLOW,ALL,3
67,0.00014165602294189793,0.00021231420304257398,0.5373134328358209,0.0014962863879513584,-0.0011066275186659238,P,H15,FOLLOW,TOP30,3
250,0.00022706838652781068,0.0003158310189237956,0.56,0.0013768969576822573,-0.0013214999754090728,P,H15,FADE,ALL,3
67,-0.00014165602294189793,-0.00021231420304257398,0.44776119402985076,0.0011066275186659238,-0.0014962863879513584,P,H15,FADE,TOP30,3
250,-0.00010057864500619206,0.0,0.368,0.0007770918941977336,-0.0009148162771182022,CF,H5,FOLLOW,ALL,0
105,-0.0001839282668608444,0.0,0.3904761904761905,0.0008162550493776428,-0.0011283674615493549,CF,H5,FOLLOW,TOP30,0
250,0.00010057864500619206,0.0,0.448,0.0009148162771182022,-0.0007770918941977336,CF,H5,FADE,ALL,0
105,0.0001839282668608444,0.0,0.45714285714285713,0.0011283674615493549,-0.0008162550493776428,CF,H5,FADE,TOP30,0
250,-0.0001301564267261486,-0.0003165352541499855,0.304,0.0008092688817966298,-0.0009838960750554549,CF,H5,FOLLOW,ALL,1
142,-0.00022547974084132283,-0.00032658422473164084,0.28169014084507044,0.000798765660954917,-0.0010527060243295473,CF,H5,FOLLOW,TOP30,1
250,0.0001301564267261486,0.0003165352541499855,0.552,0.0009838960750554549,-0.0008092688817966298,CF,H5,FADE,ALL,1
142,0.00022547974084132283,0.00032658422473164084,0.6056338028169014,0.0010527060243295473,-0.000798765660954917,CF,H5,FADE,TOP30,1
250,-9.969790698364012e-05,0.0,0.324,0.0006404375000489631,-0.0007813260958911359,CF,H5,FOLLOW,ALL,2
125,-4.016436589292471e-05,0.0,0.36,0.0007328730352197974,-0.0007954735018398882,CF,H5,FOLLOW,TOP30,2
250,9.969790698364012e-05,0.0,0.496,0.0007813260958911359,-0.0006404375000489631,CF,H5,FADE,ALL,2
125,4.016436589292471e-05,0.0,0.456,0.0007954735018398882,-0.0007328730352197974,CF,H5,FADE,TOP30,2
250,-9.169540685067634e-05,-0.00033990515752241324,0.376,0.0012992831677311133,-0.0014051378429451487,CF,H15,FOLLOW,ALL,0
106,-0.00012563262650206223,-0.0003422319668439089,0.37735849056603776,0.0014108332685493171,-0.001613156918239714,CF,H15,FOLLOW,TOP30,0
250,9.169540685067634e-05,0.00033990515752241324,0.536,0.0014051378429451487,-0.0012992831677311133,CF,H15,FADE,ALL,0
106,0.00012563262650206223,0.0003422319668439089,0.5566037735849056,0.001613156918239714,-0.0014108332685493171,CF,H15,FADE,TOP30,0
250,-0.00020009651694099696,-0.0003208233957862072,0.364,0.001332580501101889,-0.0015572657878118897,CF,H15,FOLLOW,ALL,1
142,-0.00046919700476283355,-0.0004614217810218757,0.31690140845070425,0.0012577966987279451,-0.001774634876704337,CF,H15,FOLLOW,TOP30,1
250,0.00020009651694099696,0.0003208233957862072,0.548,0.0015572657878118897,-0.001332580501101889,CF,H15,FADE,ALL,1
142,0.00046919700476283355,0.0004614217810218757,0.6056338028169014,0.001774634876704337,-0.0012577966987279451,CF,H15,FADE,TOP30,1
250,-7.816825671561922e-05,-0.000306046429206952,0.328,0.0011028926484174474,-0.0011819115424064552,CF,H15,FOLLOW,ALL,2
124,6.847652761523029e-05,0.0,0.3790322580645161,0.0013023217188714898,-0.001190994305828496,CF,H15,FOLLOW,TOP30,2
250,7.816825671561922e-05,0.000306046429206952,0.504,0.0011819115424064552,-0.0011028926484174474,CF,H15,FADE,ALL,2
124,-6.847652761523029e-05,0.0,0.47580645161290325,0.001190994305828496,-0.0013023217188714898,CF,H15,FADE,TOP30,2
