horizon,approx_minutes,feature_set,model,quantile,fold,train_rows,test_rows,purge_rows,pinball_loss,baseline_pinball_loss,pinball_skill,calibration,calibration_error,baseline_calibration
4,60,F1_DIRECTION,linear_qr,0.1,0,1000,450,4,0.0022367331242470517,0.0022131635591266297,-0.010649716792609398,0.11555555555555555,0.015555555555555545,0.14222222222222222
4,60,F1_DIRECTION,linear_qr,0.5,0,1000,450,4,0.003936230394895552,0.0038965812717716643,-0.010175361517831272,0.5355555555555556,0.03555555555555556,0.5333333333333333
4,60,F1_DIRECTION,linear_qr,0.9,0,1000,450,4,0.0020139694704644625,0.0019876491681571676,-0.013241925551528588,0.8688888888888889,-0.03111111111111109,0.8622222222222222
4,60,F1_DIRECTION,linear_qr,0.1,1,1450,450,4,0.0015947542823103137,0.001600511023573019,0.0035968145035664145,0.06,-0.04000000000000001,0.057777777777777775
4,60,F1_DIRECTION,linear_qr,0.5,1,1450,450,4,0.003053514490901386,0.0030266058746611806,-0.008890690547284308,0.5044444444444445,0.004444444444444473,0.5133333333333333
4,60,F1_DIRECTION,linear_qr,0.9,1,1450,450,4,0.0018359706612832163,0.001875722676738755,0.021192906578628046,0.8933333333333333,-0.00666666666666671,0.8955555555555555
4,60,F1_DIRECTION,linear_qr,0.1,2,1900,450,4,0.0016377034919946717,0.0016032818951619134,-0.021469460197005574,0.08444444444444445,-0.015555555555555559,0.08
4,60,F1_DIRECTION,linear_qr,0.5,2,1900,450,4,0.0028671369274695215,0.0028605489099869834,-0.002303060597753648,0.49777777777777776,-0.0022222222222222365,0.48444444444444446
4,60,F1_DIRECTION,linear_qr,0.9,2,1900,450,4,0.0014633540457892177,0.001441514368876182,-0.015150509342520158,0.9022222222222223,0.0022222222222222365,0.8977777777777778
4,60,F1_DIRECTION,linear_qr,0.1,3,2350,450,4,0.001341518504752317,0.0013498345857777092,0.006160814897627431,0.04888888888888889,-0.051111111111111114,0.042222222222222223
4,60,F1_DIRECTION,linear_qr,0.5,3,2350,450,4,0.0026093479760278112,0.0025854804636983035,-0.00923136440774619,0.4288888888888889,-0.07111111111111112,0.42
4,60,F1_DIRECTION,linear_qr,0.9,3,2350,450,4,0.0012448888750770204,0.0012546179649508802,0.007754623435701213,0.9044444444444445,0.004444444444444473,0.9088888888888889
4,60,F1_DIRECTION,linear_qr,0.1,4,2800,450,4,0.0016168626787542114,0.001627214706834306,0.006361808332124852,0.08222222222222222,-0.01777777777777778,0.07555555555555556
4,60,F1_DIRECTION,linear_qr,0.5,4,2800,450,4,0.0028917710371080983,0.002896338645773347,0.0015770285259683048,0.4288888888888889,-0.07111111111111112,0.44
4,60,F1_DIRECTION,linear_qr,0.9,4,2800,450,4,0.0014989167929708737,0.0015010705420276313,0.0014348086891694534,0.9111111111111111,0.011111111111111072,0.9022222222222223
4,60,F1_DIRECTION,gbr_quantile,0.1,0,1000,450,4,0.0022243785870134066,0.0022131635591266297,-0.0050674193692230585,0.14666666666666667,0.04666666666666666,0.14222222222222222
4,60,F1_DIRECTION,gbr_quantile,0.5,0,1000,450,4,0.00399672548576641,0.0038965812717716643,-0.02570053259769778,0.5288888888888889,0.028888888888888853,0.5333333333333333
4,60,F1_DIRECTION,gbr_quantile,0.9,0,1000,450,4,0.0020033494705045695,0.0019876491681571676,-0.007898930353970934,0.8666666666666667,-0.033333333333333326,0.8622222222222222
4,60,F1_DIRECTION,gbr_quantile,0.1,1,1450,450,4,0.0014309547383232484,0.001600511023573019,0.10593884250247099,0.06444444444444444,-0.03555555555555556,0.057777777777777775
4,60,F1_DIRECTION,gbr_quantile,0.5,1,1450,450,4,0.003062027800928324,0.0030266058746611806,-0.011703514674208604,0.4955555555555556,-0.0044444444444444176,0.5133333333333333
4,60,F1_DIRECTION,gbr_quantile,0.9,1,1450,450,4,0.0018009511222766559,0.001875722676738755,0.039862798157402124,0.8844444444444445,-0.015555555555555545,0.8955555555555555
4,60,F1_DIRECTION,gbr_quantile,0.1,2,1900,450,4,0.0015264506666048344,0.0016032818951619134,0.047921222580337264,0.09333333333333334,-0.006666666666666668,0.08
4,60,F1_DIRECTION,gbr_quantile,0.5,2,1900,450,4,0.0028672020194037825,0.0028605489099869834,-0.002325815648028584,0.4777777777777778,-0.0222222222222222,0.48444444444444446
4,60,F1_DIRECTION,gbr_quantile,0.9,2,1900,450,4,0.0014712481443723774,0.001441514368876182,-0.020626763172243656,0.9133333333333333,0.013333333333333308,0.8977777777777778
4,60,F1_DIRECTION,gbr_quantile,0.1,3,2350,450,4,0.0012603888128081017,0.0013498345857777092,0.06626424742115578,0.06,-0.04000000000000001,0.042222222222222223
4,60,F1_DIRECTION,gbr_quantile,0.5,3,2350,450,4,0.002628773136816947,0.0025854804636983035,-0.016744536934816923,0.44,-0.06,0.42
4,60,F1_DIRECTION,gbr_quantile,0.9,3,2350,450,4,0.0011215204093216959,0.0012546179649508802,0.10608612290546571,0.9155555555555556,0.015555555555555545,0.9088888888888889
4,60,F1_DIRECTION,gbr_quantile,0.1,4,2800,450,4,0.0015645712372008298,0.001627214706834306,0.0384973595496485,0.07111111111111111,-0.028888888888888895,0.07555555555555556
4,60,F1_DIRECTION,gbr_quantile,0.5,4,2800,450,4,0.0028755641295725963,0.002896338645773347,0.007172682044990553,0.44,-0.06,0.44
4,60,F1_DIRECTION,gbr_quantile,0.9,4,2800,450,4,0.0014158399430972603,0.0015010705420276313,0.056779875791341805,0.9111111111111111,0.011111111111111072,0.9022222222222223
4,60,F2_ACTIVITY,linear_qr,0.1,0,1000,450,4,0.0022284295176332515,0.0022131635591266297,-0.0068977995068046916,0.11333333333333333,0.013333333333333322,0.14222222222222222
4,60,F2_ACTIVITY,linear_qr,0.5,0,1000,450,4,0.003929487162877292,0.0038965812717716643,-0.008444810671346836,0.5355555555555556,0.03555555555555556,0.5333333333333333
4,60,F2_ACTIVITY,linear_qr,0.9,0,1000,450,4,0.002017178532605627,0.0019876491681571676,-0.01485642683906696,0.8666666666666667,-0.033333333333333326,0.8622222222222222
4,60,F2_ACTIVITY,linear_qr,0.1,1,1450,450,4,0.0015834237543692863,0.001600511023573019,0.010676133404933785,0.06222222222222222,-0.037777777777777785,0.057777777777777775
4,60,F2_ACTIVITY,linear_qr,0.5,1,1450,450,4,0.0030446447656564245,0.0030266058746611806,-0.005960105723135545,0.5133333333333333,0.013333333333333308,0.5133333333333333
4,60,F2_ACTIVITY,linear_qr,0.9,1,1450,450,4,0.0018184594534044964,0.001875722676738755,0.030528619206022456,0.8955555555555555,-0.004444444444444473,0.8955555555555555
4,60,F2_ACTIVITY,linear_qr,0.1,2,1900,450,4,0.0016708988454977839,0.0016032818951619134,-0.04217408712710613,0.08222222222222222,-0.01777777777777778,0.08
4,60,F2_ACTIVITY,linear_qr,0.5,2,1900,450,4,0.0029012931829613775,0.0028605489099869834,-0.014243515582671673,0.5,0.0,0.48444444444444446
4,60,F2_ACTIVITY,linear_qr,0.9,2,1900,450,4,0.0015079237599581628,0.001441514368876182,-0.04606918426609519,0.8911111111111111,-0.008888888888888946,0.8977777777777778
4,60,F2_ACTIVITY,linear_qr,0.1,3,2350,450,4,0.0013464075741360564,0.0013498345857777092,0.002538838223409612,0.051111111111111114,-0.04888888888888889,0.042222222222222223
4,60,F2_ACTIVITY,linear_qr,0.5,3,2350,450,4,0.002614988449481876,0.0025854804636983035,-0.01141296025937244,0.4288888888888889,-0.07111111111111112,0.42
4,60,F2_ACTIVITY,linear_qr,0.9,3,2350,450,4,0.0012519323478075038,0.0012546179649508802,0.0021405855952983943,0.9066666666666666,0.006666666666666599,0.9088888888888889
4,60,F2_ACTIVITY,linear_qr,0.1,4,2800,450,4,0.0016138949896384723,0.001627214706834306,0.00818559292752874,0.07777777777777778,-0.022222222222222227,0.07555555555555556
4,60,F2_ACTIVITY,linear_qr,0.5,4,2800,450,4,0.0028863222112563204,0.002896338645773347,0.0034583091765335583,0.4311111111111111,-0.06888888888888889,0.44
4,60,F2_ACTIVITY,linear_qr,0.9,4,2800,450,4,0.0015016819176062297,0.0015010705420276313,-0.0004072930361904703,0.9111111111111111,0.011111111111111072,0.9022222222222223
4,60,F2_ACTIVITY,gbr_quantile,0.1,0,1000,450,4,0.0022577291983911533,0.0022131635591266297,-0.02013662256490001,0.15333333333333332,0.053333333333333316,0.14222222222222222
4,60,F2_ACTIVITY,gbr_quantile,0.5,0,1000,450,4,0.0040069127175924295,0.0038965812717716643,-0.0283149350996601,0.5355555555555556,0.03555555555555556,0.5333333333333333
4,60,F2_ACTIVITY,gbr_quantile,0.9,0,1000,450,4,0.002007509074207057,0.0019876491681571676,-0.009991655654353782,0.86,-0.040000000000000036,0.8622222222222222
4,60,F2_ACTIVITY,gbr_quantile,0.1,1,1450,450,4,0.0014297221744177257,0.001600511023573019,0.10670894897932048,0.06444444444444444,-0.03555555555555556,0.057777777777777775
4,60,F2_ACTIVITY,gbr_quantile,0.5,1,1450,450,4,0.003050514652174404,0.0030266058746611806,-0.00789953449617875,0.5022222222222222,0.0022222222222222365,0.5133333333333333
4,60,F2_ACTIVITY,gbr_quantile,0.9,1,1450,450,4,0.0017852738957461257,0.001875722676738755,0.048220764249589876,0.8866666666666667,-0.013333333333333308,0.8955555555555555
4,60,F2_ACTIVITY,gbr_quantile,0.1,2,1900,450,4,0.0015372747360087406,0.0016032818951619134,0.04117002715015794,0.08888888888888889,-0.011111111111111113,0.08
4,60,F2_ACTIVITY,gbr_quantile,0.5,2,1900,450,4,0.002886863908893996,0.0028605489099869834,-0.009199282982066626,0.4777777777777778,-0.0222222222222222,0.48444444444444446
4,60,F2_ACTIVITY,gbr_quantile,0.9,2,1900,450,4,0.0014633501513070025,0.001441514368876182,-0.015147807682169612,0.9044444444444445,0.004444444444444473,0.8977777777777778
4,60,F2_ACTIVITY,gbr_quantile,0.1,3,2350,450,4,0.0012419168539533033,0.0013498345857777092,0.0799488566684109,0.04888888888888889,-0.051111111111111114,0.042222222222222223
4,60,F2_ACTIVITY,gbr_quantile,0.5,3,2350,450,4,0.002597842192741144,0.0025854804636983035,-0.004781211545167974,0.43555555555555553,-0.06444444444444447,0.42
4,60,F2_ACTIVITY,gbr_quantile,0.9,3,2350,450,4,0.0011404101164293945,0.0012546179649508802,0.09102998021071473,0.9088888888888889,0.008888888888888835,0.9088888888888889
4,60,F2_ACTIVITY,gbr_quantile,0.1,4,2800,450,4,0.0015698403812438896,0.001627214706834306,0.03525922261484249,0.08,-0.020000000000000004,0.07555555555555556
4,60,F2_ACTIVITY,gbr_quantile,0.5,4,2800,450,4,0.0029041065124739687,0.002896338645773347,-0.0026819607962478287,0.42444444444444446,-0.07555555555555554,0.44
4,60,F2_ACTIVITY,gbr_quantile,0.9,4,2800,450,4,0.0014198884932965724,0.0015010705420276313,0.05408276723717387,0.9088888888888889,0.008888888888888835,0.9022222222222223
4,60,F3_VOL,linear_qr,0.1,0,1000,450,4,0.0022013389816436615,0.0022131635591266297,0.005342839409318012,0.11777777777777777,0.017777777777777767,0.14222222222222222
4,60,F3_VOL,linear_qr,0.5,0,1000,450,4,0.0038967068249024304,0.0038965812717716643,-3.2221355595885015e-05,0.5355555555555556,0.03555555555555556,0.5333333333333333
4,60,F3_VOL,linear_qr,0.9,0,1000,450,4,0.0019879110632288056,0.0019876491681571676,-0.00013176121613089897,0.8688888888888889,-0.03111111111111109,0.8622222222222222
4,60,F3_VOL,linear_qr,0.1,1,1450,450,4,0.0015722634088166368,0.001600511023573019,0.01764912227428561,0.06222222222222222,-0.037777777777777785,0.057777777777777775
4,60,F3_VOL,linear_qr,0.5,1,1450,450,4,0.003097652137044973,0.0030266058746611806,-0.023473906192607696,0.5044444444444445,0.004444444444444473,0.5133333333333333
4,60,F3_VOL,linear_qr,0.9,1,1450,450,4,0.0018114631274359473,0.001875722676738755,0.03425855543556844,0.8977777777777778,-0.0022222222222222365,0.8955555555555555
4,60,F3_VOL,linear_qr,0.1,2,1900,450,4,0.0016599054930541025,0.0016032818951619134,-0.035317306372046886,0.08222222222222222,-0.01777777777777778,0.08
4,60,F3_VOL,linear_qr,0.5,2,1900,450,4,0.002902699810758679,0.0028605489099869834,-0.014735249107097781,0.49777777777777776,-0.0022222222222222365,0.48444444444444446
4,60,F3_VOL,linear_qr,0.9,2,1900,450,4,0.0015453178037159864,0.001441514368876182,-0.07200998968933647,0.8911111111111111,-0.008888888888888946,0.8977777777777778
4,60,F3_VOL,linear_qr,0.1,3,2350,450,4,0.0013315250359267378,0.0013498345857777092,0.013564291539042372,0.051111111111111114,-0.04888888888888889,0.042222222222222223
4,60,F3_VOL,linear_qr,0.5,3,2350,450,4,0.002611215685694306,0.0025854804636983035,-0.0099537483873271,0.4288888888888889,-0.07111111111111112,0.42
4,60,F3_VOL,linear_qr,0.9,3,2350,450,4,0.001260099829087893,0.0012546179649508802,-0.004369349308040116,0.9044444444444445,0.004444444444444473,0.9088888888888889
4,60,F3_VOL,linear_qr,0.1,4,2800,450,4,0.0016119850999988588,0.001627214706834306,0.009359309973959062,0.08444444444444445,-0.015555555555555559,0.07555555555555556
4,60,F3_VOL,linear_qr,0.5,4,2800,450,4,0.0028791718789546363,0.002896338645773347,0.005927057888676979,0.43777777777777777,-0.062222222222222234,0.44
4,60,F3_VOL,linear_qr,0.9,4,2800,450,4,0.0015016793708103728,0.0015010705420276313,-0.0004055963831779419,0.9133333333333333,0.013333333333333308,0.9022222222222223
4,60,F3_VOL,gbr_quantile,0.1,0,1000,450,4,0.0022451106723995044,0.0022131635591266297,-0.014435043962806704,0.16,0.06,0.14222222222222222
4,60,F3_VOL,gbr_quantile,0.5,0,1000,450,4,0.003980587251014421,0.0038965812717716643,-0.021558893138282187,0.5377777777777778,0.0377777777777778,0.5333333333333333
4,60,F3_VOL,gbr_quantile,0.9,0,1000,450,4,0.0020002929793024723,0.0019876491681571676,-0.00636118855775103,0.86,-0.040000000000000036,0.8622222222222222
4,60,F3_VOL,gbr_quantile,0.1,1,1450,450,4,0.0014410358321811996,0.001600511023573019,0.09964017057239827,0.06888888888888889,-0.031111111111111117,0.057777777777777775
4,60,F3_VOL,gbr_quantile,0.5,1,1450,450,4,0.003097512839599261,0.0030266058746611806,-0.023427881883041124,0.49777777777777776,-0.0022222222222222365,0.5133333333333333
4,60,F3_VOL,gbr_quantile,0.9,1,1450,450,4,0.0018129602846047345,0.001875722676738755,0.0334603792513416,0.88,-0.020000000000000018,0.8955555555555555
4,60,F3_VOL,gbr_quantile,0.1,2,1900,450,4,0.0015235127164560638,0.0016032818951619134,0.04975368270954861,0.09555555555555556,-0.004444444444444445,0.08
4,60,F3_VOL,gbr_quantile,0.5,2,1900,450,4,0.0028894207209137373,0.0028605489099869834,-0.010093101651209135,0.4888888888888889,-0.011111111111111127,0.48444444444444446
4,60,F3_VOL,gbr_quantile,0.9,2,1900,450,4,0.001442139157303894,0.001441514368876182,-0.0004334250432751485,0.8955555555555555,-0.004444444444444473,0.8977777777777778
4,60,F3_VOL,gbr_quantile,0.1,3,2350,450,4,0.0012327569206626214,0.0013498345857777092,0.08673482391743081,0.05555555555555555,-0.04444444444444445,0.042222222222222223
4,60,F3_VOL,gbr_quantile,0.5,3,2350,450,4,0.0026104131351772785,0.0025854804636983035,-0.00964334166474834,0.42,-0.08000000000000002,0.42
4,60,F3_VOL,gbr_quantile,0.9,3,2350,450,4,0.0011595525479305491,0.0012546179649508802,0.07577240217826231,0.9044444444444445,0.004444444444444473,0.9088888888888889
4,60,F3_VOL,gbr_quantile,0.1,4,2800,450,4,0.0015735480299273992,0.001627214706834306,0.03298069804894621,0.07777777777777778,-0.022222222222222227,0.07555555555555556
4,60,F3_VOL,gbr_quantile,0.5,4,2800,450,4,0.002902382616243719,0.002896338645773347,-0.002086762360883343,0.43555555555555553,-0.06444444444444447,0.44
4,60,F3_VOL,gbr_quantile,0.9,4,2800,450,4,0.0014055502694858518,0.0015010705420276313,0.06363476590030981,0.9044444444444445,0.004444444444444473,0.9022222222222223
4,60,F4_TAIL,linear_qr,0.1,0,1000,450,4,0.002230826061901882,0.0022131635591266297,-0.00798065859272623,0.10666666666666667,0.006666666666666668,0.14222222222222222
4,60,F4_TAIL,linear_qr,0.5,0,1000,450,4,0.0038836865712907833,0.0038965812717716643,0.0033092343214538023,0.56,0.06000000000000005,0.5333333333333333
4,60,F4_TAIL,linear_qr,0.9,0,1000,450,4,0.0020178856146942665,0.0019876491681571676,-0.01521216471271547,0.8666666666666667,-0.033333333333333326,0.8622222222222222
4,60,F4_TAIL,linear_qr,0.1,1,1450,450,4,0.0016039516621670512,0.001600511023573019,-0.0021497125251603855,0.06222222222222222,-0.037777777777777785,0.057777777777777775
4,60,F4_TAIL,linear_qr,0.5,1,1450,450,4,0.0030776754546055136,0.0030266058746611806,-0.016873548145759143,0.4911111111111111,-0.00888888888888889,0.5133333333333333
4,60,F4_TAIL,linear_qr,0.9,1,1450,450,4,0.0018132471128413119,0.001875722676738755,0.033307463129926496,0.9022222222222223,0.0022222222222222365,0.8955555555555555
4,60,F4_TAIL,linear_qr,0.1,2,1900,450,4,0.0016837939224152365,0.0016032818951619134,-0.05021701267648404,0.09333333333333334,-0.006666666666666668,0.08
4,60,F4_TAIL,linear_qr,0.5,2,1900,450,4,0.0029216764778849627,0.0028605489099869834,-0.021369174176524508,0.4888888888888889,-0.011111111111111127,0.48444444444444446
4,60,F4_TAIL,linear_qr,0.9,2,1900,450,4,0.001574029360898711,0.001441514368876182,-0.09192762478381611,0.8844444444444445,-0.015555555555555545,0.8977777777777778
4,60,F4_TAIL,linear_qr,0.1,3,2350,450,4,0.001331431368473361,0.0013498345857777092,0.013633683340351643,0.05555555555555555,-0.04444444444444445,0.042222222222222223
4,60,F4_TAIL,linear_qr,0.5,3,2350,450,4,0.002618815732705234,0.0025854804636983035,-0.012893258902930471,0.42444444444444446,-0.07555555555555554,0.42
4,60,F4_TAIL,linear_qr,0.9,3,2350,450,4,0.0012645934460865232,0.0012546179649508802,-0.007951010916724455,0.8933333333333333,-0.00666666666666671,0.9088888888888889
4,60,F4_TAIL,linear_qr,0.1,4,2800,450,4,0.001610200300084231,0.001627214706834306,0.01045615349874518,0.08666666666666667,-0.013333333333333336,0.07555555555555556
4,60,F4_TAIL,linear_qr,0.5,4,2800,450,4,0.0029226549321351206,0.002896338645773347,-0.00908605297249232,0.4311111111111111,-0.06888888888888889,0.44
4,60,F4_TAIL,linear_qr,0.9,4,2800,450,4,0.0014981373276285472,0.0015010705420276313,0.00195408164836941,0.9088888888888889,0.008888888888888835,0.9022222222222223
4,60,F4_TAIL,gbr_quantile,0.1,0,1000,450,4,0.002253521474759423,0.0022131635591266297,-0.018235396776874246,0.14888888888888888,0.04888888888888887,0.14222222222222222
4,60,F4_TAIL,gbr_quantile,0.5,0,1000,450,4,0.003956516154959369,0.0038965812717716643,-0.015381402056694249,0.5488888888888889,0.04888888888888887,0.5333333333333333
4,60,F4_TAIL,gbr_quantile,0.9,0,1000,450,4,0.0019977602570851547,0.0019876491681571676,-0.005086958548807363,0.8622222222222222,-0.0377777777777778,0.8622222222222222
4,60,F4_TAIL,gbr_quantile,0.1,1,1450,450,4,0.0015484535760943788,0.001600511023573019,0.03252551635816037,0.06888888888888889,-0.031111111111111117,0.057777777777777775
4,60,F4_TAIL,gbr_quantile,0.5,1,1450,450,4,0.003081781908479293,0.0030266058746611806,-0.01823033328523138,0.4911111111111111,-0.00888888888888889,0.5133333333333333
4,60,F4_TAIL,gbr_quantile,0.9,1,1450,450,4,0.0018131694111931257,0.001875722676738755,0.03334888804265468,0.8822222222222222,-0.01777777777777778,0.8955555555555555
4,60,F4_TAIL,gbr_quantile,0.1,2,1900,450,4,0.0015675849003723963,0.0016032818951619134,0.02226495221909308,0.09555555555555556,-0.004444444444444445,0.08
4,60,F4_TAIL,gbr_quantile,0.5,2,1900,450,4,0.0028812265744064267,0.0028605489099869834,-0.007228565240486429,0.47555555555555556,-0.024444444444444435,0.48444444444444446
4,60,F4_TAIL,gbr_quantile,0.9,2,1900,450,4,0.0014553781713966228,0.001441514368876182,-0.00961752641511926,0.8955555555555555,-0.004444444444444473,0.8977777777777778
4,60,F4_TAIL,gbr_quantile,0.1,3,2350,450,4,0.0012233260478603438,0.0013498345857777092,0.09372151169506249,0.05555555555555555,-0.04444444444444445,0.042222222222222223
4,60,F4_TAIL,gbr_quantile,0.5,3,2350,450,4,0.0026381306362220484,0.0025854804636983035,-0.020363786639653547,0.4177777777777778,-0.0822222222222222,0.42
4,60,F4_TAIL,gbr_quantile,0.9,3,2350,450,4,0.0011614868428740971,0.0012546179649508802,0.07423066198516404,0.9044444444444445,0.004444444444444473,0.9088888888888889
4,60,F4_TAIL,gbr_quantile,0.1,4,2800,450,4,0.001577516363819987,0.001627214706834306,0.03054197015648008,0.08222222222222222,-0.01777777777777778,0.07555555555555556
4,60,F4_TAIL,gbr_quantile,0.5,4,2800,450,4,0.002931678145787521,0.002896338645773347,-0.012201439243213263,0.43333333333333335,-0.06666666666666665,0.44
4,60,F4_TAIL,gbr_quantile,0.9,4,2800,450,4,0.0014121930065440235,0.0015010705420276313,0.059209432864862466,0.9066666666666666,0.006666666666666599,0.9022222222222223
8,120,F1_DIRECTION,linear_qr,0.1,0,1000,450,8,0.0030372615546806515,0.003107742341015748,0.022679095819784112,0.12,0.01999999999999999,0.12444444444444444
8,120,F1_DIRECTION,linear_qr,0.5,0,1000,450,8,0.005811784252188242,0.005767034747833467,-0.007759534372770327,0.5488888888888889,0.04888888888888887,0.5622222222222222
8,120,F1_DIRECTION,linear_qr,0.9,0,1000,450,8,0.003108686041734306,0.0029610845117010627,-0.049847118327754236,0.8733333333333333,-0.026666666666666727,0.8911111111111111
8,120,F1_DIRECTION,linear_qr,0.1,1,1450,450,8,0.0024188978421696007,0.0024635252106368286,0.018115247318979733,0.04,-0.060000000000000005,0.03111111111111111
8,120,F1_DIRECTION,linear_qr,0.5,1,1450,450,8,0.004756525094184859,0.004760179558554576,0.0007677156554208864,0.5088888888888888,0.008888888888888835,0.5133333333333333
8,120,F1_DIRECTION,linear_qr,0.9,1,1450,450,8,0.0029633201420896367,0.0029876106461279132,0.008130411527940584,0.8644444444444445,-0.03555555555555556,0.8644444444444445
8,120,F1_DIRECTION,linear_qr,0.1,2,1900,450,8,0.0024028378424787115,0.0023355242786567074,-0.028821607395458138,0.09111111111111111,-0.00888888888888889,0.08222222222222222
8,120,F1_DIRECTION,linear_qr,0.5,2,1900,450,8,0.004280469188121988,0.004256754268236013,-0.00557112729361342,0.45111111111111113,-0.04888888888888887,0.44666666666666666
8,120,F1_DIRECTION,linear_qr,0.9,2,1900,450,8,0.0021005680336362597,0.0019183091156502721,-0.09501019230897256,0.8911111111111111,-0.008888888888888946,0.9066666666666666
8,120,F1_DIRECTION,linear_qr,0.1,3,2350,450,8,0.002103617567878504,0.002099341635614789,-0.0020367967705565704,0.04,-0.060000000000000005,0.042222222222222223
8,120,F1_DIRECTION,linear_qr,0.5,3,2350,450,8,0.004078891712842988,0.003995527321547676,-0.020864427792980367,0.40444444444444444,-0.09555555555555556,0.4088888888888889
8,120,F1_DIRECTION,linear_qr,0.9,3,2350,450,8,0.0017760241548836829,0.001819760824561221,0.024034295654256632,0.9088888888888889,0.008888888888888835,0.9066666666666666
8,120,F1_DIRECTION,linear_qr,0.1,4,2800,450,8,0.0023164622496810216,0.002272870322498147,-0.019179240782625007,0.06444444444444444,-0.03555555555555556,0.06222222222222222
8,120,F1_DIRECTION,linear_qr,0.5,4,2800,450,8,0.004392541170429576,0.0044208888492261265,0.006412212512764914,0.4666666666666667,-0.033333333333333326,0.45555555555555555
8,120,F1_DIRECTION,linear_qr,0.9,4,2800,450,8,0.002208784548431762,0.0021503036982829676,-0.027196553768424225,0.9088888888888889,0.008888888888888835,0.92
8,120,F1_DIRECTION,gbr_quantile,0.1,0,1000,450,8,0.0029930429395993033,0.003107742341015748,0.03690762902144451,0.13555555555555557,0.03555555555555556,0.12444444444444444
8,120,F1_DIRECTION,gbr_quantile,0.5,0,1000,450,8,0.005824770093041409,0.005767034747833467,-0.010011270563200947,0.54,0.040000000000000036,0.5622222222222222
8,120,F1_DIRECTION,gbr_quantile,0.9,0,1000,450,8,0.003040186212510206,0.0029610845117010627,-0.026713759940509618,0.88,-0.020000000000000018,0.8911111111111111
8,120,F1_DIRECTION,gbr_quantile,0.1,1,1450,450,8,0.0022806505745132056,0.0024635252106368286,0.07423290629786139,0.06,-0.04000000000000001,0.03111111111111111
8,120,F1_DIRECTION,gbr_quantile,0.5,1,1450,450,8,0.004776247330365827,0.004760179558554576,-0.003375454983074233,0.5266666666666666,0.026666666666666616,0.5133333333333333
8,120,F1_DIRECTION,gbr_quantile,0.9,1,1450,450,8,0.002944630244344429,0.0029876106461279132,0.014386212553897826,0.8577777777777778,-0.04222222222222227,0.8644444444444445
8,120,F1_DIRECTION,gbr_quantile,0.1,2,1900,450,8,0.002392998272164702,0.0023355242786567074,-0.024608604600356188,0.08888888888888889,-0.011111111111111113,0.08222222222222222
8,120,F1_DIRECTION,gbr_quantile,0.5,2,1900,450,8,0.004302904390120075,0.004256754268236013,-0.010841622272733664,0.44666666666666666,-0.053333333333333344,0.44666666666666666
8,120,F1_DIRECTION,gbr_quantile,0.9,2,1900,450,8,0.0020936260992219157,0.0019183091156502721,-0.09139141452299993,0.8911111111111111,-0.008888888888888946,0.9066666666666666
8,120,F1_DIRECTION,gbr_quantile,0.1,3,2350,450,8,0.0019233927608051592,0.002099341635614789,0.08381145394570488,0.04666666666666667,-0.05333333333333334,0.042222222222222223
8,120,F1_DIRECTION,gbr_quantile,0.5,3,2350,450,8,0.004127255770440834,0.003995527321547676,-0.032968977131692556,0.41555555555555557,-0.08444444444444443,0.4088888888888889
8,120,F1_DIRECTION,gbr_quantile,0.9,3,2350,450,8,0.0016533059367161197,0.001819760824561221,0.09147075022083562,0.9155555555555556,0.015555555555555545,0.9066666666666666
8,120,F1_DIRECTION,gbr_quantile,0.1,4,2800,450,8,0.002257056624343244,0.002272870322498147,0.006957589264275144,0.06444444444444444,-0.03555555555555556,0.06222222222222222
8,120,F1_DIRECTION,gbr_quantile,0.5,4,2800,450,8,0.004272634228214782,0.0044208888492261265,0.03353502566283617,0.46,-0.03999999999999998,0.45555555555555555
8,120,F1_DIRECTION,gbr_quantile,0.9,4,2800,450,8,0.0021337404112481686,0.0021503036982829676,0.007702766380407011,0.9044444444444445,0.004444444444444473,0.92
8,120,F2_ACTIVITY,linear_qr,0.1,0,1000,450,8,0.00306343858138635,0.003107742341015748,0.014255930758699131,0.11555555555555555,0.015555555555555545,0.12444444444444444
8,120,F2_ACTIVITY,linear_qr,0.5,0,1000,450,8,0.0057964235324325045,0.005767034747833467,-0.005095995755891369,0.5488888888888889,0.04888888888888887,0.5622222222222222
8,120,F2_ACTIVITY,linear_qr,0.9,0,1000,450,8,0.003065312778764359,0.0029610845117010627,-0.035199355726398984,0.8866666666666667,-0.013333333333333308,0.8911111111111111
8,120,F2_ACTIVITY,linear_qr,0.1,1,1450,450,8,0.002415675240500312,0.0024635252106368286,0.019423373436534552,0.035555555555555556,-0.06444444444444444,0.03111111111111111
8,120,F2_ACTIVITY,linear_qr,0.5,1,1450,450,8,0.004731852866873684,0.004760179558554576,0.005950761170339769,0.5288888888888889,0.028888888888888853,0.5133333333333333
8,120,F2_ACTIVITY,linear_qr,0.9,1,1450,450,8,0.0029396835280924146,0.0029876106461279132,0.016041955834377064,0.8711111111111111,-0.028888888888888964,0.8644444444444445
8,120,F2_ACTIVITY,linear_qr,0.1,2,1900,450,8,0.00243300523030051,0.0023355242786567074,-0.041738359363093114,0.09333333333333334,-0.006666666666666668,0.08222222222222222
8,120,F2_ACTIVITY,linear_qr,0.5,2,1900,450,8,0.004368281907739842,0.004256754268236013,-0.02620015920017993,0.43777777777777777,-0.062222222222222234,0.44666666666666666
8,120,F2_ACTIVITY,linear_qr,0.9,2,1900,450,8,0.0021492338314287526,0.0019183091156502721,-0.12037930378087225,0.8755555555555555,-0.02444444444444449,0.9066666666666666
8,120,F2_ACTIVITY,linear_qr,0.1,3,2350,450,8,0.0021156424660357166,0.002099341635614789,-0.007764734497896164,0.04,-0.060000000000000005,0.042222222222222223
8,120,F2_ACTIVITY,linear_qr,0.5,3,2350,450,8,0.004087327241664481,0.003995527321547676,-0.022975670726047337,0.39555555555555555,-0.10444444444444445,0.4088888888888889
8,120,F2_ACTIVITY,linear_qr,0.9,3,2350,450,8,0.0017697482767463461,0.001819760824561221,0.02748303356125603,0.9066666666666666,0.006666666666666599,0.9066666666666666
8,120,F2_ACTIVITY,linear_qr,0.1,4,2800,450,8,0.002326201912611965,0.002272870322498147,-0.023464422754748693,0.06666666666666667,-0.03333333333333334,0.06222222222222222
8,120,F2_ACTIVITY,linear_qr,0.5,4,2800,450,8,0.004406639379013281,0.0044208888492261265,0.00322321386011315,0.46,-0.03999999999999998,0.45555555555555555
8,120,F2_ACTIVITY,linear_qr,0.9,4,2800,450,8,0.0021693524299819015,0.0021503036982829676,-0.008858623883754024,0.9133333333333333,0.013333333333333308,0.92
8,120,F2_ACTIVITY,gbr_quantile,0.1,0,1000,450,8,0.0031087676546591265,0.003107742341015748,-0.000329922345828626,0.14666666666666667,0.04666666666666666,0.12444444444444444
8,120,F2_ACTIVITY,gbr_quantile,0.5,0,1000,450,8,0.005826590831169083,0.005767034747833467,-0.010326985346843953,0.5555555555555556,0.05555555555555558,0.5622222222222222
8,120,F2_ACTIVITY,gbr_quantile,0.9,0,1000,450,8,0.003025622107509578,0.0029610845117010627,-0.02179525628312451,0.8733333333333333,-0.026666666666666727,0.8911111111111111
8,120,F2_ACTIVITY,gbr_quantile,0.1,1,1450,450,8,0.0023159969994969625,0.0024635252106368286,0.059885001583454334,0.04888888888888889,-0.051111111111111114,0.03111111111111111
8,120,F2_ACTIVITY,gbr_quantile,0.5,1,1450,450,8,0.004768819797317507,0.004760179558554576,-0.0018151077405059723,0.5288888888888889,0.028888888888888853,0.5133333333333333
8,120,F2_ACTIVITY,gbr_quantile,0.9,1,1450,450,8,0.002891026981999378,0.0029876106461279132,0.03232806264554988,0.8577777777777778,-0.04222222222222227,0.8644444444444445
8,120,F2_ACTIVITY,gbr_quantile,0.1,2,1900,450,8,0.002399623110672529,0.0023355242786567074,-0.027445157646868168,0.09555555555555556,-0.004444444444444445,0.08222222222222222
8,120,F2_ACTIVITY,gbr_quantile,0.5,2,1900,450,8,0.004335966015942046,0.004256754268236013,-0.018608484942885584,0.4444444444444444,-0.05555555555555558,0.44666666666666666
8,120,F2_ACTIVITY,gbr_quantile,0.9,2,1900,450,8,0.0020972067600812665,0.0019183091156502721,-0.09325798588532042,0.8755555555555555,-0.02444444444444449,0.9066666666666666
8,120,F2_ACTIVITY,gbr_quantile,0.1,3,2350,450,8,0.0019140545644688726,0.002099341635614789,0.08825960863280613,0.04888888888888889,-0.051111111111111114,0.042222222222222223
8,120,F2_ACTIVITY,gbr_quantile,0.5,3,2350,450,8,0.004104123848123004,0.003995527321547676,-0.0271795229605043,0.4111111111111111,-0.0888888888888889,0.4088888888888889
8,120,F2_ACTIVITY,gbr_quantile,0.9,3,2350,450,8,0.0016526385074379145,0.001819760824561221,0.09183751780325466,0.9155555555555556,0.015555555555555545,0.9066666666666666
8,120,F2_ACTIVITY,gbr_quantile,0.1,4,2800,450,8,0.002278796423432944,0.002272870322498147,-0.0026073203016192537,0.06888888888888889,-0.031111111111111117,0.06222222222222222
8,120,F2_ACTIVITY,gbr_quantile,0.5,4,2800,450,8,0.0043522068897608205,0.0044208888492261265,0.015535780655812848,0.4488888888888889,-0.05111111111111111,0.45555555555555555
8,120,F2_ACTIVITY,gbr_quantile,0.9,4,2800,450,8,0.00211239890556086,0.0021503036982829676,0.017627646156389343,0.8977777777777778,-0.0022222222222222365,0.92
8,120,F3_VOL,linear_qr,0.1,0,1000,450,8,0.003227944989842539,0.003107742341015748,-0.03867844745053861,0.1288888888888889,0.02888888888888888,0.12444444444444444
8,120,F3_VOL,linear_qr,0.5,0,1000,450,8,0.005739288951857348,0.005767034747833467,0.00481110261847173,0.54,0.040000000000000036,0.5622222222222222
8,120,F3_VOL,linear_qr,0.9,0,1000,450,8,0.003104531150606874,0.0029610845117010627,-0.04844395299727711,0.88,-0.020000000000000018,0.8911111111111111
8,120,F3_VOL,linear_qr,0.1,1,1450,450,8,0.0024286957386783535,0.0024635252106368286,0.014138061915539124,0.042222222222222223,-0.05777777777777778,0.03111111111111111
8,120,F3_VOL,linear_qr,0.5,1,1450,450,8,0.004805896724408157,0.004760179558554576,-0.009604084318925121,0.5422222222222223,0.04222222222222227,0.5133333333333333
8,120,F3_VOL,linear_qr,0.9,1,1450,450,8,0.0029431380977669895,0.0029876106461279132,0.01488565734579983,0.86,-0.040000000000000036,0.8644444444444445
8,120,F3_VOL,linear_qr,0.1,2,1900,450,8,0.0024481829679298102,0.0023355242786567074,-0.04823700198822145,0.09333333333333334,-0.006666666666666668,0.08222222222222222
8,120,F3_VOL,linear_qr,0.5,2,1900,450,8,0.00439737985189835,0.004256754268236013,-0.03303587071297209,0.43777777777777777,-0.062222222222222234,0.44666666666666666
8,120,F3_VOL,linear_qr,0.9,2,1900,450,8,0.00214378839074839,0.0019183091156502721,-0.11754063683406124,0.8688888888888889,-0.03111111111111109,0.9066666666666666
8,120,F3_VOL,linear_qr,0.1,3,2350,450,8,0.0021262657385276392,0.002099341635614789,-0.012825022119358653,0.04,-0.060000000000000005,0.042222222222222223
8,120,F3_VOL,linear_qr,0.5,3,2350,450,8,0.004093332090073759,0.003995527321547676,-0.024478563317194002,0.39555555555555555,-0.10444444444444445,0.4088888888888889
8,120,F3_VOL,linear_qr,0.9,3,2350,450,8,0.0018055294793221386,0.001819760824561221,0.007820448185829054,0.9111111111111111,0.011111111111111072,0.9066666666666666
8,120,F3_VOL,linear_qr,0.1,4,2800,450,8,0.00231664878611795,0.002272870322498147,-0.019261311649177326,0.06444444444444444,-0.03555555555555556,0.06222222222222222
8,120,F3_VOL,linear_qr,0.5,4,2800,450,8,0.004419525443410479,0.0044208888492261265,0.0003084008357021606,0.46,-0.03999999999999998,0.45555555555555555
8,120,F3_VOL,linear_qr,0.9,4,2800,450,8,0.0021539402047677935,0.0021503036982829676,-0.0016911594802768715,0.9155555555555556,0.015555555555555545,0.92
8,120,F3_VOL,gbr_quantile,0.1,0,1000,450,8,0.003096974997880837,0.003107742341015748,0.0034646833467512073,0.1511111111111111,0.05111111111111111,0.12444444444444444
8,120,F3_VOL,gbr_quantile,0.5,0,1000,450,8,0.005758041015662596,0.005767034747833467,0.0015595071928861115,0.5533333333333333,0.053333333333333344,0.5622222222222222
8,120,F3_VOL,gbr_quantile,0.9,0,1000,450,8,0.0029682274557322756,0.0029610845117010627,-0.0024122729368198925,0.8911111111111111,-0.008888888888888946,0.8911111111111111
8,120,F3_VOL,gbr_quantile,0.1,1,1450,450,8,0.0023423696598619905,0.0024635252106368286,0.04917974869983932,0.04888888888888889,-0.051111111111111114,0.03111111111111111
8,120,F3_VOL,gbr_quantile,0.5,1,1450,450,8,0.004759900255861877,0.004760179558554576,5.8674822926985115e-05,0.5311111111111111,0.03111111111111109,0.5133333333333333
8,120,F3_VOL,gbr_quantile,0.9,1,1450,450,8,0.002939299786211528,0.0029876106461279132,0.016170400242413896,0.8555555555555555,-0.04444444444444451,0.8644444444444445
8,120,F3_VOL,gbr_quantile,0.1,2,1900,450,8,0.00240328158980249,0.0023355242786567074,-0.0290116064153072,0.09333333333333334,-0.006666666666666668,0.08222222222222222
8,120,F3_VOL,gbr_quantile,0.5,2,1900,450,8,0.00436436120100506,0.004256754268236013,-0.02527910374625364,0.4488888888888889,-0.05111111111111111,0.44666666666666666
8,120,F3_VOL,gbr_quantile,0.9,2,1900,450,8,0.002124989407603458,0.0019183091156502721,-0.10774086942871297,0.8888888888888888,-0.011111111111111183,0.9066666666666666
8,120,F3_VOL,gbr_quantile,0.1,3,2350,450,8,0.0019493165755446562,0.002099341635614789,0.07146290890677165,0.042222222222222223,-0.05777777777777778,0.042222222222222223
8,120,F3_VOL,gbr_quantile,0.5,3,2350,450,8,0.0041631635209310874,0.003995527321547676,-0.04195596372958277,0.3977777777777778,-0.10222222222222221,0.4088888888888889
8,120,F3_VOL,gbr_quantile,0.9,3,2350,450,8,0.0016861026999301406,0.001819760824561221,0.07344818221554361,0.9022222222222223,0.0022222222222222365,0.9066666666666666
8,120,F3_VOL,gbr_quantile,0.1,4,2800,450,8,0.0022791049275435868,0.002272870322498147,-0.0027430535669925593,0.06888888888888889,-0.031111111111111117,0.06222222222222222
8,120,F3_VOL,gbr_quantile,0.5,4,2800,450,8,0.004367443732132024,0.0044208888492261265,0.012089224343077132,0.45111111111111113,-0.04888888888888887,0.45555555555555555
8,120,F3_VOL,gbr_quantile,0.9,4,2800,450,8,0.0020854793533018508,0.0021503036982829676,0.03014659977233891,0.9,0.0,0.92
8,120,F4_TAIL,linear_qr,0.1,0,1000,450,8,0.003208396687212791,0.003107742341015748,-0.03238825332094453,0.12,0.01999999999999999,0.12444444444444444
8,120,F4_TAIL,linear_qr,0.5,0,1000,450,8,0.00580003601957747,0.005767034747833467,-0.005722398630665593,0.5422222222222223,0.04222222222222227,0.5622222222222222
8,120,F4_TAIL,linear_qr,0.9,0,1000,450,8,0.003108012796170468,0.0029610845117010627,-0.04961975380601302,0.8777777777777778,-0.022222222222222254,0.8911111111111111
8,120,F4_TAIL,linear_qr,0.1,1,1450,450,8,0.0024683093361111456,0.0024635252106368286,-0.0019419835663383456,0.04888888888888889,-0.051111111111111114,0.03111111111111111
8,120,F4_TAIL,linear_qr,0.5,1,1450,450,8,0.004806951152205128,0.004760179558554576,-0.00982559440777786,0.5155555555555555,0.015555555555555545,0.5133333333333333
8,120,F4_TAIL,linear_qr,0.9,1,1450,450,8,0.0029427044047273016,0.0029876106461279132,0.015030821187764998,0.8622222222222222,-0.0377777777777778,0.8644444444444445
8,120,F4_TAIL,linear_qr,0.1,2,1900,450,8,0.0024601840995543455,0.0023355242786567074,-0.05337551916580252,0.09555555555555556,-0.004444444444444445,0.08222222222222222
8,120,F4_TAIL,linear_qr,0.5,2,1900,450,8,0.004433651727217826,0.004256754268236013,-0.041556887674213616,0.4311111111111111,-0.06888888888888889,0.44666666666666666
8,120,F4_TAIL,linear_qr,0.9,2,1900,450,8,0.0021461823899588386,0.0019183091156502721,-0.11878861047444977,0.8666666666666667,-0.033333333333333326,0.9066666666666666
8,120,F4_TAIL,linear_qr,0.1,3,2350,450,8,0.0021335420038061594,0.002099341635614789,-0.01629099695407832,0.04,-0.060000000000000005,0.042222222222222223
8,120,F4_TAIL,linear_qr,0.5,3,2350,450,8,0.004116708864325807,0.003995527321547676,-0.03032929899505521,0.4088888888888889,-0.09111111111111109,0.4088888888888889
8,120,F4_TAIL,linear_qr,0.9,3,2350,450,8,0.0017943061686032317,0.001819760824561221,0.013987912924835588,0.9022222222222223,0.0022222222222222365,0.9066666666666666
8,120,F4_TAIL,linear_qr,0.1,4,2800,450,8,0.002309953047185976,0.002272870322498147,-0.016315371942148937,0.06666666666666667,-0.03333333333333334,0.06222222222222222
8,120,F4_TAIL,linear_qr,0.5,4,2800,450,8,0.004431200468296832,0.0044208888492261265,-0.0023324764368390927,0.4577777777777778,-0.04222222222222222,0.45555555555555555
8,120,F4_TAIL,linear_qr,0.9,4,2800,450,8,0.0021580503911434244,0.0021503036982829676,-0.003602604072458604,0.9133333333333333,0.013333333333333308,0.92
8,120,F4_TAIL,gbr_quantile,0.1,0,1000,450,8,0.003110240452997047,0.003107742341015748,-0.0008038349731664951,0.1622222222222222,0.06222222222222221,0.12444444444444444
8,120,F4_TAIL,gbr_quantile,0.5,0,1000,450,8,0.0057836282191001545,0.005767034747833467,-0.0028772969111936497,0.5622222222222222,0.06222222222222218,0.5622222222222222
8,120,F4_TAIL,gbr_quantile,0.9,0,1000,450,8,0.002997115248207293,0.0029610845117010627,-0.012168087862352683,0.8911111111111111,-0.008888888888888946,0.8911111111111111
8,120,F4_TAIL,gbr_quantile,0.1,1,1450,450,8,0.0024480647866319816,0.0024635252106368286,0.00627573200310394,0.051111111111111114,-0.04888888888888889,0.03111111111111111
8,120,F4_TAIL,gbr_quantile,0.5,1,1450,450,8,0.00487876556628762,0.004760179558554576,-0.02491208709132242,0.5088888888888888,0.008888888888888835,0.5133333333333333
8,120,F4_TAIL,gbr_quantile,0.9,1,1450,450,8,0.0029209386078505486,0.0029876106461279132,0.022316173750342894,0.8533333333333334,-0.046666666666666634,0.8644444444444445
8,120,F4_TAIL,gbr_quantile,0.1,2,1900,450,8,0.0024055812969510618,0.0023355242786567074,-0.029996270616654996,0.09333333333333334,-0.006666666666666668,0.08222222222222222
8,120,F4_TAIL,gbr_quantile,0.5,2,1900,450,8,0.004366335019777532,0.004256754268236013,-0.02574279477657715,0.4488888888888889,-0.05111111111111111,0.44666666666666666
8,120,F4_TAIL,gbr_quantile,0.9,2,1900,450,8,0.0021228477464592197,0.0019183091156502721,-0.10662443770935881,0.8911111111111111,-0.008888888888888946,0.9066666666666666
8,120,F4_TAIL,gbr_quantile,0.1,3,2350,450,8,0.0019418696533557893,0.002099341635614789,0.0750101744220798,0.04888888888888889,-0.051111111111111114,0.042222222222222223
8,120,F4_TAIL,gbr_quantile,0.5,3,2350,450,8,0.004199033819448013,0.003995527321547676,-0.05093357685300681,0.4022222222222222,-0.0977777777777778,0.4088888888888889
8,120,F4_TAIL,gbr_quantile,0.9,3,2350,450,8,0.0016876459548210085,0.001819760824561221,0.07260012852077302,0.9044444444444445,0.004444444444444473,0.9066666666666666
8,120,F4_TAIL,gbr_quantile,0.1,4,2800,450,8,0.002284587245991863,0.002272870322498147,-0.005155121864074408,0.07111111111111111,-0.028888888888888895,0.06222222222222222
8,120,F4_TAIL,gbr_quantile,0.5,4,2800,450,8,0.004385824872456518,0.0044208888492261265,0.007931431430524882,0.45555555555555555,-0.04444444444444445,0.45555555555555555
8,120,F4_TAIL,gbr_quantile,0.9,4,2800,450,8,0.002070535585468866,0.0021503036982829676,0.03709620779511136,0.8977777777777778,-0.0022222222222222365,0.92
16,240,F1_DIRECTION,linear_qr,0.1,0,1000,450,16,0.004028487832571903,0.004080894021863329,0.012841840295450102,0.13777777777777778,0.03777777777777777,0.1711111111111111
16,240,F1_DIRECTION,linear_qr,0.5,0,1000,450,16,0.008619502578336885,0.00876806404680045,0.01694347437137811,0.5222222222222223,0.022222222222222254,0.5133333333333333
16,240,F1_DIRECTION,linear_qr,0.9,0,1000,450,16,0.00433446646713227,0.004260302716526444,-0.017408094105175298,0.8933333333333333,-0.00666666666666671,0.8777777777777778
16,240,F1_DIRECTION,linear_qr,0.1,1,1450,450,16,0.003692714078934152,0.0034786370962062696,-0.06154047599887624,0.06666666666666667,-0.03333333333333334,0.04666666666666667
16,240,F1_DIRECTION,linear_qr,0.5,1,1450,450,16,0.007197725327246026,0.0071204700831512145,-0.010849739299883643,0.5533333333333333,0.053333333333333344,0.5422222222222223
16,240,F1_DIRECTION,linear_qr,0.9,1,1450,450,16,0.004159268837004277,0.004043556247560008,-0.028616540085004027,0.86,-0.040000000000000036,0.8644444444444445
16,240,F1_DIRECTION,linear_qr,0.1,2,1900,450,16,0.0030861114949507864,0.003162307424586845,0.024095041817768115,0.04666666666666667,-0.05333333333333334,0.03777777777777778
16,240,F1_DIRECTION,linear_qr,0.5,2,1900,450,16,0.006558687918681511,0.00654716038043477,-0.001760692815955478,0.3888888888888889,-0.1111111111111111,0.4066666666666667
16,240,F1_DIRECTION,linear_qr,0.9,2,1900,450,16,0.002830762798490238,0.0027075189190044124,-0.04551912033587713,0.9666666666666667,0.06666666666666665,0.9622222222222222
16,240,F1_DIRECTION,linear_qr,0.1,3,2350,450,16,0.0028387473068966873,0.0030335829952200196,0.0642262593871118,0.011111111111111112,-0.08888888888888889,0.0
16,240,F1_DIRECTION,linear_qr,0.5,3,2350,450,16,0.006389692165002918,0.00637349696443578,-0.002541022716023633,0.40444444444444444,-0.09555555555555556,0.4022222222222222
16,240,F1_DIRECTION,linear_qr,0.9,3,2350,450,16,0.0028080490194592124,0.002645282711530782,-0.061530779760867294,0.9066666666666666,0.006666666666666599,0.9244444444444444
16,240,F1_DIRECTION,linear_qr,0.1,4,2800,450,16,0.003508945147468243,0.0034456836854512554,-0.018359625488577835,0.08666666666666667,-0.013333333333333336,0.06888888888888889
16,240,F1_DIRECTION,linear_qr,0.5,4,2800,450,16,0.006581176520755903,0.0066646883041845285,0.012530485990798867,0.39111111111111113,-0.10888888888888887,0.39111111111111113
16,240,F1_DIRECTION,linear_qr,0.9,4,2800,450,16,0.002718827063984766,0.0026858998883146547,-0.012259271394799542,0.9355555555555556,0.03555555555555556,0.9377777777777778
16,240,F1_DIRECTION,gbr_quantile,0.1,0,1000,450,16,0.004069945068255267,0.004080894021863329,0.002682979158341925,0.15333333333333332,0.053333333333333316,0.1711111111111111
16,240,F1_DIRECTION,gbr_quantile,0.5,0,1000,450,16,0.008911339563055488,0.00876806404680045,-0.016340610138143363,0.4911111111111111,-0.00888888888888889,0.5133333333333333
16,240,F1_DIRECTION,gbr_quantile,0.9,0,1000,450,16,0.004611316330772481,0.004260302716526444,-0.08239170725695044,0.8844444444444445,-0.015555555555555545,0.8777777777777778
16,240,F1_DIRECTION,gbr_quantile,0.1,1,1450,450,16,0.0035292274046874734,0.0034786370962062696,-0.014543140627223394,0.06888888888888889,-0.031111111111111117,0.04666666666666667
16,240,F1_DIRECTION,gbr_quantile,0.5,1,1450,450,16,0.007291765265441394,0.0071204700831512145,-0.02405672382438717,0.5422222222222223,0.04222222222222227,0.5422222222222223
16,240,F1_DIRECTION,gbr_quantile,0.9,1,1450,450,16,0.003948660186818757,0.004043556247560008,0.023468465610813283,0.8511111111111112,-0.04888888888888887,0.8644444444444445
16,240,F1_DIRECTION,gbr_quantile,0.1,2,1900,450,16,0.0031403759384668857,0.003162307424586845,0.006935279583965337,0.05555555555555555,-0.04444444444444445,0.03777777777777778
16,240,F1_DIRECTION,gbr_quantile,0.5,2,1900,450,16,0.006646519661637888,0.00654716038043477,-0.015175935127546003,0.4,-0.09999999999999998,0.4066666666666667
16,240,F1_DIRECTION,gbr_quantile,0.9,2,1900,450,16,0.002792787584419709,0.0027075189190044124,-0.03149328516849326,0.9466666666666667,0.046666666666666634,0.9622222222222222
16,240,F1_DIRECTION,gbr_quantile,0.1,3,2350,450,16,0.00284378761585479,0.0030335829952200196,0.06256475582315968,0.02666666666666667,-0.07333333333333333,0.0
16,240,F1_DIRECTION,gbr_quantile,0.5,3,2350,450,16,0.006399841407084143,0.00637349696443578,-0.004133436133313628,0.3933333333333333,-0.10666666666666669,0.4022222222222222
16,240,F1_DIRECTION,gbr_quantile,0.9,3,2350,450,16,0.002752936299470051,0.002645282711530782,-0.04069643954122837,0.9088888888888889,0.008888888888888835,0.9244444444444444
16,240,F1_DIRECTION,gbr_quantile,0.1,4,2800,450,16,0.0034960120653141098,0.0034456836854512554,-0.014606210104356476,0.08888888888888889,-0.011111111111111113,0.06888888888888889
16,240,F1_DIRECTION,gbr_quantile,0.5,4,2800,450,16,0.006502789101100449,0.0066646883041845285,0.024292089246308546,0.4022222222222222,-0.0977777777777778,0.39111111111111113
16,240,F1_DIRECTION,gbr_quantile,0.9,4,2800,450,16,0.002714366620826039,0.0026858998883146547,-0.010598582856804262,0.9155555555555556,0.015555555555555545,0.9377777777777778
16,240,F2_ACTIVITY,linear_qr,0.1,0,1000,450,16,0.004037574003584232,0.004080894021863329,0.010615325476969084,0.13777777777777778,0.03777777777777777,0.1711111111111111
16,240,F2_ACTIVITY,linear_qr,0.5,0,1000,450,16,0.008622287233891787,0.00876806404680045,0.016625883676323894,0.52,0.020000000000000018,0.5133333333333333
16,240,F2_ACTIVITY,linear_qr,0.9,0,1000,450,16,0.004380264810649265,0.004260302716526444,-0.028158115069492062,0.8888888888888888,-0.011111111111111183,0.8777777777777778
16,240,F2_ACTIVITY,linear_qr,0.1,1,1450,450,16,0.0037034675633515397,0.0034786370962062696,-0.0646317683987403,0.06444444444444444,-0.03555555555555556,0.04666666666666667
16,240,F2_ACTIVITY,linear_qr,0.5,1,1450,450,16,0.007214397792563114,0.0071204700831512145,-0.013191223095530669,0.5622222222222222,0.06222222222222218,0.5422222222222223
16,240,F2_ACTIVITY,linear_qr,0.9,1,1450,450,16,0.0040404586264120735,0.004043556247560008,0.0007660635733220955,0.8622222222222222,-0.0377777777777778,0.8644444444444445
16,240,F2_ACTIVITY,linear_qr,0.1,2,1900,450,16,0.003093854987249209,0.003162307424586845,0.02164635759490685,0.04666666666666667,-0.05333333333333334,0.03777777777777778
16,240,F2_ACTIVITY,linear_qr,0.5,2,1900,450,16,0.006606801605892109,0.00654716038043477,-0.00910947983427568,0.3844444444444444,-0.11555555555555558,0.4066666666666667
16,240,F2_ACTIVITY,linear_qr,0.9,2,1900,450,16,0.002771047540602258,0.0027075189190044124,-0.0234637775388864,0.9533333333333334,0.053333333333333344,0.9622222222222222
16,240,F2_ACTIVITY,linear_qr,0.1,3,2350,450,16,0.0028408283114834325,0.0030335829952200196,0.06354027038004506,0.013333333333333334,-0.08666666666666667,0.0
16,240,F2_ACTIVITY,linear_qr,0.5,3,2350,450,16,0.006407397879284427,0.00637349696443578,-0.005319044637161596,0.40444444444444444,-0.09555555555555556,0.4022222222222222
16,240,F2_ACTIVITY,linear_qr,0.9,3,2350,450,16,0.002777930220807224,0.002645282711530782,-0.05014492730710107,0.9066666666666666,0.006666666666666599,0.9244444444444444
16,240,F2_ACTIVITY,linear_qr,0.1,4,2800,450,16,0.003518839798134399,0.0034456836854512554,-0.021231232858672344,0.08666666666666667,-0.013333333333333336,0.06888888888888889
16,240,F2_ACTIVITY,linear_qr,0.5,4,2800,450,16,0.006569189162051511,0.0066646883041845285,0.014329123550017697,0.39111111111111113,-0.10888888888888887,0.39111111111111113
16,240,F2_ACTIVITY,linear_qr,0.9,4,2800,450,16,0.002728599804600546,0.0026858998883146547,-0.01589780634477944,0.9377777777777778,0.0377777777777778,0.9377777777777778
16,240,F2_ACTIVITY,gbr_quantile,0.1,0,1000,450,16,0.004051152534149612,0.004080894021863329,0.007287983357170513,0.16444444444444445,0.06444444444444444,0.1711111111111111
16,240,F2_ACTIVITY,gbr_quantile,0.5,0,1000,450,16,0.008947924732461953,0.00876806404680045,-0.020513158286878275,0.5088888888888888,0.008888888888888835,0.5133333333333333
16,240,F2_ACTIVITY,gbr_quantile,0.9,0,1000,450,16,0.004561695837343298,0.004260302716526444,-0.07074453175538409,0.8866666666666667,-0.013333333333333308,0.8777777777777778
16,240,F2_ACTIVITY,gbr_quantile,0.1,1,1450,450,16,0.0034842715667556625,0.0034786370962062696,-0.0016197350840470026,0.06666666666666667,-0.03333333333333334,0.04666666666666667
16,240,F2_ACTIVITY,gbr_quantile,0.5,1,1450,450,16,0.007212014490178286,0.0071204700831512145,-0.01285651171313651,0.5266666666666666,0.026666666666666616,0.5422222222222223
16,240,F2_ACTIVITY,gbr_quantile,0.9,1,1450,450,16,0.003929910169730243,0.004043556247560008,0.02810547717701284,0.8622222222222222,-0.0377777777777778,0.8644444444444445
16,240,F2_ACTIVITY,gbr_quantile,0.1,2,1900,450,16,0.0031344612972699156,0.003162307424586845,0.008805635752054508,0.06444444444444444,-0.03555555555555556,0.03777777777777778
16,240,F2_ACTIVITY,gbr_quantile,0.5,2,1900,450,16,0.0067098948834384674,0.00654716038043477,-0.024855737991390292,0.3977777777777778,-0.10222222222222221,0.4066666666666667
16,240,F2_ACTIVITY,gbr_quantile,0.9,2,1900,450,16,0.002719557872161081,0.0027075189190044124,-0.0044464890243851585,0.9377777777777778,0.0377777777777778,0.9622222222222222
16,240,F2_ACTIVITY,gbr_quantile,0.1,3,2350,450,16,0.0028182440923136677,0.0030335829952200196,0.07098500461192547,0.024444444444444446,-0.07555555555555556,0.0
16,240,F2_ACTIVITY,gbr_quantile,0.5,3,2350,450,16,0.006409914501523029,0.00637349696443578,-0.005713902005517468,0.38666666666666666,-0.11333333333333334,0.4022222222222222
16,240,F2_ACTIVITY,gbr_quantile,0.9,3,2350,450,16,0.002703628107553877,0.002645282711530782,-0.022056393355903925,0.9088888888888889,0.008888888888888835,0.9244444444444444
16,240,F2_ACTIVITY,gbr_quantile,0.1,4,2800,450,16,0.003501591252499287,0.0034456836854512554,-0.016225391577320503,0.08444444444444445,-0.015555555555555559,0.06888888888888889
16,240,F2_ACTIVITY,gbr_quantile,0.5,4,2800,450,16,0.006696531527541981,0.0066646883041845285,-0.004777901366739057,0.3844444444444444,-0.11555555555555558,0.39111111111111113
16,240,F2_ACTIVITY,gbr_quantile,0.9,4,2800,450,16,0.002744378887144181,0.0026858998883146547,-0.021772590662796576,0.92,0.020000000000000018,0.9377777777777778
16,240,F3_VOL,linear_qr,0.1,0,1000,450,16,0.0040500177144619275,0.004080894021863329,0.007566064503508718,0.13777777777777778,0.03777777777777777,0.1711111111111111
16,240,F3_VOL,linear_qr,0.5,0,1000,450,16,0.008694283514219992,0.00876806404680045,0.008414689056403635,0.5177777777777778,0.01777777777777778,0.5133333333333333
16,240,F3_VOL,linear_qr,0.9,0,1000,450,16,0.004463744173952134,0.004260302716526444,-0.04775281733772263,0.8822222222222222,-0.01777777777777778,0.8777777777777778
16,240,F3_VOL,linear_qr,0.1,1,1450,450,16,0.003744362699061411,0.0034786370962062696,-0.07638784831707124,0.06222222222222222,-0.037777777777777785,0.04666666666666667
16,240,F3_VOL,linear_qr,0.5,1,1450,450,16,0.007238453976961897,0.0071204700831512145,-0.016569677624215018,0.56,0.06000000000000005,0.5422222222222223
16,240,F3_VOL,linear_qr,0.9,1,1450,450,16,0.003912587666344031,0.004043556247560008,0.03238945452904429,0.8733333333333333,-0.026666666666666727,0.8644444444444445
16,240,F3_VOL,linear_qr,0.1,2,1900,450,16,0.0030971939050081806,0.003162307424586845,0.020590509029074333,0.04888888888888889,-0.051111111111111114,0.03777777777777778
16,240,F3_VOL,linear_qr,0.5,2,1900,450,16,0.006622467427510813,0.00654716038043477,-0.01150224566074276,0.3844444444444444,-0.11555555555555558,0.4066666666666667
16,240,F3_VOL,linear_qr,0.9,2,1900,450,16,0.002807363236163815,0.0027075189190044124,-0.03687668309853076,0.9511111111111111,0.05111111111111111,0.9622222222222222
16,240,F3_VOL,linear_qr,0.1,3,2350,450,16,0.002818353211533526,0.0030335829952200196,0.0709490342033261,0.017777777777777778,-0.08222222222222222,0.0
16,240,F3_VOL,linear_qr,0.5,3,2350,450,16,0.0064153830087702556,0.00637349696443578,-0.006571909356543282,0.4022222222222222,-0.0977777777777778,0.4022222222222222
16,240,F3_VOL,linear_qr,0.9,3,2350,450,16,0.0028007222787909992,0.002645282711530782,-0.05876104152598005,0.9,0.0,0.9244444444444444
16,240,F3_VOL,linear_qr,0.1,4,2800,450,16,0.0034879917185716516,0.0034456836854512554,-0.01227855978162884,0.08888888888888889,-0.011111111111111113,0.06888888888888889
16,240,F3_VOL,linear_qr,0.5,4,2800,450,16,0.006556316778339837,0.0066646883041845285,0.016260554267278793,0.3977777777777778,-0.10222222222222221,0.39111111111111113
16,240,F3_VOL,linear_qr,0.9,4,2800,450,16,0.002734517653591991,0.0026858998883146547,-0.018101108492112328,0.9355555555555556,0.03555555555555556,0.9377777777777778
16,240,F3_VOL,gbr_quantile,0.1,0,1000,450,16,0.003961700824377699,0.004080894021863329,0.029207618930325974,0.15333333333333332,0.053333333333333316,0.1711111111111111
16,240,F3_VOL,gbr_quantile,0.5,0,1000,450,16,0.008822530982744272,0.00876806404680045,-0.006211968303732718,0.5155555555555555,0.015555555555555545,0.5133333333333333
16,240,F3_VOL,gbr_quantile,0.9,0,1000,450,16,0.004359967722856505,0.004260302716526444,-0.023393879017902464,0.88,-0.020000000000000018,0.8777777777777778
16,240,F3_VOL,gbr_quantile,0.1,1,1450,450,16,0.003501957809271096,0.0034786370962062696,-0.006703979869087107,0.06666666666666667,-0.03333333333333334,0.04666666666666667
16,240,F3_VOL,gbr_quantile,0.5,1,1450,450,16,0.007342046371844297,0.0071204700831512145,-0.0311182107509147,0.5355555555555556,0.03555555555555556,0.5422222222222223
16,240,F3_VOL,gbr_quantile,0.9,1,1450,450,16,0.004024709281415651,0.004043556247560008,0.0046609877519894205,0.8555555555555555,-0.04444444444444451,0.8644444444444445
16,240,F3_VOL,gbr_quantile,0.1,2,1900,450,16,0.0031041630169106518,0.003162307424586845,0.018386703083995593,0.05555555555555555,-0.04444444444444445,0.03777777777777778
16,240,F3_VOL,gbr_quantile,0.5,2,1900,450,16,0.00669089507137107,0.00654716038043477,-0.021953745224545074,0.3933333333333333,-0.10666666666666669,0.4066666666666667
16,240,F3_VOL,gbr_quantile,0.9,2,1900,450,16,0.0027216511115971723,0.0027075189190044124,-0.005219609914288714,0.9266666666666666,0.026666666666666616,0.9622222222222222
16,240,F3_VOL,gbr_quantile,0.1,3,2350,450,16,0.0027619621352946654,0.0030335829952200196,0.08953796891443022,0.022222222222222223,-0.07777777777777778,0.0
16,240,F3_VOL,gbr_quantile,0.5,3,2350,450,16,0.0065500122125554715,0.00637349696443578,-0.027695196075976813,0.38666666666666666,-0.11333333333333334,0.4022222222222222
16,240,F3_VOL,gbr_quantile,0.9,3,2350,450,16,0.002938750732061943,0.002645282711530782,-0.11094013477347242,0.8755555555555555,-0.02444444444444449,0.9244444444444444
16,240,F3_VOL,gbr_quantile,0.1,4,2800,450,16,0.0034841101161910675,0.0034456836854512554,-0.011152048257377922,0.08444444444444445,-0.015555555555555559,0.06888888888888889
16,240,F3_VOL,gbr_quantile,0.5,4,2800,450,16,0.006667963141098336,0.0066646883041845285,-0.0004913713536687236,0.38666666666666666,-0.11333333333333334,0.39111111111111113
16,240,F3_VOL,gbr_quantile,0.9,4,2800,450,16,0.002726195017342964,0.0026858998883146547,-0.015002468708390282,0.9222222222222223,0.022222222222222254,0.9377777777777778
16,240,F4_TAIL,linear_qr,0.1,0,1000,450,16,0.004033318421248223,0.004080894021863329,0.011658131860376675,0.15333333333333332,0.053333333333333316,0.1711111111111111
16,240,F4_TAIL,linear_qr,0.5,0,1000,450,16,0.008768487753024936,0.00876806404680045,-4.832380582819873e-05,0.5266666666666666,0.026666666666666616,0.5133333333333333
16,240,F4_TAIL,linear_qr,0.9,0,1000,450,16,0.004469134337289478,0.004260302716526444,-0.04901802398992472,0.8866666666666667,-0.013333333333333308,0.8777777777777778
16,240,F4_TAIL,linear_qr,0.1,1,1450,450,16,0.003536803638912443,0.0034786370962062696,-0.016721072390565972,0.05333333333333334,-0.04666666666666667,0.04666666666666667
16,240,F4_TAIL,linear_qr,0.5,1,1450,450,16,0.007189861973436339,0.0071204700831512145,-0.00974540858605999,0.5355555555555556,0.03555555555555556,0.5422222222222223
16,240,F4_TAIL,linear_qr,0.9,1,1450,450,16,0.003936790838463299,0.004043556247560008,0.026403839234617976,0.8666666666666667,-0.033333333333333326,0.8644444444444445
16,240,F4_TAIL,linear_qr,0.1,2,1900,450,16,0.003255114474353457,0.003162307424586845,-0.029347889786122572,0.07555555555555556,-0.02444444444444445,0.03777777777777778
16,240,F4_TAIL,linear_qr,0.5,2,1900,450,16,0.006627214601611874,0.00654716038043477,-0.012227319406491688,0.3688888888888889,-0.13111111111111112,0.4066666666666667
16,240,F4_TAIL,linear_qr,0.9,2,1900,450,16,0.002816446601368852,0.0027075189190044124,-0.04023154985173427,0.94,0.039999999999999925,0.9622222222222222
16,240,F4_TAIL,linear_qr,0.1,3,2350,450,16,0.0029591685829853435,0.0030335829952200196,0.02453020482773338,0.03111111111111111,-0.06888888888888889,0.0
16,240,F4_TAIL,linear_qr,0.5,3,2350,450,16,0.006557246870910055,0.00637349696443578,-0.02883031207194464,0.42444444444444446,-0.07555555555555554,0.4022222222222222
16,240,F4_TAIL,linear_qr,0.9,3,2350,450,16,0.0030688681042306543,0.002645282711530782,-0.16012859073756647,0.8755555555555555,-0.02444444444444449,0.9244444444444444
16,240,F4_TAIL,linear_qr,0.1,4,2800,450,16,0.003543323746079427,0.0034456836854512554,-0.028336919329083665,0.08666666666666667,-0.013333333333333336,0.06888888888888889
16,240,F4_TAIL,linear_qr,0.5,4,2800,450,16,0.006618069507164009,0.0066646883041845285,0.0069948953188477825,0.40444444444444444,-0.09555555555555556,0.39111111111111113
16,240,F4_TAIL,linear_qr,0.9,4,2800,450,16,0.002752426910030475,0.0026858998883146547,-0.024768987855896762,0.9377777777777778,0.0377777777777778,0.9377777777777778
16,240,F4_TAIL,gbr_quantile,0.1,0,1000,450,16,0.004197107446677115,0.004080894021863329,-0.028477442489605043,0.17333333333333334,0.07333333333333333,0.1711111111111111
16,240,F4_TAIL,gbr_quantile,0.5,0,1000,450,16,0.008659939754110826,0.00876806404680045,0.01233160388798471,0.5244444444444445,0.02444444444444449,0.5133333333333333
16,240,F4_TAIL,gbr_quantile,0.9,0,1000,450,16,0.0043682867464140416,0.004260302716526444,-0.025346562691122676,0.8933333333333333,-0.00666666666666671,0.8777777777777778
16,240,F4_TAIL,gbr_quantile,0.1,1,1450,450,16,0.0034968083044063735,0.0034786370962062696,-0.005223657339801457,0.05555555555555555,-0.04444444444444445,0.04666666666666667
16,240,F4_TAIL,gbr_quantile,0.5,1,1450,450,16,0.0077608233834686804,0.0071204700831512145,-0.08993132375244439,0.5155555555555555,0.015555555555555545,0.5422222222222223
16,240,F4_TAIL,gbr_quantile,0.9,1,1450,450,16,0.004097854613167207,0.004043556247560008,-0.013428369060023204,0.8555555555555555,-0.04444444444444451,0.8644444444444445
16,240,F4_TAIL,gbr_quantile,0.1,2,1900,450,16,0.003200714223831788,0.003162307424586845,-0.012145182010557143,0.06444444444444444,-0.03555555555555556,0.03777777777777778
16,240,F4_TAIL,gbr_quantile,0.5,2,1900,450,16,0.0067675029256319226,0.00654716038043477,-0.033654673536883895,0.3622222222222222,-0.13777777777777778,0.4066666666666667
16,240,F4_TAIL,gbr_quantile,0.9,2,1900,450,16,0.0027490882195649476,0.0027075189190044124,-0.015353281658996076,0.9333333333333333,0.033333333333333326,0.9622222222222222
16,240,F4_TAIL,gbr_quantile,0.1,3,2350,450,16,0.002797083203569985,0.0030335829952200196,0.07796054765031457,0.015555555555555555,-0.08444444444444445,0.0
16,240,F4_TAIL,gbr_quantile,0.5,3,2350,450,16,0.006712588434452162,0.00637349696443578,-0.053203362598039705,0.3977777777777778,-0.10222222222222221,0.4022222222222222
16,240,F4_TAIL,gbr_quantile,0.9,3,2350,450,16,0.002944473403683208,0.002645282711530782,-0.11310348449647911,0.8755555555555555,-0.02444444444444449,0.9244444444444444
16,240,F4_TAIL,gbr_quantile,0.1,4,2800,450,16,0.003519351377793958,0.0034456836854512554,-0.021379702569260806,0.09111111111111111,-0.00888888888888889,0.06888888888888889
16,240,F4_TAIL,gbr_quantile,0.5,4,2800,450,16,0.006734322912379748,0.0066646883041845285,-0.010448291805559506,0.38222222222222224,-0.11777777777777776,0.39111111111111113
16,240,F4_TAIL,gbr_quantile,0.9,4,2800,450,16,0.0027264923134911237,0.0026858998883146547,-0.015113156433369523,0.9177777777777778,0.01777777777777778,0.9377777777777778
